dtmnfr;nuts1_dsg;nuts1_cod;nuts2_dsg;nuts2_cod;nuts3_dsg;nuts3_cod;distrito_ilha_dsg;município_dsg;freguesia_dsg;area_ha;area_km2
"010103";Continente;"1";Centro;"19";Região de Aveiro;"191";Aveiro;Águeda;Aguada de Cima;2839.31;28.39
"010109";Continente;"1";Centro;"19";Região de Aveiro;"191";Aveiro;Águeda;Fermentelos;858.2;8.58
"010112";Continente;"1";Centro;"19";Região de Aveiro;"191";Aveiro;Águeda;Macinhata do Vouga;3195.44;31.95
"010119";Continente;"1";Centro;"19";Região de Aveiro;"191";Aveiro;Águeda;Valongo do Vouga;4340.48;43.4
"010124";Continente;"1";Centro;"19";Região de Aveiro;"191";Aveiro;Águeda;União das freguesias de Recardães e Espinhel;1991.78;19.92
"010125";Continente;"1";Centro;"19";Região de Aveiro;"191";Aveiro;Águeda;União das freguesias de Travassô e Óis da Ribeira;1112.19;11.12
"010126";Continente;"1";Centro;"19";Região de Aveiro;"191";Aveiro;Águeda;"União das freguesias de Trofa, Segadães e Lamas do Vouga";1586.43;15.86
"010127";Continente;"1";Centro;"19";Região de Aveiro;"191";Aveiro;Águeda;União das freguesias do Préstimo e Macieira de Alcoba;4172.64;41.73
"010128";Continente;"1";Centro;"19";Região de Aveiro;"191";Aveiro;Águeda;Agadão;3939.87;39.4
"010129";Continente;"1";Centro;"19";Região de Aveiro;"191";Aveiro;Águeda;Aguada de Baixo;367.33;3.67
"010130";Continente;"1";Centro;"19";Região de Aveiro;"191";Aveiro;Águeda;Águeda;2732.63;27.33
"010131";Continente;"1";Centro;"19";Região de Aveiro;"191";Aveiro;Águeda;Barrô;651.68;6.52
"010132";Continente;"1";Centro;"19";Região de Aveiro;"191";Aveiro;Águeda;Belazaima do Chão;1897.67;18.98
"010133";Continente;"1";Centro;"19";Região de Aveiro;"191";Aveiro;Águeda;Borralha;870.3;8.7
"010134";Continente;"1";Centro;"19";Região de Aveiro;"191";Aveiro;Águeda;Castanheira do Vouga;2971.49;29.71
"010202";Continente;"1";Centro;"19";Região de Aveiro;"191";Aveiro;Albergaria-a-Velha;Alquerubim;1535.86;15.36
"010203";Continente;"1";Centro;"19";Região de Aveiro;"191";Aveiro;Albergaria-a-Velha;Angeja;2125.17;21.25
"010204";Continente;"1";Centro;"19";Região de Aveiro;"191";Aveiro;Albergaria-a-Velha;Branca;3028.86;30.29
"010206";Continente;"1";Centro;"19";Região de Aveiro;"191";Aveiro;Albergaria-a-Velha;Ribeira de Fráguas;2674.54;26.75
"010209";Continente;"1";Centro;"19";Região de Aveiro;"191";Aveiro;Albergaria-a-Velha;Albergaria-a-Velha e Valmaior;4699.64;47
"010210";Continente;"1";Centro;"19";Região de Aveiro;"191";Aveiro;Albergaria-a-Velha;São João de Loure e Frossos;1818.42;18.18
"010304";Continente;"1";Centro;"19";Região de Aveiro;"191";Aveiro;Anadia;Avelãs de Caminho;644.87;6.45
"010305";Continente;"1";Centro;"19";Região de Aveiro;"191";Aveiro;Anadia;Avelãs de Cima;4057.8;40.58
"010307";Continente;"1";Centro;"19";Região de Aveiro;"191";Aveiro;Anadia;Moita;3417.61;34.18
"010309";Continente;"1";Centro;"19";Região de Aveiro;"191";Aveiro;Anadia;Sangalhos;1690.42;16.9
"010310";Continente;"1";Centro;"19";Região de Aveiro;"191";Aveiro;Anadia;São Lourenço do Bairro;1538.31;15.38
"010312";Continente;"1";Centro;"19";Região de Aveiro;"191";Aveiro;Anadia;Vila Nova de Monsarros;2372.04;23.72
"010313";Continente;"1";Centro;"19";Região de Aveiro;"191";Aveiro;Anadia;Vilarinho do Bairro;2556.33;25.56
"010316";Continente;"1";Centro;"19";Região de Aveiro;"191";Aveiro;Anadia;"União das freguesias de Amoreira da Gândara, Paredes do Bairro e Ancas";2206.42;22.06
"010317";Continente;"1";Centro;"19";Região de Aveiro;"191";Aveiro;Anadia;União das freguesias de Arcos e Mogofores;1439.3;14.39
"010318";Continente;"1";Centro;"19";Região de Aveiro;"191";Aveiro;Anadia;"União das freguesias de Tamengos, Aguim e Óis do Bairro";1740.39;17.4
"010402";Continente;"1";Norte;"11";Área Metropolitana do Porto;11A;Aveiro;Arouca;Alvarenga;3876.6;38.77
"010407";Continente;"1";Norte;"11";Área Metropolitana do Porto;11A;Aveiro;Arouca;Chave;1090.53;10.91
"010409";Continente;"1";Norte;"11";Área Metropolitana do Porto;11A;Aveiro;Arouca;Escariz;1798.46;17.98
"010411";Continente;"1";Norte;"11";Área Metropolitana do Porto;11A;Aveiro;Arouca;Fermedo;1110.53;11.11
"010413";Continente;"1";Norte;"11";Área Metropolitana do Porto;11A;Aveiro;Arouca;Mansores;1407.54;14.08
"010414";Continente;"1";Norte;"11";Área Metropolitana do Porto;11A;Aveiro;Arouca;Moldes;2800.51;28.01
"010415";Continente;"1";Norte;"11";Área Metropolitana do Porto;11A;Aveiro;Arouca;Rossas;1111.18;11.11
"010416";Continente;"1";Norte;"11";Área Metropolitana do Porto;11A;Aveiro;Arouca;Santa Eulália;2304.76;23.05
"010417";Continente;"1";Norte;"11";Área Metropolitana do Porto;11A;Aveiro;Arouca;São Miguel do Mato;1710.47;17.1
"010418";Continente;"1";Norte;"11";Área Metropolitana do Porto;11A;Aveiro;Arouca;Tropeço;1783.87;17.84
"010419";Continente;"1";Norte;"11";Área Metropolitana do Porto;11A;Aveiro;Arouca;Urrô;1078.75;10.79
"010420";Continente;"1";Norte;"11";Área Metropolitana do Porto;11A;Aveiro;Arouca;Várzea;179.1;1.79
"010421";Continente;"1";Norte;"11";Área Metropolitana do Porto;11A;Aveiro;Arouca;União das freguesias de Arouca e Burgo;1524.41;15.24
"010422";Continente;"1";Norte;"11";Área Metropolitana do Porto;11A;Aveiro;Arouca;União das freguesias de Cabreiros e Albergaria da Serra;3123.16;31.23
"010423";Continente;"1";Norte;"11";Área Metropolitana do Porto;11A;Aveiro;Arouca;União das freguesias de Canelas e Espiunca;3572.94;35.73
"010424";Continente;"1";Norte;"11";Área Metropolitana do Porto;11A;Aveiro;Arouca;União das freguesias de Covelo de Paivó e Janarde;4437.7;44.38
"010501";Continente;"1";Centro;"19";Região de Aveiro;"191";Aveiro;Aveiro;Aradas;871.74;8.72
"010502";Continente;"1";Centro;"19";Região de Aveiro;"191";Aveiro;Aveiro;Cacia;3575.49;35.75
"010505";Continente;"1";Centro;"19";Região de Aveiro;"191";Aveiro;Aveiro;Esgueira;1711.41;17.11
"010508";Continente;"1";Centro;"19";Região de Aveiro;"191";Aveiro;Aveiro;Oliveirinha;1202.52;12.03
"010510";Continente;"1";Centro;"19";Região de Aveiro;"191";Aveiro;Aveiro;São Bernardo;393.71;3.94
"010511";Continente;"1";Centro;"19";Região de Aveiro;"191";Aveiro;Aveiro;São Jacinto;1383.71;13.84
"010513";Continente;"1";Centro;"19";Região de Aveiro;"191";Aveiro;Aveiro;Santa Joana;590.42;5.9
"010515";Continente;"1";Centro;"19";Região de Aveiro;"191";Aveiro;Aveiro;Eixo e Eirol;2244.64;22.45
"010516";Continente;"1";Centro;"19";Região de Aveiro;"191";Aveiro;Aveiro;"Requeixo, Nossa Senhora de Fátima e Nariz";3236.34;32.36
"010517";Continente;"1";Centro;"19";Região de Aveiro;"191";Aveiro;Aveiro;União das freguesias de Glória e Vera Cruz;4547.6;45.48
"010602";Continente;"1";Norte;"11";Tâmega e Sousa;11C;Aveiro;Castelo de Paiva;Fornos;421.18;4.21
"010606";Continente;"1";Norte;"11";Tâmega e Sousa;11C;Aveiro;Castelo de Paiva;Real;3224.82;32.25
"010607";Continente;"1";Norte;"11";Tâmega e Sousa;11C;Aveiro;Castelo de Paiva;Santa Maria de Sardoura;979.5;9.8
"010608";Continente;"1";Norte;"11";Tâmega e Sousa;11C;Aveiro;Castelo de Paiva;São Martinho de Sardoura;436.66;4.37
"010612";Continente;"1";Norte;"11";Tâmega e Sousa;11C;Aveiro;Castelo de Paiva;Bairros;873.8;8.74
"010613";Continente;"1";Norte;"11";Tâmega e Sousa;11C;Aveiro;Castelo de Paiva;Paraíso;2289.41;22.89
"010614";Continente;"1";Norte;"11";Tâmega e Sousa;11C;Aveiro;Castelo de Paiva;Pedorido;1210.1;12.1
"010615";Continente;"1";Norte;"11";Tâmega e Sousa;11C;Aveiro;Castelo de Paiva;Raiva;1536.91;15.37
"010616";Continente;"1";Norte;"11";Tâmega e Sousa;11C;Aveiro;Castelo de Paiva;Sobrado;528.14;5.28
"010702";Continente;"1";Norte;"11";Área Metropolitana do Porto;11A;Aveiro;Espinho;Espinho;176.62;1.77
"010704";Continente;"1";Norte;"11";Área Metropolitana do Porto;11A;Aveiro;Espinho;Paramos;587.17;5.87
"010705";Continente;"1";Norte;"11";Área Metropolitana do Porto;11A;Aveiro;Espinho;Silvalde;545.48;5.45
"010707";Continente;"1";Norte;"11";Área Metropolitana do Porto;11A;Aveiro;Espinho;Anta;601.82;6.02
"010708";Continente;"1";Norte;"11";Área Metropolitana do Porto;11A;Aveiro;Espinho;Guetim;194.58;1.95
"010801";Continente;"1";Centro;"19";Região de Aveiro;"191";Aveiro;Estarreja;Avanca;2106.73;21.07
"010805";Continente;"1";Centro;"19";Região de Aveiro;"191";Aveiro;Estarreja;Pardilhó;1570.25;15.7
"010806";Continente;"1";Centro;"19";Região de Aveiro;"191";Aveiro;Estarreja;Salreu;1653.91;16.54
"010809";Continente;"1";Centro;"19";Região de Aveiro;"191";Aveiro;Estarreja;União das freguesias de Canelas e Fermelã;2302.19;23.02
"010810";Continente;"1";Centro;"19";Região de Aveiro;"191";Aveiro;Estarreja;Beduído;2055.67;20.56
"010811";Continente;"1";Centro;"19";Região de Aveiro;"191";Aveiro;Estarreja;Veiros;1128.59;11.29
"010901";Continente;"1";Norte;"11";Área Metropolitana do Porto;11A;Aveiro;Santa Maria da Feira;Argoncilhe;821.34;8.21
"010902";Continente;"1";Norte;"11";Área Metropolitana do Porto;11A;Aveiro;Santa Maria da Feira;Arrifana;529.47;5.29
"010904";Continente;"1";Norte;"11";Área Metropolitana do Porto;11A;Aveiro;Santa Maria da Feira;Escapães;430.33;4.3
"010907";Continente;"1";Norte;"11";Área Metropolitana do Porto;11A;Aveiro;Santa Maria da Feira;Fiães;637.82;6.38
"010908";Continente;"1";Norte;"11";Área Metropolitana do Porto;11A;Aveiro;Santa Maria da Feira;Fornos;313.64;3.14
"010913";Continente;"1";Norte;"11";Área Metropolitana do Porto;11A;Aveiro;Santa Maria da Feira;Lourosa;577.4;5.77
"010914";Continente;"1";Norte;"11";Área Metropolitana do Porto;11A;Aveiro;Santa Maria da Feira;Milheirós de Poiares;786.51;7.87
"010916";Continente;"1";Norte;"11";Área Metropolitana do Porto;11A;Aveiro;Santa Maria da Feira;Mozelos;580.94;5.81
"010917";Continente;"1";Norte;"11";Área Metropolitana do Porto;11A;Aveiro;Santa Maria da Feira;Nogueira da Regedoura;509.91;5.1
"010918";Continente;"1";Norte;"11";Área Metropolitana do Porto;11A;Aveiro;Santa Maria da Feira;São Paio de Oleiros;390.53;3.91
"010919";Continente;"1";Norte;"11";Área Metropolitana do Porto;11A;Aveiro;Santa Maria da Feira;Paços de Brandão;355.62;3.56
"010921";Continente;"1";Norte;"11";Área Metropolitana do Porto;11A;Aveiro;Santa Maria da Feira;Rio Meão;668.33;6.68
"010922";Continente;"1";Norte;"11";Área Metropolitana do Porto;11A;Aveiro;Santa Maria da Feira;Romariz;1107.99;11.08
"010924";Continente;"1";Norte;"11";Área Metropolitana do Porto;11A;Aveiro;Santa Maria da Feira;Sanguedo;456.56;4.57
"010925";Continente;"1";Norte;"11";Área Metropolitana do Porto;11A;Aveiro;Santa Maria da Feira;Santa Maria de Lamas;375.45;3.75
"010926";Continente;"1";Norte;"11";Área Metropolitana do Porto;11A;Aveiro;Santa Maria da Feira;São João de Ver;1537.45;15.37
"010935";Continente;"1";Norte;"11";Área Metropolitana do Porto;11A;Aveiro;Santa Maria da Feira;"União das freguesias de Santa Maria da Feira, Travanca, Sanfins e Espargo";2336.28;23.36
"010937";Continente;"1";Norte;"11";Área Metropolitana do Porto;11A;Aveiro;Santa Maria da Feira;Caldas de São Jorge;557.06;5.57
"010938";Continente;"1";Norte;"11";Área Metropolitana do Porto;11A;Aveiro;Santa Maria da Feira;Canedo;2936.67;29.37
"010939";Continente;"1";Norte;"11";Área Metropolitana do Porto;11A;Aveiro;Santa Maria da Feira;Gião;349.78;3.5
"010940";Continente;"1";Norte;"11";Área Metropolitana do Porto;11A;Aveiro;Santa Maria da Feira;Guisande;439.61;4.4
"010941";Continente;"1";Norte;"11";Área Metropolitana do Porto;11A;Aveiro;Santa Maria da Feira;Lobão;762.94;7.63
"010942";Continente;"1";Norte;"11";Área Metropolitana do Porto;11A;Aveiro;Santa Maria da Feira;Louredo;805.88;8.06
"010943";Continente;"1";Norte;"11";Área Metropolitana do Porto;11A;Aveiro;Santa Maria da Feira;Mosteirô;346.52;3.47
"010944";Continente;"1";Norte;"11";Área Metropolitana do Porto;11A;Aveiro;Santa Maria da Feira;Pigeiros;506.94;5.07
"010945";Continente;"1";Norte;"11";Área Metropolitana do Porto;11A;Aveiro;Santa Maria da Feira;São Miguel de Souto;1033.74;10.34
"010946";Continente;"1";Norte;"11";Área Metropolitana do Porto;11A;Aveiro;Santa Maria da Feira;Vale;932.52;9.33
"010947";Continente;"1";Norte;"11";Área Metropolitana do Porto;11A;Aveiro;Santa Maria da Feira;Vila Maior;500.41;5
"011005";Continente;"1";Centro;"19";Região de Aveiro;"191";Aveiro;Ílhavo;Gafanha da Encarnação;1098.28;10.98
"011006";Continente;"1";Centro;"19";Região de Aveiro;"191";Aveiro;Ílhavo;Gafanha da Nazaré;1643.59;16.44
"011007";Continente;"1";Centro;"19";Região de Aveiro;"191";Aveiro;Ílhavo;Gafanha do Carmo;705.49;7.05
"011008";Continente;"1";Centro;"19";Região de Aveiro;"191";Aveiro;Ílhavo;Ílhavo (São Salvador);3900.2;39
"011102";Continente;"1";Centro;"19";Região de Coimbra;"192";Aveiro;Mealhada;Barcouço;2130.89;21.31
"011103";Continente;"1";Centro;"19";Região de Coimbra;"192";Aveiro;Mealhada;Casal Comba;1880.42;18.8
"011104";Continente;"1";Centro;"19";Região de Coimbra;"192";Aveiro;Mealhada;Luso;1686.94;16.87
"011106";Continente;"1";Centro;"19";Região de Coimbra;"192";Aveiro;Mealhada;Pampilhosa;1360.34;13.6
"011107";Continente;"1";Centro;"19";Região de Coimbra;"192";Aveiro;Mealhada;Vacariça;1866.67;18.67
"011110";Continente;"1";Centro;"19";Região de Coimbra;"192";Aveiro;Mealhada;Antes;432.49;4.32
"011111";Continente;"1";Centro;"19";Região de Coimbra;"192";Aveiro;Mealhada;Mealhada;998.85;9.99
"011112";Continente;"1";Centro;"19";Região de Coimbra;"192";Aveiro;Mealhada;Ventosa do Bairro;709.07;7.09
"011201";Continente;"1";Centro;"19";Região de Aveiro;"191";Aveiro;Murtosa;Bunheiro;2479.24;24.79
"011202";Continente;"1";Centro;"19";Região de Aveiro;"191";Aveiro;Murtosa;Monte;228.57;2.29
"011203";Continente;"1";Centro;"19";Região de Aveiro;"191";Aveiro;Murtosa;Murtosa;1454.93;14.55
"011204";Continente;"1";Centro;"19";Região de Aveiro;"191";Aveiro;Murtosa;Torreira;3146.04;31.46
"011301";Continente;"1";Norte;"11";Área Metropolitana do Porto;11A;Aveiro;Oliveira de Azeméis;Carregosa;1181.73;11.82
"011302";Continente;"1";Norte;"11";Área Metropolitana do Porto;11A;Aveiro;Oliveira de Azeméis;Cesar;542.77;5.43
"011303";Continente;"1";Norte;"11";Área Metropolitana do Porto;11A;Aveiro;Oliveira de Azeméis;Fajões;812.22;8.12
"011304";Continente;"1";Norte;"11";Área Metropolitana do Porto;11A;Aveiro;Oliveira de Azeméis;Loureiro;1713.35;17.13
"011305";Continente;"1";Norte;"11";Área Metropolitana do Porto;11A;Aveiro;Oliveira de Azeméis;Macieira de Sarnes;386.89;3.87
"011310";Continente;"1";Norte;"11";Área Metropolitana do Porto;11A;Aveiro;Oliveira de Azeméis;Ossela;1788.6;17.89
"011315";Continente;"1";Norte;"11";Área Metropolitana do Porto;11A;Aveiro;Oliveira de Azeméis;São Martinho da Gândara;813.13;8.13
"011318";Continente;"1";Norte;"11";Área Metropolitana do Porto;11A;Aveiro;Oliveira de Azeméis;São Roque;705.29;7.05
"011319";Continente;"1";Norte;"11";Área Metropolitana do Porto;11A;Aveiro;Oliveira de Azeméis;Vila de Cucujães;1042.11;10.42
"011321";Continente;"1";Norte;"11";Área Metropolitana do Porto;11A;Aveiro;Oliveira de Azeméis;"União das freguesias de Oliveira de Azeméis, Santiago de Riba-Ul, Ul, Macinhata da Seixa e Madail";2594.45;25.94
"011322";Continente;"1";Norte;"11";Área Metropolitana do Porto;11A;Aveiro;Oliveira de Azeméis;"União das freguesias de Pinheiro da Bemposta, Travanca e Palmaz";3275.64;32.76
"011323";Continente;"1";Norte;"11";Área Metropolitana do Porto;11A;Aveiro;Oliveira de Azeméis;Nogueira do Cravo;490.09;4.9
"011324";Continente;"1";Norte;"11";Área Metropolitana do Porto;11A;Aveiro;Oliveira de Azeméis;Pindelo;764.13;7.64
"011403";Continente;"1";Centro;"19";Região de Aveiro;"191";Aveiro;Oliveira do Bairro;Oiã;2632.24;26.32
"011404";Continente;"1";Centro;"19";Região de Aveiro;"191";Aveiro;Oliveira do Bairro;Oliveira do Bairro;2255.33;22.55
"011405";Continente;"1";Centro;"19";Região de Aveiro;"191";Aveiro;Oliveira do Bairro;Palhaça;1002.56;10.03
"011407";Continente;"1";Centro;"19";Região de Aveiro;"191";Aveiro;Oliveira do Bairro;"União das freguesias de Bustos, Troviscal e Mamarrosa";2841.86;28.42
"011502";Continente;"1";Centro;"19";Região de Aveiro;"191";Aveiro;Ovar;Cortegaça;922.86;9.23
"011503";Continente;"1";Centro;"19";Região de Aveiro;"191";Aveiro;Ovar;Esmoriz;916.73;9.17
"011504";Continente;"1";Centro;"19";Região de Aveiro;"191";Aveiro;Ovar;Maceda;1607.96;16.08
"011507";Continente;"1";Centro;"19";Região de Aveiro;"191";Aveiro;Ovar;Válega;2683.03;26.83
"011510";Continente;"1";Centro;"19";Região de Aveiro;"191";Aveiro;Ovar;Arada;1499.29;14.99
"011511";Continente;"1";Centro;"19";Região de Aveiro;"191";Aveiro;Ovar;Ovar;4807.65;48.08
"011512";Continente;"1";Centro;"19";Região de Aveiro;"191";Aveiro;Ovar;São João;1473.25;14.73
"011513";Continente;"1";Centro;"19";Região de Aveiro;"191";Aveiro;Ovar;São Vicente de Pereira Jusã;859.48;8.59
"011601";Continente;"1";Norte;"11";Área Metropolitana do Porto;11A;Aveiro;São João da Madeira;São João da Madeira;794.3;7.94
"011702";Continente;"1";Centro;"19";Região de Aveiro;"191";Aveiro;Sever do Vouga;Couto de Esteves;1642.39;16.42
"011704";Continente;"1";Centro;"19";Região de Aveiro;"191";Aveiro;Sever do Vouga;Pessegueiro do Vouga;1585.48;15.85
"011705";Continente;"1";Centro;"19";Região de Aveiro;"191";Aveiro;Sever do Vouga;Rocas do Vouga;1481.82;14.82
"011706";Continente;"1";Centro;"19";Região de Aveiro;"191";Aveiro;Sever do Vouga;Sever do Vouga;1158.09;11.58
"011708";Continente;"1";Centro;"19";Região de Aveiro;"191";Aveiro;Sever do Vouga;Talhadas;2864.13;28.64
"011712";Continente;"1";Centro;"19";Região de Aveiro;"191";Aveiro;Sever do Vouga;Cedrim;935.71;9.36
"011713";Continente;"1";Centro;"19";Região de Aveiro;"191";Aveiro;Sever do Vouga;Dornelas;904.2;9.04
"011714";Continente;"1";Centro;"19";Região de Aveiro;"191";Aveiro;Sever do Vouga;Paradela;901.29;9.01
"011715";Continente;"1";Centro;"19";Região de Aveiro;"191";Aveiro;Sever do Vouga;Silva Escura;1514.45;15.14
"011801";Continente;"1";Centro;"19";Região de Aveiro;"191";Aveiro;Vagos;Calvão;1484.41;14.84
"011804";Continente;"1";Centro;"19";Região de Aveiro;"191";Aveiro;Vagos;Gafanha da Boa Hora;3721.55;37.22
"011805";Continente;"1";Centro;"19";Região de Aveiro;"191";Aveiro;Vagos;Ouca;1627.19;16.27
"011807";Continente;"1";Centro;"19";Região de Aveiro;"191";Aveiro;Vagos;Sosa;2169.33;21.69
"011810";Continente;"1";Centro;"19";Região de Aveiro;"191";Aveiro;Vagos;Santo André de Vagos;1269.46;12.69
"011815";Continente;"1";Centro;"19";Região de Aveiro;"191";Aveiro;Vagos;Covão do Lobo;711.41;7.11
"011816";Continente;"1";Centro;"19";Região de Aveiro;"191";Aveiro;Vagos;Fonte de Angeão;1043.84;10.44
"011817";Continente;"1";Centro;"19";Região de Aveiro;"191";Aveiro;Vagos;Ponte de Vagos;637.85;6.38
"011818";Continente;"1";Centro;"19";Região de Aveiro;"191";Aveiro;Vagos;Santa Catarina;694.29;6.94
"011819";Continente;"1";Centro;"19";Região de Aveiro;"191";Aveiro;Vagos;Santo António;980.82;9.81
"011820";Continente;"1";Centro;"19";Região de Aveiro;"191";Aveiro;Vagos;Vagos;2151.38;21.51
"011901";Continente;"1";Norte;"11";Área Metropolitana do Porto;11A;Aveiro;Vale de Cambra;Arões;4033.47;40.33
"011902";Continente;"1";Norte;"11";Área Metropolitana do Porto;11A;Aveiro;Vale de Cambra;São Pedro de Castelões;2109.91;21.1
"011903";Continente;"1";Norte;"11";Área Metropolitana do Porto;11A;Aveiro;Vale de Cambra;Cepelos;1892.83;18.93
"011905";Continente;"1";Norte;"11";Área Metropolitana do Porto;11A;Aveiro;Vale de Cambra;Junqueira;1803.83;18.04
"011906";Continente;"1";Norte;"11";Área Metropolitana do Porto;11A;Aveiro;Vale de Cambra;Macieira de Cambra;1805.3;18.05
"011907";Continente;"1";Norte;"11";Área Metropolitana do Porto;11A;Aveiro;Vale de Cambra;Roge;1759.58;17.6
"011910";Continente;"1";Norte;"11";Área Metropolitana do Porto;11A;Aveiro;Vale de Cambra;"União das freguesias de Vila Chã, Codal e Vila Cova de Perrinho";1328.55;13.29
"020102";Continente;"1";Alentejo;1C;Baixo Alentejo;1C2;Beja;Aljustrel;Ervidel;3885.08;38.85
"020103";Continente;"1";Alentejo;1C;Baixo Alentejo;1C2;Beja;Aljustrel;Messejana;11376.56;113.77
"020104";Continente;"1";Alentejo;1C;Baixo Alentejo;1C2;Beja;Aljustrel;São João de Negrilhos;7701.84;77.02
"020107";Continente;"1";Alentejo;1C;Baixo Alentejo;1C2;Beja;Aljustrel;Aljustrel;19140.46;191.4
"020108";Continente;"1";Alentejo;1C;Baixo Alentejo;1C2;Beja;Aljustrel;Rio de Moinhos;3743.47;37.43
"020203";Continente;"1";Alentejo;1C;Baixo Alentejo;1C2;Beja;Almodôvar;Rosário;6068.88;60.69
"020205";Continente;"1";Alentejo;1C;Baixo Alentejo;1C2;Beja;Almodôvar;Santa Cruz;12338.05;123.38
"020206";Continente;"1";Alentejo;1C;Baixo Alentejo;1C2;Beja;Almodôvar;São Barnabé;14167.35;141.67
"020208";Continente;"1";Alentejo;1C;Baixo Alentejo;1C2;Beja;Almodôvar;Aldeia dos Fernandes;2125.8;21.26
"020211";Continente;"1";Alentejo;1C;Baixo Alentejo;1C2;Beja;Almodôvar;Almodôvar;22206.69;222.07
"020212";Continente;"1";Alentejo;1C;Baixo Alentejo;1C2;Beja;Almodôvar;Gomes Aires;6548.06;65.48
"020213";Continente;"1";Alentejo;1C;Baixo Alentejo;1C2;Beja;Almodôvar;Santa Clara-a-Nova;10833.31;108.33
"020214";Continente;"1";Alentejo;1C;Baixo Alentejo;1C2;Beja;Almodôvar;Senhora da Graça dos Padrões;3499.89;35
"020301";Continente;"1";Alentejo;1C;Baixo Alentejo;1C2;Beja;Alvito;Alvito;13652.34;136.52
"020302";Continente;"1";Alentejo;1C;Baixo Alentejo;1C2;Beja;Alvito;Vila Nova da Baronia;12832.98;128.33
"020401";Continente;"1";Alentejo;1C;Baixo Alentejo;1C2;Beja;Barrancos;Barrancos;16841.73;168.42
"020502";Continente;"1";Alentejo;1C;Baixo Alentejo;1C2;Beja;Beja;Baleizão;13974.29;139.74
"020503";Continente;"1";Alentejo;1C;Baixo Alentejo;1C2;Beja;Beja;Beringel;1604.96;16.05
"020504";Continente;"1";Alentejo;1C;Baixo Alentejo;1C2;Beja;Beja;Cabeça Gorda;7815.68;78.16
"020506";Continente;"1";Alentejo;1C;Baixo Alentejo;1C2;Beja;Beja;Nossa Senhora das Neves;5314.38;53.14
"020510";Continente;"1";Alentejo;1C;Baixo Alentejo;1C2;Beja;Beja;Santa Clara de Louredo;7188.48;71.88
"020516";Continente;"1";Alentejo;1C;Baixo Alentejo;1C2;Beja;Beja;São Matias;7022.77;70.23
"020519";Continente;"1";Alentejo;1C;Baixo Alentejo;1C2;Beja;Beja;União das freguesias de Albernoa e Trindade;20938.5;209.39
"020520";Continente;"1";Alentejo;1C;Baixo Alentejo;1C2;Beja;Beja;União das freguesias de Beja (Salvador e Santa Maria da Feira);2250.91;22.51
"020521";Continente;"1";Alentejo;1C;Baixo Alentejo;1C2;Beja;Beja;União das freguesias de Beja (Santiago Maior e São João Baptista);5126.55;51.27
"020522";Continente;"1";Alentejo;1C;Baixo Alentejo;1C2;Beja;Beja;União das freguesias de Salvada e Quintos;19971.94;199.72
"020523";Continente;"1";Alentejo;1C;Baixo Alentejo;1C2;Beja;Beja;União das freguesias de Santa Vitória e Mombeja;16613.15;166.13
"020524";Continente;"1";Alentejo;1C;Baixo Alentejo;1C2;Beja;Beja;União das freguesias de Trigaches e São Brissos;6825.93;68.26
"020603";Continente;"1";Alentejo;1C;Baixo Alentejo;1C2;Beja;Castro Verde;Entradas;7622.9;76.23
"020604";Continente;"1";Alentejo;1C;Baixo Alentejo;1C2;Beja;Castro Verde;Santa Bárbara de Padrões;6631.47;66.31
"020605";Continente;"1";Alentejo;1C;Baixo Alentejo;1C2;Beja;Castro Verde;São Marcos da Ataboeira;10413.07;104.13
"020606";Continente;"1";Alentejo;1C;Baixo Alentejo;1C2;Beja;Castro Verde;União das freguesias de Castro Verde e Casével;32276.78;322.77
"020701";Continente;"1";Alentejo;1C;Baixo Alentejo;1C2;Beja;Cuba;Cuba;7009.21;70.09
"020702";Continente;"1";Alentejo;1C;Baixo Alentejo;1C2;Beja;Cuba;Faro do Alentejo;4467.51;44.68
"020703";Continente;"1";Alentejo;1C;Baixo Alentejo;1C2;Beja;Cuba;Vila Alva;3719.77;37.2
"020704";Continente;"1";Alentejo;1C;Baixo Alentejo;1C2;Beja;Cuba;Vila Ruiva;2012.23;20.12
"020803";Continente;"1";Alentejo;1C;Baixo Alentejo;1C2;Beja;Ferreira do Alentejo;Figueira dos Cavaleiros;15420.19;154.2
"020804";Continente;"1";Alentejo;1C;Baixo Alentejo;1C2;Beja;Ferreira do Alentejo;Odivelas;11005.13;110.05
"020809";Continente;"1";Alentejo;1C;Baixo Alentejo;1C2;Beja;Ferreira do Alentejo;Alfundão;5196.06;51.96
"020810";Continente;"1";Alentejo;1C;Baixo Alentejo;1C2;Beja;Ferreira do Alentejo;Canhestros;7192.26;71.92
"020811";Continente;"1";Alentejo;1C;Baixo Alentejo;1C2;Beja;Ferreira do Alentejo;Ferreira do Alentejo;22369.9;223.7
"020812";Continente;"1";Alentejo;1C;Baixo Alentejo;1C2;Beja;Ferreira do Alentejo;Peroguarda;3637.14;36.37
"020901";Continente;"1";Alentejo;1C;Baixo Alentejo;1C2;Beja;Mértola;Alcaria Ruiva;21666.87;216.67
"020902";Continente;"1";Alentejo;1C;Baixo Alentejo;1C2;Beja;Mértola;Corte do Pinto;7145.95;71.46
"020903";Continente;"1";Alentejo;1C;Baixo Alentejo;1C2;Beja;Mértola;Espírito Santo;13592.15;135.92
"020904";Continente;"1";Alentejo;1C;Baixo Alentejo;1C2;Beja;Mértola;Mértola;32277.03;322.77
"020905";Continente;"1";Alentejo;1C;Baixo Alentejo;1C2;Beja;Mértola;Santana de Cambas;16672.11;166.72
"020906";Continente;"1";Alentejo;1C;Baixo Alentejo;1C2;Beja;Mértola;São João dos Caldeireiros;10395.45;103.95
"020910";Continente;"1";Alentejo;1C;Baixo Alentejo;1C2;Beja;Mértola;"União das freguesias de São Miguel do Pinheiro, São Pedro de Solis e São Sebastião dos Carros";27537.77;275.38
"021001";Continente;"1";Alentejo;1C;Baixo Alentejo;1C2;Beja;Moura;Amareleja;10855.72;108.56
"021002";Continente;"1";Alentejo;1C;Baixo Alentejo;1C2;Beja;Moura;Póvoa de São Miguel;18707.93;187.08
"021008";Continente;"1";Alentejo;1C;Baixo Alentejo;1C2;Beja;Moura;Sobral da Adiça;13819.58;138.2
"021009";Continente;"1";Alentejo;1C;Baixo Alentejo;1C2;Beja;Moura;União das freguesias de Moura (Santo Agostinho e São João Baptista) e Santo Amador;28741.83;287.42
"021011";Continente;"1";Alentejo;1C;Baixo Alentejo;1C2;Beja;Moura;Safara;5770.57;57.71
"021012";Continente;"1";Alentejo;1C;Baixo Alentejo;1C2;Beja;Moura;Santo Aleixo da Restauração;17949.91;179.5
"021102";Continente;"1";Alentejo;1C;Alentejo Litoral;1C1;Beja;Odemira;Relíquias;12008.27;120.08
"021103";Continente;"1";Alentejo;1C;Alentejo Litoral;1C1;Beja;Odemira;Sabóia;15542.41;155.42
"021106";Continente;"1";Alentejo;1C;Alentejo Litoral;1C1;Beja;Odemira;São Luís;14664.69;146.65
"021107";Continente;"1";Alentejo;1C;Alentejo Litoral;1C1;Beja;Odemira;São Martinho das Amoreiras;14417.16;144.17
"021111";Continente;"1";Alentejo;1C;Alentejo Litoral;1C1;Beja;Odemira;Vila Nova de Milfontes;7648.1;76.48
"021115";Continente;"1";Alentejo;1C;Alentejo Litoral;1C1;Beja;Odemira;Luzianes-Gare;9435.6;94.36
"021116";Continente;"1";Alentejo;1C;Alentejo Litoral;1C1;Beja;Odemira;Boavista dos Pinheiros;3784.53;37.85
"021117";Continente;"1";Alentejo;1C;Alentejo Litoral;1C1;Beja;Odemira;Longueira/Almograve;9169.06;91.69
"021119";Continente;"1";Alentejo;1C;Alentejo Litoral;1C1;Beja;Odemira;Santa Clara-a-Velha;16367.35;163.67
"021120";Continente;"1";Alentejo;1C;Alentejo Litoral;1C1;Beja;Odemira;São Salvador e Santa Maria;12099.74;121
"021121";Continente;"1";Alentejo;1C;Alentejo Litoral;1C1;Beja;Odemira;São Teotónio;34725.46;347.25
"021123";Continente;"1";Alentejo;1C;Alentejo Litoral;1C1;Beja;Odemira;Bicos;5260.72;52.61
"021124";Continente;"1";Alentejo;1C;Alentejo Litoral;1C1;Beja;Odemira;Colos;10348.11;103.48
"021125";Continente;"1";Alentejo;1C;Alentejo Litoral;1C1;Beja;Odemira;Vale de Santiago;6588.96;65.89
"021203";Continente;"1";Alentejo;1C;Baixo Alentejo;1C2;Beja;Ourique;Ourique;24969.54;249.7
"021206";Continente;"1";Alentejo;1C;Baixo Alentejo;1C2;Beja;Ourique;Santana da Serra;19094.23;190.94
"021208";Continente;"1";Alentejo;1C;Baixo Alentejo;1C2;Beja;Ourique;União das freguesias de Panoias e Conceição;14352.98;143.53
"021209";Continente;"1";Alentejo;1C;Baixo Alentejo;1C2;Beja;Ourique;Garvão;4423.26;44.23
"021210";Continente;"1";Alentejo;1C;Baixo Alentejo;1C2;Beja;Ourique;Santa Luzia;3491.35;34.91
"021302";Continente;"1";Alentejo;1C;Baixo Alentejo;1C2;Beja;Serpa;Brinches;9240.18;92.4
"021303";Continente;"1";Alentejo;1C;Baixo Alentejo;1C2;Beja;Serpa;Pias;16386.16;163.86
"021307";Continente;"1";Alentejo;1C;Baixo Alentejo;1C2;Beja;Serpa;Vila Verde de Ficalho;10539.44;105.39
"021308";Continente;"1";Alentejo;1C;Baixo Alentejo;1C2;Beja;Serpa;União das freguesias de Serpa (Salvador e Santa Maria);44372.78;443.73
"021310";Continente;"1";Alentejo;1C;Baixo Alentejo;1C2;Beja;Serpa;Vale de Vargo;5799.79;58
"021311";Continente;"1";Alentejo;1C;Baixo Alentejo;1C2;Beja;Serpa;Vila Nova de São Bento;24224.98;242.25
"021401";Continente;"1";Alentejo;1C;Baixo Alentejo;1C2;Beja;Vidigueira;Pedrógão;12569.05;125.69
"021402";Continente;"1";Alentejo;1C;Baixo Alentejo;1C2;Beja;Vidigueira;Selmes;13746.9;137.47
"021403";Continente;"1";Alentejo;1C;Baixo Alentejo;1C2;Beja;Vidigueira;Vidigueira;2782.99;27.83
"021404";Continente;"1";Alentejo;1C;Baixo Alentejo;1C2;Beja;Vidigueira;Vila de Frades;2562.14;25.62
"030102";Continente;"1";Norte;"11";Cávado;"112";Braga;Amares;Barreiros;298.65;2.99
"030104";Continente;"1";Norte;"11";Cávado;"112";Braga;Amares;Bico;229.36;2.29
"030105";Continente;"1";Norte;"11";Cávado;"112";Braga;Amares;Caires;471.55;4.72
"030107";Continente;"1";Norte;"11";Cávado;"112";Braga;Amares;Carrazedo;270.77;2.71
"030108";Continente;"1";Norte;"11";Cávado;"112";Braga;Amares;Dornelas;338.62;3.39
"030111";Continente;"1";Norte;"11";Cávado;"112";Braga;Amares;Fiscal;389.69;3.9
"030112";Continente;"1";Norte;"11";Cávado;"112";Braga;Amares;Goães;302.78;3.03
"030113";Continente;"1";Norte;"11";Cávado;"112";Braga;Amares;Lago;399.01;3.99
"030118";Continente;"1";Norte;"11";Cávado;"112";Braga;Amares;Rendufe;306.26;3.06
"030119";Continente;"1";Norte;"11";Cávado;"112";Braga;Amares;Bouro (Santa Maria);691.97;6.92
"030120";Continente;"1";Norte;"11";Cávado;"112";Braga;Amares;Bouro (Santa Marta);949.93;9.5
"030125";Continente;"1";Norte;"11";Cávado;"112";Braga;Amares;União das freguesias de Amares e Figueiredo;456.07;4.56
"030126";Continente;"1";Norte;"11";Cávado;"112";Braga;Amares;"União das freguesias de Caldelas, Sequeiros e Paranhos";1137.27;11.37
"030127";Continente;"1";Norte;"11";Cávado;"112";Braga;Amares;"União das freguesias de Ferreiros, Prozelo e Besteiros";733.76;7.34
"030128";Continente;"1";Norte;"11";Cávado;"112";Braga;Amares;União das freguesias de Torre e Portela;359.47;3.59
"030129";Continente;"1";Norte;"11";Cávado;"112";Braga;Amares;"União das freguesias de Vilela, Seramil e Paredes Secas";860.24;8.6
"030201";Continente;"1";Norte;"11";Cávado;"112";Braga;Barcelos;Abade de Neiva;750.36;7.5
"030202";Continente;"1";Norte;"11";Cávado;"112";Braga;Barcelos;Aborim;618.12;6.18
"030203";Continente;"1";Norte;"11";Cávado;"112";Braga;Barcelos;Adães;269.03;2.69
"030205";Continente;"1";Norte;"11";Cávado;"112";Braga;Barcelos;Airó;302.34;3.02
"030206";Continente;"1";Norte;"11";Cávado;"112";Braga;Barcelos;Aldreu;479.67;4.8
"030208";Continente;"1";Norte;"11";Cávado;"112";Braga;Barcelos;Alvelos;338.17;3.38
"030209";Continente;"1";Norte;"11";Cávado;"112";Braga;Barcelos;Arcozelo;343.68;3.44
"030210";Continente;"1";Norte;"11";Cávado;"112";Braga;Barcelos;Areias;251.14;2.51
"030212";Continente;"1";Norte;"11";Cávado;"112";Braga;Barcelos;Balugães;272.61;2.73
"030213";Continente;"1";Norte;"11";Cávado;"112";Braga;Barcelos;Barcelinhos;275.7;2.76
"030215";Continente;"1";Norte;"11";Cávado;"112";Braga;Barcelos;Barqueiros;806.64;8.07
"030216";Continente;"1";Norte;"11";Cávado;"112";Braga;Barcelos;Cambeses;331.18;3.31
"030218";Continente;"1";Norte;"11";Cávado;"112";Braga;Barcelos;Carapeços;811.6;8.12
"030220";Continente;"1";Norte;"11";Cávado;"112";Braga;Barcelos;Carvalhal;257.98;2.58
"030221";Continente;"1";Norte;"11";Cávado;"112";Braga;Barcelos;Carvalhas;349.45;3.49
"030224";Continente;"1";Norte;"11";Cávado;"112";Braga;Barcelos;Cossourado;644.12;6.44
"030228";Continente;"1";Norte;"11";Cávado;"112";Braga;Barcelos;Cristelo;771.48;7.71
"030234";Continente;"1";Norte;"11";Cávado;"112";Braga;Barcelos;Fornelos;429.18;4.29
"030235";Continente;"1";Norte;"11";Cávado;"112";Braga;Barcelos;Fragoso;1258.83;12.59
"030237";Continente;"1";Norte;"11";Cávado;"112";Braga;Barcelos;Gilmonde;557.77;5.58
"030242";Continente;"1";Norte;"11";Cávado;"112";Braga;Barcelos;Lama;326.72;3.27
"030243";Continente;"1";Norte;"11";Cávado;"112";Braga;Barcelos;Lijó;441.92;4.42
"030244";Continente;"1";Norte;"11";Cávado;"112";Braga;Barcelos;Macieira de Rates;784.95;7.85
"030245";Continente;"1";Norte;"11";Cávado;"112";Braga;Barcelos;Manhente;391.08;3.91
"030247";Continente;"1";Norte;"11";Cávado;"112";Braga;Barcelos;Martim;531.7;5.32
"030252";Continente;"1";Norte;"11";Cávado;"112";Braga;Barcelos;Moure;254.31;2.54
"030254";Continente;"1";Norte;"11";Cávado;"112";Braga;Barcelos;Oliveira;545.77;5.46
"030255";Continente;"1";Norte;"11";Cávado;"112";Braga;Barcelos;Palme;831.45;8.31
"030256";Continente;"1";Norte;"11";Cávado;"112";Braga;Barcelos;Panque;628.95;6.29
"030257";Continente;"1";Norte;"11";Cávado;"112";Braga;Barcelos;Paradela;835.85;8.36
"030259";Continente;"1";Norte;"11";Cávado;"112";Braga;Barcelos;Pereira;384.81;3.85
"030260";Continente;"1";Norte;"11";Cávado;"112";Braga;Barcelos;Perelhal;680.31;6.8
"030261";Continente;"1";Norte;"11";Cávado;"112";Braga;Barcelos;Pousa;663.16;6.63
"030263";Continente;"1";Norte;"11";Cávado;"112";Braga;Barcelos;Remelhe;612.41;6.12
"030264";Continente;"1";Norte;"11";Cávado;"112";Braga;Barcelos;Roriz;653.39;6.53
"030265";Continente;"1";Norte;"11";Cávado;"112";Braga;Barcelos;Rio Covo (Santa Eugénia);313.41;3.13
"030268";Continente;"1";Norte;"11";Cávado;"112";Braga;Barcelos;Galegos (Santa Maria);458.82;4.59
"030272";Continente;"1";Norte;"11";Cávado;"112";Braga;Barcelos;Galegos (São Martinho);312.24;3.12
"030277";Continente;"1";Norte;"11";Cávado;"112";Braga;Barcelos;Tamel (São Veríssimo);332.56;3.33
"030279";Continente;"1";Norte;"11";Cávado;"112";Braga;Barcelos;Silva;217.96;2.18
"030282";Continente;"1";Norte;"11";Cávado;"112";Braga;Barcelos;Ucha;426.94;4.27
"030283";Continente;"1";Norte;"11";Cávado;"112";Braga;Barcelos;Várzea;295.21;2.95
"030287";Continente;"1";Norte;"11";Cávado;"112";Braga;Barcelos;Vila Seca;434.25;4.34
"030290";Continente;"1";Norte;"11";Cávado;"112";Braga;Barcelos;União das freguesias de Alheira e Igreja Nova;1017.12;10.17
"030291";Continente;"1";Norte;"11";Cávado;"112";Braga;Barcelos;União das freguesias de Alvito (São Pedro e São Martinho) e Couto;854.38;8.54
"030292";Continente;"1";Norte;"11";Cávado;"112";Braga;Barcelos;União das freguesias de Areias de Vilar e Encourados;1016.77;10.17
"030294";Continente;"1";Norte;"11";Cávado;"112";Braga;Barcelos;União das freguesias de Campo e Tamel (São Pedro Fins);480.6;4.81
"030295";Continente;"1";Norte;"11";Cávado;"112";Braga;Barcelos;União das freguesias de Carreira e Fonte Coberta;528.84;5.29
"030296";Continente;"1";Norte;"11";Cávado;"112";Braga;Barcelos;"União das freguesias de Chorente, Góios, Courel, Pedra Furada e Gueral";1609.17;16.09
"030297";Continente;"1";Norte;"11";Cávado;"112";Braga;Barcelos;União das freguesias de Creixomil e Mariz;697.67;6.98
"030298";Continente;"1";Norte;"11";Cávado;"112";Braga;Barcelos;União das freguesias de Durrães e Tregosa;672.85;6.73
"030299";Continente;"1";Norte;"11";Cávado;"112";Braga;Barcelos;União das freguesias de Gamil e Midões;583.55;5.84
"0302FA";Continente;"1";Norte;"11";Cávado;"112";Braga;Barcelos;"União das freguesias de Milhazes, Vilar de Figos e Faria";1213.76;12.14
"0302FB";Continente;"1";Norte;"11";Cávado;"112";Braga;Barcelos;União das freguesias de Negreiros e Chavão;696.43;6.96
"0302FC";Continente;"1";Norte;"11";Cávado;"112";Braga;Barcelos;União das freguesias de Quintiães e Aguiar;736.45;7.36
"0302FD";Continente;"1";Norte;"11";Cávado;"112";Braga;Barcelos;União das freguesias de Sequeade e Bastuço (São João e Santo Estevão);633.98;6.34
"0302FF";Continente;"1";Norte;"11";Cávado;"112";Braga;Barcelos;União das freguesias de Tamel (Santa Leocádia) e Vilar do Monte;1105.67;11.06
"0302FG";Continente;"1";Norte;"11";Cávado;"112";Braga;Barcelos;"União das freguesias de Viatodos, Grimancelos, Minhotães e Monte de Fralães";1239.53;12.4
"0302FH";Continente;"1";Norte;"11";Cávado;"112";Braga;Barcelos;União das freguesias de Vila Cova e Feitos;1572.78;15.73
"0302FI";Continente;"1";Norte;"11";Cávado;"112";Braga;Barcelos;Barcelos;130.12;1.3
"0302FJ";Continente;"1";Norte;"11";Cávado;"112";Braga;Barcelos;Rio Covo (Santa Eulália);441.75;4.42
"0302FK";Continente;"1";Norte;"11";Cávado;"112";Braga;Barcelos;Silveiros;381.71;3.82
"0302FL";Continente;"1";Norte;"11";Cávado;"112";Braga;Barcelos;Vila Boa;225.15;2.25
"0302FM";Continente;"1";Norte;"11";Cávado;"112";Braga;Barcelos;Vila Frescainha (São Martinho);306.97;3.07
"0302FN";Continente;"1";Norte;"11";Cávado;"112";Braga;Barcelos;Vila Frescainha (São Pedro);267.67;2.68
"030301";Continente;"1";Norte;"11";Cávado;"112";Braga;Braga;Adaúfe;1080.51;10.81
"030312";Continente;"1";Norte;"11";Cávado;"112";Braga;Braga;Espinho;447.58;4.48
"030313";Continente;"1";Norte;"11";Cávado;"112";Braga;Braga;Esporões;474.07;4.74
"030315";Continente;"1";Norte;"11";Cávado;"112";Braga;Braga;Figueiredo;202.67;2.03
"030319";Continente;"1";Norte;"11";Cávado;"112";Braga;Braga;Gualtar;273.58;2.74
"030322";Continente;"1";Norte;"11";Cávado;"112";Braga;Braga;Lamas;125.35;1.25
"030325";Continente;"1";Norte;"11";Cávado;"112";Braga;Braga;Mire de Tibães;435.71;4.36
"030330";Continente;"1";Norte;"11";Cávado;"112";Braga;Braga;Padim da Graça;339.37;3.39
"030331";Continente;"1";Norte;"11";Cávado;"112";Braga;Braga;Palmeira;887.96;8.88
"030334";Continente;"1";Norte;"11";Cávado;"112";Braga;Braga;Pedralva;806.82;8.07
"030336";Continente;"1";Norte;"11";Cávado;"112";Braga;Braga;Priscos;364.91;3.65
"030338";Continente;"1";Norte;"11";Cávado;"112";Braga;Braga;Ruilhe;220.35;2.2
"030349";Continente;"1";Norte;"11";Cávado;"112";Braga;Braga;Braga (São Vicente);255.04;2.55
"030351";Continente;"1";Norte;"11";Cávado;"112";Braga;Braga;Braga (São Vítor);408.38;4.08
"030354";Continente;"1";Norte;"11";Cávado;"112";Braga;Braga;Sequeira;435.05;4.35
"030355";Continente;"1";Norte;"11";Cávado;"112";Braga;Braga;Sobreposta;598.03;5.98
"030356";Continente;"1";Norte;"11";Cávado;"112";Braga;Braga;Tadim;268.04;2.68
"030357";Continente;"1";Norte;"11";Cávado;"112";Braga;Braga;Tebosa;258.62;2.59
"030363";Continente;"1";Norte;"11";Cávado;"112";Braga;Braga;União das freguesias de Arentim e Cunha;572.05;5.72
"030364";Continente;"1";Norte;"11";Cávado;"112";Braga;Braga;"União das freguesias de Braga (Maximinos, Sé e Cividade)";256.69;2.57
"030365";Continente;"1";Norte;"11";Cávado;"112";Braga;Braga;União das freguesias de Braga (São José de São Lázaro e São João do Souto);243.17;2.43
"030366";Continente;"1";Norte;"11";Cávado;"112";Braga;Braga;União das freguesias de Cabreiros e Passos (São Julião);479.05;4.79
"030367";Continente;"1";Norte;"11";Cávado;"112";Braga;Braga;"União das freguesias de Celeirós, Aveleda e Vimieiro";756.9;7.57
"030368";Continente;"1";Norte;"11";Cávado;"112";Braga;Braga;União das freguesias de Crespos e Pousada;733.82;7.34
"030369";Continente;"1";Norte;"11";Cávado;"112";Braga;Braga;União das freguesias de Escudeiros e Penso (Santo Estêvão e São Vicente);803.66;8.04
"030370";Continente;"1";Norte;"11";Cávado;"112";Braga;Braga;União das freguesias de Este (São Pedro e São Mamede);979.49;9.79
"030371";Continente;"1";Norte;"11";Cávado;"112";Braga;Braga;União das freguesias de Ferreiros e Gondizalves;425.62;4.26
"030372";Continente;"1";Norte;"11";Cávado;"112";Braga;Braga;União das freguesias de Guisande e Oliveira (São Pedro);470.94;4.71
"030373";Continente;"1";Norte;"11";Cávado;"112";Braga;Braga;União das freguesias de Lomar e Arcos;401.27;4.01
"030374";Continente;"1";Norte;"11";Cávado;"112";Braga;Braga;"União das freguesias de Merelim (São Paio), Panoias e Parada de Tibães";534.69;5.35
"030375";Continente;"1";Norte;"11";Cávado;"112";Braga;Braga;União das freguesias de Merelim (São Pedro) e Frossos;316.14;3.16
"030376";Continente;"1";Norte;"11";Cávado;"112";Braga;Braga;União das freguesias de Morreira e Trandeiras;454.29;4.54
"030377";Continente;"1";Norte;"11";Cávado;"112";Braga;Braga;"União das freguesias de Nogueira, Fraião e Lamaçães";839.51;8.4
"030378";Continente;"1";Norte;"11";Cávado;"112";Braga;Braga;União das freguesias de Nogueiró e Tenões;442.73;4.43
"030379";Continente;"1";Norte;"11";Cávado;"112";Braga;Braga;"União das freguesias de Real, Dume e Semelhe";846.5;8.47
"030380";Continente;"1";Norte;"11";Cávado;"112";Braga;Braga;União das freguesias de Santa Lucrécia de Algeriz e Navarra;621.75;6.22
"030381";Continente;"1";Norte;"11";Cávado;"112";Braga;Braga;União das freguesias de Vilaça e Fradelos;279.62;2.8
"030401";Continente;"1";Norte;"11";Ave;"119";Braga;Cabeceiras de Basto;Abadim;1513.64;15.14
"030404";Continente;"1";Norte;"11";Ave;"119";Braga;Cabeceiras de Basto;Basto;557.61;5.58
"030405";Continente;"1";Norte;"11";Ave;"119";Braga;Cabeceiras de Basto;Bucos;1779.85;17.8
"030406";Continente;"1";Norte;"11";Ave;"119";Braga;Cabeceiras de Basto;Cabeceiras de Basto;2452.24;24.52
"030407";Continente;"1";Norte;"11";Ave;"119";Braga;Cabeceiras de Basto;Cavez;2679.12;26.79
"030408";Continente;"1";Norte;"11";Ave;"119";Braga;Cabeceiras de Basto;Faia;514.96;5.15
"030413";Continente;"1";Norte;"11";Ave;"119";Braga;Cabeceiras de Basto;Pedraça;1216.82;12.17
"030415";Continente;"1";Norte;"11";Ave;"119";Braga;Cabeceiras de Basto;Rio Douro;4311.42;43.11
"030418";Continente;"1";Norte;"11";Ave;"119";Braga;Cabeceiras de Basto;União das freguesias de Alvite e Passos;1218.92;12.19
"030419";Continente;"1";Norte;"11";Ave;"119";Braga;Cabeceiras de Basto;União das freguesias de Arco de Baúlhe e Vila Nune;903.86;9.04
"030420";Continente;"1";Norte;"11";Ave;"119";Braga;Cabeceiras de Basto;União das freguesias de Gondiães e Vilar de Cunhas;4138.47;41.38
"030422";Continente;"1";Norte;"11";Ave;"119";Braga;Cabeceiras de Basto;Outeiro;757.77;7.58
"030423";Continente;"1";Norte;"11";Ave;"119";Braga;Cabeceiras de Basto;Painzela;734.96;7.35
"030424";Continente;"1";Norte;"11";Ave;"119";Braga;Cabeceiras de Basto;Refojos de Basto;1402.53;14.03
"030501";Continente;"1";Norte;"11";Tâmega e Sousa;11C;Braga;Celorico de Basto;Agilde;901.21;9.01
"030502";Continente;"1";Norte;"11";Tâmega e Sousa;11C;Braga;Celorico de Basto;Arnóia;1872.89;18.73
"030503";Continente;"1";Norte;"11";Tâmega e Sousa;11C;Braga;Celorico de Basto;Borba de Montanha;1089.03;10.89
"030508";Continente;"1";Norte;"11";Tâmega e Sousa;11C;Braga;Celorico de Basto;Codeçoso;1069.84;10.7
"030510";Continente;"1";Norte;"11";Tâmega e Sousa;11C;Braga;Celorico de Basto;Fervença;1204.78;12.05
"030515";Continente;"1";Norte;"11";Tâmega e Sousa;11C;Braga;Celorico de Basto;Moreira do Castelo;613.51;6.14
"030517";Continente;"1";Norte;"11";Tâmega e Sousa;11C;Braga;Celorico de Basto;Rego;1717.52;17.18
"030518";Continente;"1";Norte;"11";Tâmega e Sousa;11C;Braga;Celorico de Basto;Ribas;827.79;8.28
"030520";Continente;"1";Norte;"11";Tâmega e Sousa;11C;Braga;Celorico de Basto;Basto (São Clemente);1541.06;15.41
"030521";Continente;"1";Norte;"11";Tâmega e Sousa;11C;Braga;Celorico de Basto;Vale de Bouro;789.11;7.89
"030523";Continente;"1";Norte;"11";Tâmega e Sousa;11C;Braga;Celorico de Basto;"União das freguesias de Britelo, Gémeos e Ourilhe";1716.7;17.17
"030524";Continente;"1";Norte;"11";Tâmega e Sousa;11C;Braga;Celorico de Basto;União das freguesias de Caçarilhe e Infesta;1138.97;11.39
"030525";Continente;"1";Norte;"11";Tâmega e Sousa;11C;Braga;Celorico de Basto;União das freguesias de Canedo de Basto e Corgo;1323.14;13.23
"030526";Continente;"1";Norte;"11";Tâmega e Sousa;11C;Braga;Celorico de Basto;União das freguesias de Carvalho e Basto (Santa Tecla);1002.5;10.03
"030527";Continente;"1";Norte;"11";Tâmega e Sousa;11C;Braga;Celorico de Basto;"União das freguesias de Veade, Gagos e Molares";1298.99;12.99
"030601";Continente;"1";Norte;"11";Cávado;"112";Braga;Esposende;Antas;906.73;9.07
"030608";Continente;"1";Norte;"11";Cávado;"112";Braga;Esposende;Forjães;830.47;8.3
"030610";Continente;"1";Norte;"11";Cávado;"112";Braga;Esposende;Gemeses;556.86;5.57
"030615";Continente;"1";Norte;"11";Cávado;"112";Braga;Esposende;Vila Chã;850.2;8.5
"030619";Continente;"1";Norte;"11";Cávado;"112";Braga;Esposende;União das freguesias de Fonte Boa e Rio Tinto;1037.88;10.38
"030621";Continente;"1";Norte;"11";Cávado;"112";Braga;Esposende;Apúlia;1052.62;10.53
"030622";Continente;"1";Norte;"11";Cávado;"112";Braga;Esposende;Belinho;658.98;6.59
"030623";Continente;"1";Norte;"11";Cávado;"112";Braga;Esposende;Curvos;428.51;4.29
"030624";Continente;"1";Norte;"11";Cávado;"112";Braga;Esposende;Esposende;173.28;1.73
"030625";Continente;"1";Norte;"11";Cávado;"112";Braga;Esposende;Fão;575.95;5.76
"030626";Continente;"1";Norte;"11";Cávado;"112";Braga;Esposende;Gandra;515.34;5.15
"030627";Continente;"1";Norte;"11";Cávado;"112";Braga;Esposende;Mar;235.66;2.36
"030628";Continente;"1";Norte;"11";Cávado;"112";Braga;Esposende;Marinhas;1042.8;10.43
"030629";Continente;"1";Norte;"11";Cávado;"112";Braga;Esposende;Palmeira de Faro;675.71;6.76
"030705";Continente;"1";Norte;"11";Ave;"119";Braga;Fafe;Armil;464.82;4.65
"030708";Continente;"1";Norte;"11";Ave;"119";Braga;Fafe;Estorãos;590.44;5.9
"030709";Continente;"1";Norte;"11";Ave;"119";Braga;Fafe;Fafe;796.99;7.97
"030712";Continente;"1";Norte;"11";Ave;"119";Braga;Fafe;Fornelos;244.66;2.45
"030714";Continente;"1";Norte;"11";Ave;"119";Braga;Fafe;Golães;469.92;4.7
"030716";Continente;"1";Norte;"11";Ave;"119";Braga;Fafe;Medelo;251.71;2.52
"030719";Continente;"1";Norte;"11";Ave;"119";Braga;Fafe;Paços;409.64;4.1
"030722";Continente;"1";Norte;"11";Ave;"119";Braga;Fafe;Quinchães;1060.85;10.61
"030723";Continente;"1";Norte;"11";Ave;"119";Braga;Fafe;Regadas;590.24;5.9
"030724";Continente;"1";Norte;"11";Ave;"119";Braga;Fafe;Revelhe;491.07;4.91
"030725";Continente;"1";Norte;"11";Ave;"119";Braga;Fafe;Ribeiros;495.8;4.96
"030726";Continente;"1";Norte;"11";Ave;"119";Braga;Fafe;Arões (Santa Cristina);395.05;3.95
"030728";Continente;"1";Norte;"11";Ave;"119";Braga;Fafe;São Gens;1479.72;14.8
"030729";Continente;"1";Norte;"11";Ave;"119";Braga;Fafe;Silvares (São Martinho);629.29;6.29
"030730";Continente;"1";Norte;"11";Ave;"119";Braga;Fafe;Arões (São Romão);572.13;5.72
"030733";Continente;"1";Norte;"11";Ave;"119";Braga;Fafe;Travassós;814.22;8.14
"030736";Continente;"1";Norte;"11";Ave;"119";Braga;Fafe;Vinhós;287.79;2.88
"030737";Continente;"1";Norte;"11";Ave;"119";Braga;Fafe;"União de freguesias de Aboim, Felgueiras, Gontim e Pedraído";2671.05;26.71
"030738";Continente;"1";Norte;"11";Ave;"119";Braga;Fafe;União de freguesias de Agrela e Serafão;919.33;9.19
"030739";Continente;"1";Norte;"11";Ave;"119";Braga;Fafe;União de freguesias de Antime e Silvares (São Clemente);557.47;5.57
"030740";Continente;"1";Norte;"11";Ave;"119";Braga;Fafe;"União de freguesias de Ardegão, Arnozela e Seidões";978.3;9.78
"030741";Continente;"1";Norte;"11";Ave;"119";Braga;Fafe;União de freguesias de Cepães e Fareja;738.96;7.39
"030742";Continente;"1";Norte;"11";Ave;"119";Braga;Fafe;União de freguesias de Freitas e Vila Cova;1147.78;11.48
"030743";Continente;"1";Norte;"11";Ave;"119";Braga;Fafe;União de freguesias de Monte e Queimadela;2037.24;20.37
"030744";Continente;"1";Norte;"11";Ave;"119";Braga;Fafe;União de freguesias de Moreira do Rei e Várzea Cova;2813.63;28.14
"030801";Continente;"1";Norte;"11";Ave;"119";Braga;Guimarães;Aldão;155.15;1.55
"030804";Continente;"1";Norte;"11";Ave;"119";Braga;Guimarães;Azurém;290.01;2.9
"030806";Continente;"1";Norte;"11";Ave;"119";Braga;Guimarães;Barco;301.61;3.02
"030807";Continente;"1";Norte;"11";Ave;"119";Braga;Guimarães;Brito;590.3;5.9
"030808";Continente;"1";Norte;"11";Ave;"119";Braga;Guimarães;Caldelas;269.36;2.69
"030812";Continente;"1";Norte;"11";Ave;"119";Braga;Guimarães;Costa;471.05;4.71
"030813";Continente;"1";Norte;"11";Ave;"119";Braga;Guimarães;Creixomil;300.69;3.01
"030815";Continente;"1";Norte;"11";Ave;"119";Braga;Guimarães;Fermentões;375.56;3.76
"030820";Continente;"1";Norte;"11";Ave;"119";Braga;Guimarães;Gonça;702.6;7.03
"030821";Continente;"1";Norte;"11";Ave;"119";Braga;Guimarães;Gondar;250.85;2.51
"030823";Continente;"1";Norte;"11";Ave;"119";Braga;Guimarães;Guardizela;397.57;3.98
"030824";Continente;"1";Norte;"11";Ave;"119";Braga;Guimarães;Infantas;649.44;6.49
"030827";Continente;"1";Norte;"11";Ave;"119";Braga;Guimarães;Longos;723.61;7.24
"030828";Continente;"1";Norte;"11";Ave;"119";Braga;Guimarães;Lordelo;501.77;5.02
"030830";Continente;"1";Norte;"11";Ave;"119";Braga;Guimarães;Mesão Frio;413.03;4.13
"030831";Continente;"1";Norte;"11";Ave;"119";Braga;Guimarães;Moreira de Cónegos;472.47;4.72
"030832";Continente;"1";Norte;"11";Ave;"119";Braga;Guimarães;Nespereira;368.83;3.69
"030835";Continente;"1";Norte;"11";Ave;"119";Braga;Guimarães;Pencelo;239.84;2.4
"030836";Continente;"1";Norte;"11";Ave;"119";Braga;Guimarães;Pinheiro;193.27;1.93
"030837";Continente;"1";Norte;"11";Ave;"119";Braga;Guimarães;Polvoreira;329.48;3.29
"030838";Continente;"1";Norte;"11";Ave;"119";Braga;Guimarães;Ponte;601.1;6.01
"030840";Continente;"1";Norte;"11";Ave;"119";Braga;Guimarães;Ronfe;502.05;5.02
"030842";Continente;"1";Norte;"11";Ave;"119";Braga;Guimarães;Prazins (Santa Eufémia);223.48;2.23
"030850";Continente;"1";Norte;"11";Ave;"119";Braga;Guimarães;Selho (São Cristóvão);266.43;2.66
"030854";Continente;"1";Norte;"11";Ave;"119";Braga;Guimarães;Selho (São Jorge);520.16;5.2
"030857";Continente;"1";Norte;"11";Ave;"119";Braga;Guimarães;Candoso (São Martinho);220.84;2.21
"030858";Continente;"1";Norte;"11";Ave;"119";Braga;Guimarães;Sande (São Martinho);330.43;3.3
"030865";Continente;"1";Norte;"11";Ave;"119";Braga;Guimarães;São Torcato;1038.51;10.39
"030866";Continente;"1";Norte;"11";Ave;"119";Braga;Guimarães;Serzedelo;513.86;5.14
"030868";Continente;"1";Norte;"11";Ave;"119";Braga;Guimarães;Silvares;448.85;4.49
"030871";Continente;"1";Norte;"11";Ave;"119";Braga;Guimarães;Urgezes;331.48;3.31
"030875";Continente;"1";Norte;"11";Ave;"119";Braga;Guimarães;União das freguesias de Abação e Gémeos;673.37;6.73
"030877";Continente;"1";Norte;"11";Ave;"119";Braga;Guimarães;União das freguesias de Arosa e Castelões;552.31;5.52
"030878";Continente;"1";Norte;"11";Ave;"119";Braga;Guimarães;União das freguesias de Atães e Rendufe;1208.92;12.09
"030879";Continente;"1";Norte;"11";Ave;"119";Braga;Guimarães;União das freguesias de Briteiros Santo Estêvão e Donim;593.83;5.94
"030880";Continente;"1";Norte;"11";Ave;"119";Braga;Guimarães;União das freguesias de Briteiros São Salvador e Briteiros Santa Leocádia;938.88;9.39
"030881";Continente;"1";Norte;"11";Ave;"119";Braga;Guimarães;União das freguesias de Candoso São Tiago e Mascotelos;385.95;3.86
"030883";Continente;"1";Norte;"11";Ave;"119";Braga;Guimarães;"União das freguesias de Leitões, Oleiros e Figueiredo";897.71;8.98
"030884";Continente;"1";Norte;"11";Ave;"119";Braga;Guimarães;"União das freguesias de Oliveira, São Paio e São Sebastião";155.49;1.55
"030886";Continente;"1";Norte;"11";Ave;"119";Braga;Guimarães;União das freguesias de Sande São Lourenço e Balazar;645.78;6.46
"030888";Continente;"1";Norte;"11";Ave;"119";Braga;Guimarães;União das freguesias de Selho São Lourenço e Gominhães;415.26;4.15
"030890";Continente;"1";Norte;"11";Ave;"119";Braga;Guimarães;"União das freguesias de Souto Santa Maria, Souto São Salvador e Gondomar";1386.93;13.87
"030892";Continente;"1";Norte;"11";Ave;"119";Braga;Guimarães;Airão (Santa Maria);238.1;2.38
"030893";Continente;"1";Norte;"11";Ave;"119";Braga;Guimarães;Airão São João;278.12;2.78
"030894";Continente;"1";Norte;"11";Ave;"119";Braga;Guimarães;Calvos;203.96;2.04
"030895";Continente;"1";Norte;"11";Ave;"119";Braga;Guimarães;Conde;192.65;1.93
"030896";Continente;"1";Norte;"11";Ave;"119";Braga;Guimarães;Corvite;184.78;1.85
"030897";Continente;"1";Norte;"11";Ave;"119";Braga;Guimarães;Gandarela;171.5;1.72
"030898";Continente;"1";Norte;"11";Ave;"119";Braga;Guimarães;Prazins Santo Tirso;273.98;2.74
"030899";Continente;"1";Norte;"11";Ave;"119";Braga;Guimarães;Sande (São Clemente);486.85;4.87
"0308FA";Continente;"1";Norte;"11";Ave;"119";Braga;Guimarães;Sande (Vila Nova);238.46;2.38
"0308FB";Continente;"1";Norte;"11";Ave;"119";Braga;Guimarães;São Faustino;195.56;1.96
"0308FC";Continente;"1";Norte;"11";Ave;"119";Braga;Guimarães;Serzedo;246.48;2.46
"0308FD";Continente;"1";Norte;"11";Ave;"119";Braga;Guimarães;Tabuadelo;309.29;3.09
"0308FE";Continente;"1";Norte;"11";Ave;"119";Braga;Guimarães;Vermil;232.11;2.32
"030906";Continente;"1";Norte;"11";Ave;"119";Braga;Póvoa de Lanhoso;Covelas;290.93;2.91
"030908";Continente;"1";Norte;"11";Ave;"119";Braga;Póvoa de Lanhoso;Ferreiros;440.02;4.4
"030912";Continente;"1";Norte;"11";Ave;"119";Braga;Póvoa de Lanhoso;Galegos;294.21;2.94
"030913";Continente;"1";Norte;"11";Ave;"119";Braga;Póvoa de Lanhoso;Garfe;543.58;5.44
"030914";Continente;"1";Norte;"11";Ave;"119";Braga;Póvoa de Lanhoso;Geraz do Minho;484.33;4.84
"030915";Continente;"1";Norte;"11";Ave;"119";Braga;Póvoa de Lanhoso;Lanhoso;605.79;6.06
"030917";Continente;"1";Norte;"11";Ave;"119";Braga;Póvoa de Lanhoso;Monsul;327.87;3.28
"030919";Continente;"1";Norte;"11";Ave;"119";Braga;Póvoa de Lanhoso;Póvoa de Lanhoso (Nossa Senhora do Amparo);570.32;5.7
"030921";Continente;"1";Norte;"11";Ave;"119";Braga;Póvoa de Lanhoso;Rendufinho;836.53;8.37
"030922";Continente;"1";Norte;"11";Ave;"119";Braga;Póvoa de Lanhoso;Santo Emilião;213.79;2.14
"030923";Continente;"1";Norte;"11";Ave;"119";Braga;Póvoa de Lanhoso;São João de Rei;546.21;5.46
"030924";Continente;"1";Norte;"11";Ave;"119";Braga;Póvoa de Lanhoso;Serzedelo;1006.35;10.06
"030925";Continente;"1";Norte;"11";Ave;"119";Braga;Póvoa de Lanhoso;Sobradelo da Goma;1011.92;10.12
"030926";Continente;"1";Norte;"11";Ave;"119";Braga;Póvoa de Lanhoso;Taíde;666.53;6.67
"030927";Continente;"1";Norte;"11";Ave;"119";Braga;Póvoa de Lanhoso;Travassos;463.82;4.64
"030929";Continente;"1";Norte;"11";Ave;"119";Braga;Póvoa de Lanhoso;Vilela;457.85;4.58
"030930";Continente;"1";Norte;"11";Ave;"119";Braga;Póvoa de Lanhoso;União das freguesias de Águas Santas e Moure;391.1;3.91
"030931";Continente;"1";Norte;"11";Ave;"119";Braga;Póvoa de Lanhoso;União das freguesias de Calvos e Frades;871.61;8.72
"030932";Continente;"1";Norte;"11";Ave;"119";Braga;Póvoa de Lanhoso;União das freguesias de Campos e Louredo;506.43;5.06
"030933";Continente;"1";Norte;"11";Ave;"119";Braga;Póvoa de Lanhoso;União das freguesias de Esperança e Brunhais;820.97;8.21
"030934";Continente;"1";Norte;"11";Ave;"119";Braga;Póvoa de Lanhoso;União das freguesias de Fonte Arcada e Oliveira;1105.89;11.06
"030935";Continente;"1";Norte;"11";Ave;"119";Braga;Póvoa de Lanhoso;"União das freguesias de Verim, Friande e Ajude";1009.24;10.09
"031001";Continente;"1";Norte;"11";Cávado;"112";Braga;Terras de Bouro;Balança;376.49;3.76
"031003";Continente;"1";Norte;"11";Cávado;"112";Braga;Terras de Bouro;Campo do Gerês;6876.48;68.76
"031004";Continente;"1";Norte;"11";Cávado;"112";Braga;Terras de Bouro;Carvalheira;905.34;9.05
"031008";Continente;"1";Norte;"11";Cávado;"112";Braga;Terras de Bouro;Covide;1809.48;18.09
"031009";Continente;"1";Norte;"11";Cávado;"112";Braga;Terras de Bouro;Gondoriz;740.08;7.4
"031010";Continente;"1";Norte;"11";Cávado;"112";Braga;Terras de Bouro;Moimenta;335.38;3.35
"031012";Continente;"1";Norte;"11";Cávado;"112";Braga;Terras de Bouro;Ribeira;224.52;2.25
"031013";Continente;"1";Norte;"11";Cávado;"112";Braga;Terras de Bouro;Rio Caldo;1395.37;13.95
"031014";Continente;"1";Norte;"11";Cávado;"112";Braga;Terras de Bouro;Souto;402.61;4.03
"031015";Continente;"1";Norte;"11";Cávado;"112";Braga;Terras de Bouro;Valdosende;1211.52;12.12
"031017";Continente;"1";Norte;"11";Cávado;"112";Braga;Terras de Bouro;Vilar da Veiga;7782.57;77.83
"031018";Continente;"1";Norte;"11";Cávado;"112";Braga;Terras de Bouro;União das freguesias de Chamoim e Vilar;1256.82;12.57
"031019";Continente;"1";Norte;"11";Cávado;"112";Braga;Terras de Bouro;União das freguesias de Chorense e Monte;2026.34;20.26
"031020";Continente;"1";Norte;"11";Cávado;"112";Braga;Terras de Bouro;União das freguesias de Cibões e Brufe;2403.07;24.03
"031105";Continente;"1";Norte;"11";Ave;"119";Braga;Vieira do Minho;Cantelães;1154.26;11.54
"031107";Continente;"1";Norte;"11";Ave;"119";Braga;Vieira do Minho;Eira Vedra;558.59;5.59
"031108";Continente;"1";Norte;"11";Ave;"119";Braga;Vieira do Minho;Guilhofrei;1123.25;11.23
"031109";Continente;"1";Norte;"11";Ave;"119";Braga;Vieira do Minho;Louredo;761.37;7.61
"031110";Continente;"1";Norte;"11";Ave;"119";Braga;Vieira do Minho;Mosteiro;1081.92;10.82
"031111";Continente;"1";Norte;"11";Ave;"119";Braga;Vieira do Minho;Parada de Bouro;771.06;7.71
"031112";Continente;"1";Norte;"11";Ave;"119";Braga;Vieira do Minho;Pinheiro;1026.63;10.27
"031113";Continente;"1";Norte;"11";Ave;"119";Braga;Vieira do Minho;Rossas;3156.6;31.57
"031115";Continente;"1";Norte;"11";Ave;"119";Braga;Vieira do Minho;Salamonde;837;8.37
"031118";Continente;"1";Norte;"11";Ave;"119";Braga;Vieira do Minho;Tabuaças;968.24;9.68
"031120";Continente;"1";Norte;"11";Ave;"119";Braga;Vieira do Minho;Vieira do Minho;718.64;7.19
"031122";Continente;"1";Norte;"11";Ave;"119";Braga;Vieira do Minho;União das freguesias de Anissó e Soutelo;815.19;8.15
"031123";Continente;"1";Norte;"11";Ave;"119";Braga;Vieira do Minho;União das freguesias de Anjos e Vilar do Chão;2498.76;24.99
"031124";Continente;"1";Norte;"11";Ave;"119";Braga;Vieira do Minho;União das freguesias de Caniçada e Soengas;898.95;8.99
"031125";Continente;"1";Norte;"11";Ave;"119";Braga;Vieira do Minho;União das freguesias de Ruivães e Campos;4403.46;44.03
"031126";Continente;"1";Norte;"11";Ave;"119";Braga;Vieira do Minho;União das freguesias de Ventosa e Cova;870.44;8.7
"031204";Continente;"1";Norte;"11";Ave;"119";Braga;Vila Nova de Famalicão;Bairro;334.97;3.35
"031206";Continente;"1";Norte;"11";Ave;"119";Braga;Vila Nova de Famalicão;Brufe;248.92;2.49
"031210";Continente;"1";Norte;"11";Ave;"119";Braga;Vila Nova de Famalicão;Castelões;352.92;3.53
"031212";Continente;"1";Norte;"11";Ave;"119";Braga;Vila Nova de Famalicão;Cruz;413.17;4.13
"031213";Continente;"1";Norte;"11";Ave;"119";Braga;Vila Nova de Famalicão;Delães;261.85;2.62
"031215";Continente;"1";Norte;"11";Ave;"119";Braga;Vila Nova de Famalicão;Fradelos;1680.34;16.8
"031216";Continente;"1";Norte;"11";Ave;"119";Braga;Vila Nova de Famalicão;Gavião;404.09;4.04
"031219";Continente;"1";Norte;"11";Ave;"119";Braga;Vila Nova de Famalicão;Joane;731.58;7.32
"031221";Continente;"1";Norte;"11";Ave;"119";Braga;Vila Nova de Famalicão;Landim;451;4.51
"031223";Continente;"1";Norte;"11";Ave;"119";Braga;Vila Nova de Famalicão;Louro;498.03;4.98
"031224";Continente;"1";Norte;"11";Ave;"119";Braga;Vila Nova de Famalicão;Lousado;579.5;5.8
"031225";Continente;"1";Norte;"11";Ave;"119";Braga;Vila Nova de Famalicão;Mogege;286.81;2.87
"031227";Continente;"1";Norte;"11";Ave;"119";Braga;Vila Nova de Famalicão;Nine;433.61;4.34
"031230";Continente;"1";Norte;"11";Ave;"119";Braga;Vila Nova de Famalicão;Pedome;263.08;2.63
"031232";Continente;"1";Norte;"11";Ave;"119";Braga;Vila Nova de Famalicão;Pousada de Saramagos;212.03;2.12
"031233";Continente;"1";Norte;"11";Ave;"119";Braga;Vila Nova de Famalicão;Requião;741.64;7.42
"031234";Continente;"1";Norte;"11";Ave;"119";Braga;Vila Nova de Famalicão;Riba de Ave;275.72;2.76
"031235";Continente;"1";Norte;"11";Ave;"119";Braga;Vila Nova de Famalicão;Ribeirão;1031.35;10.31
"031239";Continente;"1";Norte;"11";Ave;"119";Braga;Vila Nova de Famalicão;Oliveira (Santa Maria);452.08;4.52
"031241";Continente;"1";Norte;"11";Ave;"119";Braga;Vila Nova de Famalicão;Vale (São Martinho);360.12;3.6
"031242";Continente;"1";Norte;"11";Ave;"119";Braga;Vila Nova de Famalicão;Oliveira (São Mateus);201.83;2.02
"031247";Continente;"1";Norte;"11";Ave;"119";Braga;Vila Nova de Famalicão;Vermoim;471.44;4.71
"031249";Continente;"1";Norte;"11";Ave;"119";Braga;Vila Nova de Famalicão;Vilarinho das Cambas;841.06;8.41
"031250";Continente;"1";Norte;"11";Ave;"119";Braga;Vila Nova de Famalicão;União das freguesias de Antas e Abade de Vermoim;544.19;5.44
"031251";Continente;"1";Norte;"11";Ave;"119";Braga;Vila Nova de Famalicão;União das freguesias de Arnoso (Santa Maria e Santa Eulália) e Sezures;880.9;8.81
"031253";Continente;"1";Norte;"11";Ave;"119";Braga;Vila Nova de Famalicão;União das freguesias de Carreira e Bente;357.97;3.58
"031256";Continente;"1";Norte;"11";Ave;"119";Braga;Vila Nova de Famalicão;"União das freguesias de Lemenhe, Mouquim e Jesufrei";983.17;9.83
"031258";Continente;"1";Norte;"11";Ave;"119";Braga;Vila Nova de Famalicão;União das freguesias de Seide;285.47;2.85
"031259";Continente;"1";Norte;"11";Ave;"119";Braga;Vila Nova de Famalicão;"União das freguesias de Vale (São Cosme), Telhado e Portela";1368.83;13.69
"031260";Continente;"1";Norte;"11";Ave;"119";Braga;Vila Nova de Famalicão;União das freguesias de Vila Nova de Famalicão e Calendário;893.58;8.94
"031261";Continente;"1";Norte;"11";Ave;"119";Braga;Vila Nova de Famalicão;Avidos;280.11;2.8
"031262";Continente;"1";Norte;"11";Ave;"119";Braga;Vila Nova de Famalicão;Cabeçudos;330.89;3.31
"031263";Continente;"1";Norte;"11";Ave;"119";Braga;Vila Nova de Famalicão;Cavalões;545.38;5.45
"031264";Continente;"1";Norte;"11";Ave;"119";Braga;Vila Nova de Famalicão;Esmeriz;394.52;3.95
"031265";Continente;"1";Norte;"11";Ave;"119";Braga;Vila Nova de Famalicão;Gondifelos;792.73;7.93
"031266";Continente;"1";Norte;"11";Ave;"119";Braga;Vila Nova de Famalicão;Lagoa;187.22;1.87
"031267";Continente;"1";Norte;"11";Ave;"119";Braga;Vila Nova de Famalicão;Novais;145.05;1.45
"031268";Continente;"1";Norte;"11";Ave;"119";Braga;Vila Nova de Famalicão;Outiz;332.45;3.32
"031269";Continente;"1";Norte;"11";Ave;"119";Braga;Vila Nova de Famalicão;Ruivães;309.67;3.1
"031304";Continente;"1";Norte;"11";Cávado;"112";Braga;Vila Verde;Atiães;403.65;4.04
"031308";Continente;"1";Norte;"11";Cávado;"112";Braga;Vila Verde;Cabanelas;674.03;6.74
"031309";Continente;"1";Norte;"11";Cávado;"112";Braga;Vila Verde;Cervães;1089.05;10.89
"031311";Continente;"1";Norte;"11";Cávado;"112";Braga;Vila Verde;Coucieiro;421.67;4.22
"031313";Continente;"1";Norte;"11";Cávado;"112";Braga;Vila Verde;Dossãos;334.67;3.35
"031316";Continente;"1";Norte;"11";Cávado;"112";Braga;Vila Verde;Freiriz;584.25;5.84
"031317";Continente;"1";Norte;"11";Cávado;"112";Braga;Vila Verde;Gême;159.67;1.6
"031323";Continente;"1";Norte;"11";Cávado;"112";Braga;Vila Verde;Lage;466.8;4.67
"031324";Continente;"1";Norte;"11";Cávado;"112";Braga;Vila Verde;Lanhas;182.96;1.83
"031325";Continente;"1";Norte;"11";Cávado;"112";Braga;Vila Verde;Loureira;175.95;1.76
"031328";Continente;"1";Norte;"11";Cávado;"112";Braga;Vila Verde;Moure;450.17;4.5
"031330";Continente;"1";Norte;"11";Cávado;"112";Braga;Vila Verde;Oleiros;377.9;3.78
"031331";Continente;"1";Norte;"11";Cávado;"112";Braga;Vila Verde;Parada de Gatim;321.52;3.22
"031335";Continente;"1";Norte;"11";Cávado;"112";Braga;Vila Verde;Pico;280.18;2.8
"031337";Continente;"1";Norte;"11";Cávado;"112";Braga;Vila Verde;Ponte;341.21;3.41
"031340";Continente;"1";Norte;"11";Cávado;"112";Braga;Vila Verde;Sabariz;207.01;2.07
"031342";Continente;"1";Norte;"11";Cávado;"112";Braga;Vila Verde;Vila de Prado;551.51;5.52
"031350";Continente;"1";Norte;"11";Cávado;"112";Braga;Vila Verde;Prado (São Miguel);550.6;5.51
"031352";Continente;"1";Norte;"11";Cávado;"112";Braga;Vila Verde;Soutelo;417.12;4.17
"031354";Continente;"1";Norte;"11";Cávado;"112";Braga;Vila Verde;Turiz;362.03;3.62
"031355";Continente;"1";Norte;"11";Cávado;"112";Braga;Vila Verde;Valdreu;1795.66;17.96
"031359";Continente;"1";Norte;"11";Cávado;"112";Braga;Vila Verde;Aboim da Nóbrega e Gondomar;1441.17;14.41
"031360";Continente;"1";Norte;"11";Cávado;"112";Braga;Vila Verde;União das freguesias da Ribeira do Neiva;3376.25;33.76
"031361";Continente;"1";Norte;"11";Cávado;"112";Braga;Vila Verde;União das freguesias de Carreiras (São Miguel) e Carreiras (Santiago);440.44;4.4
"031362";Continente;"1";Norte;"11";Cávado;"112";Braga;Vila Verde;União das freguesias de Escariz (São Mamede) e Escariz (São Martinho);577.93;5.78
"031363";Continente;"1";Norte;"11";Cávado;"112";Braga;Vila Verde;"União das freguesias de Esqueiros, Nevogilde e Travassós";502.49;5.02
"031364";Continente;"1";Norte;"11";Cávado;"112";Braga;Vila Verde;União das freguesias de Marrancos e Arcozelo;648.85;6.49
"031365";Continente;"1";Norte;"11";Cávado;"112";Braga;Vila Verde;União das freguesias de Oriz (Santa Marinha) e Oriz (São Miguel);605.64;6.06
"031366";Continente;"1";Norte;"11";Cávado;"112";Braga;Vila Verde;"União das freguesias de Pico de Regalados, Gondiães e Mós";953.02;9.53
"031367";Continente;"1";Norte;"11";Cávado;"112";Braga;Vila Verde;"União das freguesias de Sande, Vilarinho, Barros e Gomide";1238.33;12.38
"031368";Continente;"1";Norte;"11";Cávado;"112";Braga;Vila Verde;"União das freguesias de Valbom (São Pedro), Passô e Valbom (São Martinho)";618.52;6.19
"031369";Continente;"1";Norte;"11";Cávado;"112";Braga;Vila Verde;União das freguesias do Vade;1563.91;15.64
"031370";Continente;"1";Norte;"11";Cávado;"112";Braga;Vila Verde;Vila Verde e Barbudo;752.36;7.52
"031401";Continente;"1";Norte;"11";Ave;"119";Braga;Vizela;Santa Eulália;564.05;5.64
"031404";Continente;"1";Norte;"11";Ave;"119";Braga;Vizela;Infias;311.34;3.11
"031406";Continente;"1";Norte;"11";Ave;"119";Braga;Vizela;Vizela (Santo Adrião);301.15;3.01
"031408";Continente;"1";Norte;"11";Ave;"119";Braga;Vizela;União das freguesias de Caldas de Vizela (São Miguel e São João);768.38;7.68
"031410";Continente;"1";Norte;"11";Ave;"119";Braga;Vizela;Tagilde;277.08;2.77
"031411";Continente;"1";Norte;"11";Ave;"119";Braga;Vizela;Vizela (São Paio);247.82;2.48
"040102";Continente;"1";Norte;"11";Terras de Trás-os-Montes;11E;Bragança;Alfândega da Fé;Alfândega da Fé;4062.12;40.62
"040103";Continente;"1";Norte;"11";Terras de Trás-os-Montes;11E;Bragança;Alfândega da Fé;Cerejais;1699.96;17
"040111";Continente;"1";Norte;"11";Terras de Trás-os-Montes;11E;Bragança;Alfândega da Fé;Sambade;3148.79;31.49
"040118";Continente;"1";Norte;"11";Terras de Trás-os-Montes;11E;Bragança;Alfândega da Fé;Vilar Chão;2454.91;24.55
"040119";Continente;"1";Norte;"11";Terras de Trás-os-Montes;11E;Bragança;Alfândega da Fé;Vilarelhos;1205.35;12.05
"040120";Continente;"1";Norte;"11";Terras de Trás-os-Montes;11E;Bragança;Alfândega da Fé;Vilares de Vilariça;1491.96;14.92
"040121";Continente;"1";Norte;"11";Terras de Trás-os-Montes;11E;Bragança;Alfândega da Fé;"União das freguesias de Agrobom, Saldonha e Vale Pereiro";3260.35;32.6
"040122";Continente;"1";Norte;"11";Terras de Trás-os-Montes;11E;Bragança;Alfândega da Fé;"União das freguesias de Eucisia, Gouveia e Valverde";5082.01;50.82
"040123";Continente;"1";Norte;"11";Terras de Trás-os-Montes;11E;Bragança;Alfândega da Fé;União das freguesias de Ferradosa e Sendim da Serra;2705.79;27.06
"040124";Continente;"1";Norte;"11";Terras de Trás-os-Montes;11E;Bragança;Alfândega da Fé;União das freguesias de Gebelim e Soeima;3059.77;30.6
"040125";Continente;"1";Norte;"11";Terras de Trás-os-Montes;11E;Bragança;Alfândega da Fé;União das freguesias de Parada e Sendim da Ribeira;2504.36;25.04
"040126";Continente;"1";Norte;"11";Terras de Trás-os-Montes;11E;Bragança;Alfândega da Fé;União das freguesias de Pombal e Vales;1519.27;15.19
"040201";Continente;"1";Norte;"11";Terras de Trás-os-Montes;11E;Bragança;Bragança;Alfaião;1758.25;17.58
"040203";Continente;"1";Norte;"11";Terras de Trás-os-Montes;11E;Bragança;Bragança;Babe;2561.66;25.62
"040204";Continente;"1";Norte;"11";Terras de Trás-os-Montes;11E;Bragança;Bragança;Baçal;2836.56;28.37
"040206";Continente;"1";Norte;"11";Terras de Trás-os-Montes;11E;Bragança;Bragança;Carragosa;2777.19;27.77
"040209";Continente;"1";Norte;"11";Terras de Trás-os-Montes;11E;Bragança;Bragança;Castro de Avelãs;1347.87;13.48
"040210";Continente;"1";Norte;"11";Terras de Trás-os-Montes;11E;Bragança;Bragança;Coelhoso;1978.13;19.78
"040212";Continente;"1";Norte;"11";Terras de Trás-os-Montes;11E;Bragança;Bragança;Donai;1506.86;15.07
"040213";Continente;"1";Norte;"11";Terras de Trás-os-Montes;11E;Bragança;Bragança;Espinhosela;3702.8;37.03
"040215";Continente;"1";Norte;"11";Terras de Trás-os-Montes;11E;Bragança;Bragança;França;5371.3;53.71
"040216";Continente;"1";Norte;"11";Terras de Trás-os-Montes;11E;Bragança;Bragança;Gimonde;1649.59;16.5
"040217";Continente;"1";Norte;"11";Terras de Trás-os-Montes;11E;Bragança;Bragança;Gondesende;1294.18;12.94
"040218";Continente;"1";Norte;"11";Terras de Trás-os-Montes;11E;Bragança;Bragança;Gostei;1949.21;19.49
"040219";Continente;"1";Norte;"11";Terras de Trás-os-Montes;11E;Bragança;Bragança;Grijó de Parada;3118.66;31.19
"040221";Continente;"1";Norte;"11";Terras de Trás-os-Montes;11E;Bragança;Bragança;Macedo do Mato;1554.17;15.54
"040224";Continente;"1";Norte;"11";Terras de Trás-os-Montes;11E;Bragança;Bragança;Mós;1162.3;11.62
"040225";Continente;"1";Norte;"11";Terras de Trás-os-Montes;11E;Bragança;Bragança;Nogueira;1207.13;12.07
"040226";Continente;"1";Norte;"11";Terras de Trás-os-Montes;11E;Bragança;Bragança;Outeiro;4093.21;40.93
"040229";Continente;"1";Norte;"11";Terras de Trás-os-Montes;11E;Bragança;Bragança;Parâmio;2256.54;22.57
"040230";Continente;"1";Norte;"11";Terras de Trás-os-Montes;11E;Bragança;Bragança;Pinela;2264.92;22.65
"040232";Continente;"1";Norte;"11";Terras de Trás-os-Montes;11E;Bragança;Bragança;Quintanilha;2030.2;20.3
"040233";Continente;"1";Norte;"11";Terras de Trás-os-Montes;11E;Bragança;Bragança;Quintela de Lampaças;1998.48;19.98
"040234";Continente;"1";Norte;"11";Terras de Trás-os-Montes;11E;Bragança;Bragança;Rabal;2337.13;23.37
"040236";Continente;"1";Norte;"11";Terras de Trás-os-Montes;11E;Bragança;Bragança;Rebordãos;2629.2;26.29
"040239";Continente;"1";Norte;"11";Terras de Trás-os-Montes;11E;Bragança;Bragança;Salsas;2611.8;26.12
"040240";Continente;"1";Norte;"11";Terras de Trás-os-Montes;11E;Bragança;Bragança;Samil;1024.75;10.25
"040241";Continente;"1";Norte;"11";Terras de Trás-os-Montes;11E;Bragança;Bragança;Santa Comba de Rossas;874.77;8.75
"040244";Continente;"1";Norte;"11";Terras de Trás-os-Montes;11E;Bragança;Bragança;São Pedro de Sarracenos;1590.8;15.91
"040246";Continente;"1";Norte;"11";Terras de Trás-os-Montes;11E;Bragança;Bragança;Sendas;1917.43;19.17
"040247";Continente;"1";Norte;"11";Terras de Trás-os-Montes;11E;Bragança;Bragança;Serapicos;2824.95;28.25
"040248";Continente;"1";Norte;"11";Terras de Trás-os-Montes;11E;Bragança;Bragança;Sortes;2130.38;21.3
"040249";Continente;"1";Norte;"11";Terras de Trás-os-Montes;11E;Bragança;Bragança;Zoio;2439.11;24.39
"040250";Continente;"1";Norte;"11";Terras de Trás-os-Montes;11E;Bragança;Bragança;União das freguesias de Aveleda e Rio de Onor;10635.21;106.35
"040251";Continente;"1";Norte;"11";Terras de Trás-os-Montes;11E;Bragança;Bragança;União das freguesias de Castrelos e Carrazedo;5053.07;50.53
"040252";Continente;"1";Norte;"11";Terras de Trás-os-Montes;11E;Bragança;Bragança;"União das freguesias de Izeda, Calvelhe e Paradinha Nova";7267.01;72.67
"040253";Continente;"1";Norte;"11";Terras de Trás-os-Montes;11E;Bragança;Bragança;União das freguesias de Parada e Faílde;5213.3;52.13
"040254";Continente;"1";Norte;"11";Terras de Trás-os-Montes;11E;Bragança;Bragança;União das freguesias de Rebordainhos e Pombares;2407.16;24.07
"040255";Continente;"1";Norte;"11";Terras de Trás-os-Montes;11E;Bragança;Bragança;União das freguesias de Rio Frio e Milhão;6350.63;63.51
"040256";Continente;"1";Norte;"11";Terras de Trás-os-Montes;11E;Bragança;Bragança;União das freguesias de São Julião de Palácios e Deilão;8062.13;80.62
"040257";Continente;"1";Norte;"11";Terras de Trás-os-Montes;11E;Bragança;Bragança;"União das freguesias de Sé, Santa Maria e Meixedo";3569.22;35.69
"040304";Continente;"1";Norte;"11";Douro;11D;Bragança;Carrazeda de Ansiães;Carrazeda de Ansiães;896.04;8.96
"040306";Continente;"1";Norte;"11";Douro;11D;Bragança;Carrazeda de Ansiães;Fonte Longa;1367.76;13.68
"040308";Continente;"1";Norte;"11";Douro;11D;Bragança;Carrazeda de Ansiães;Linhares;2864.15;28.64
"040309";Continente;"1";Norte;"11";Douro;11D;Bragança;Carrazeda de Ansiães;Marzagão;1622.02;16.22
"040311";Continente;"1";Norte;"11";Douro;11D;Bragança;Carrazeda de Ansiães;Parambos;1117.52;11.18
"040312";Continente;"1";Norte;"11";Douro;11D;Bragança;Carrazeda de Ansiães;Pereiros;1470.08;14.7
"040313";Continente;"1";Norte;"11";Douro;11D;Bragança;Carrazeda de Ansiães;Pinhal do Norte;1681.46;16.81
"040314";Continente;"1";Norte;"11";Douro;11D;Bragança;Carrazeda de Ansiães;Pombal;1681.97;16.82
"040316";Continente;"1";Norte;"11";Douro;11D;Bragança;Carrazeda de Ansiães;Seixo de Ansiães;2399.22;23.99
"040318";Continente;"1";Norte;"11";Douro;11D;Bragança;Carrazeda de Ansiães;Vilarinho da Castanheira;2825.62;28.26
"040320";Continente;"1";Norte;"11";Douro;11D;Bragança;Carrazeda de Ansiães;União das freguesias de Amedo e Zedes;2342.81;23.43
"040321";Continente;"1";Norte;"11";Douro;11D;Bragança;Carrazeda de Ansiães;União das freguesias de Belver e Mogo de Malta;1980.49;19.8
"040322";Continente;"1";Norte;"11";Douro;11D;Bragança;Carrazeda de Ansiães;União das freguesias de Castanheiro do Norte e Ribalonga;2070.43;20.7
"040323";Continente;"1";Norte;"11";Douro;11D;Bragança;Carrazeda de Ansiães;"União das freguesias de Lavandeira, Beira Grande e Selores";3604.52;36.05
"040404";Continente;"1";Norte;"11";Douro;11D;Bragança;Freixo de Espada à Cinta;Ligares;4569.22;45.69
"040406";Continente;"1";Norte;"11";Douro;11D;Bragança;Freixo de Espada à Cinta;Poiares;4073.54;40.74
"040407";Continente;"1";Norte;"11";Douro;11D;Bragança;Freixo de Espada à Cinta;União das freguesias de Freixo de Espada à Cinta e Mazouco;9344.7;93.45
"040408";Continente;"1";Norte;"11";Douro;11D;Bragança;Freixo de Espada à Cinta;União das freguesias de Lagoaça e Fornos;6426.83;64.27
"040502";Continente;"1";Norte;"11";Terras de Trás-os-Montes;11E;Bragança;Macedo de Cavaleiros;Amendoeira;1572.19;15.72
"040503";Continente;"1";Norte;"11";Terras de Trás-os-Montes;11E;Bragança;Macedo de Cavaleiros;Arcas;2301.53;23.02
"040507";Continente;"1";Norte;"11";Terras de Trás-os-Montes;11E;Bragança;Macedo de Cavaleiros;Carrapatas;650.78;6.51
"040509";Continente;"1";Norte;"11";Terras de Trás-os-Montes;11E;Bragança;Macedo de Cavaleiros;Chacim;1942.93;19.43
"040510";Continente;"1";Norte;"11";Terras de Trás-os-Montes;11E;Bragança;Macedo de Cavaleiros;Cortiços;2425.16;24.25
"040511";Continente;"1";Norte;"11";Terras de Trás-os-Montes;11E;Bragança;Macedo de Cavaleiros;Corujas;990.71;9.91
"040514";Continente;"1";Norte;"11";Terras de Trás-os-Montes;11E;Bragança;Macedo de Cavaleiros;Ferreira;1964.46;19.64
"040515";Continente;"1";Norte;"11";Terras de Trás-os-Montes;11E;Bragança;Macedo de Cavaleiros;Grijó;890.59;8.91
"040516";Continente;"1";Norte;"11";Terras de Trás-os-Montes;11E;Bragança;Macedo de Cavaleiros;Lagoa;3511.4;35.11
"040517";Continente;"1";Norte;"11";Terras de Trás-os-Montes;11E;Bragança;Macedo de Cavaleiros;Lamalonga;1697.29;16.97
"040518";Continente;"1";Norte;"11";Terras de Trás-os-Montes;11E;Bragança;Macedo de Cavaleiros;Lamas;778.96;7.79
"040519";Continente;"1";Norte;"11";Terras de Trás-os-Montes;11E;Bragança;Macedo de Cavaleiros;Lombo;1440.33;14.4
"040520";Continente;"1";Norte;"11";Terras de Trás-os-Montes;11E;Bragança;Macedo de Cavaleiros;Macedo de Cavaleiros;1491.13;14.91
"040521";Continente;"1";Norte;"11";Terras de Trás-os-Montes;11E;Bragança;Macedo de Cavaleiros;Morais;5216.27;52.16
"040523";Continente;"1";Norte;"11";Terras de Trás-os-Montes;11E;Bragança;Macedo de Cavaleiros;Olmos;1870.31;18.7
"040524";Continente;"1";Norte;"11";Terras de Trás-os-Montes;11E;Bragança;Macedo de Cavaleiros;Peredo;2207.76;22.08
"040526";Continente;"1";Norte;"11";Terras de Trás-os-Montes;11E;Bragança;Macedo de Cavaleiros;Salselas;3631.04;36.31
"040528";Continente;"1";Norte;"11";Terras de Trás-os-Montes;11E;Bragança;Macedo de Cavaleiros;Sezulfe;1521.85;15.22
"040530";Continente;"1";Norte;"11";Terras de Trás-os-Montes;11E;Bragança;Macedo de Cavaleiros;Talhas;4380.03;43.8
"040532";Continente;"1";Norte;"11";Terras de Trás-os-Montes;11E;Bragança;Macedo de Cavaleiros;Vale Benfeito;1513.56;15.14
"040533";Continente;"1";Norte;"11";Terras de Trás-os-Montes;11E;Bragança;Macedo de Cavaleiros;Vale da Porca;1742.73;17.43
"040534";Continente;"1";Norte;"11";Terras de Trás-os-Montes;11E;Bragança;Macedo de Cavaleiros;Vale de Prados;1036.75;10.37
"040536";Continente;"1";Norte;"11";Terras de Trás-os-Montes;11E;Bragança;Macedo de Cavaleiros;Vilarinho de Agrochão;1385.26;13.85
"040538";Continente;"1";Norte;"11";Terras de Trás-os-Montes;11E;Bragança;Macedo de Cavaleiros;Vinhas;3301.94;33.02
"040539";Continente;"1";Norte;"11";Terras de Trás-os-Montes;11E;Bragança;Macedo de Cavaleiros;União das freguesias de Ala e Vilarinho do Monte;4077.02;40.77
"040540";Continente;"1";Norte;"11";Terras de Trás-os-Montes;11E;Bragança;Macedo de Cavaleiros;União das freguesias de Bornes e Burga;2604.52;26.05
"040541";Continente;"1";Norte;"11";Terras de Trás-os-Montes;11E;Bragança;Macedo de Cavaleiros;União das freguesias de Castelãos e Vilar do Monte;1883.84;18.84
"040542";Continente;"1";Norte;"11";Terras de Trás-os-Montes;11E;Bragança;Macedo de Cavaleiros;"União das freguesias de Espadanedo, Edroso, Murçós e Soutelo Mourisco";6413;64.13
"040543";Continente;"1";Norte;"11";Terras de Trás-os-Montes;11E;Bragança;Macedo de Cavaleiros;União das freguesias de Podence e Santa Combinha;1945.5;19.46
"040544";Continente;"1";Norte;"11";Terras de Trás-os-Montes;11E;Bragança;Macedo de Cavaleiros;União das freguesias de Talhinhas e Bagueixe;3525.24;35.25
"040604";Continente;"1";Norte;"11";Terras de Trás-os-Montes;11E;Bragança;Miranda do Douro;Duas Igrejas;4989.57;49.9
"040605";Continente;"1";Norte;"11";Terras de Trás-os-Montes;11E;Bragança;Miranda do Douro;Genísio;2946.79;29.47
"040607";Continente;"1";Norte;"11";Terras de Trás-os-Montes;11E;Bragança;Miranda do Douro;Malhadas;2767.39;27.67
"040608";Continente;"1";Norte;"11";Terras de Trás-os-Montes;11E;Bragança;Miranda do Douro;Miranda do Douro;3552.46;35.52
"040609";Continente;"1";Norte;"11";Terras de Trás-os-Montes;11E;Bragança;Miranda do Douro;Palaçoulo;4237.13;42.37
"040611";Continente;"1";Norte;"11";Terras de Trás-os-Montes;11E;Bragança;Miranda do Douro;Picote;1943.37;19.43
"040612";Continente;"1";Norte;"11";Terras de Trás-os-Montes;11E;Bragança;Miranda do Douro;Póvoa;2253.78;22.54
"040613";Continente;"1";Norte;"11";Terras de Trás-os-Montes;11E;Bragança;Miranda do Douro;São Martinho de Angueira;3677.12;36.77
"040616";Continente;"1";Norte;"11";Terras de Trás-os-Montes;11E;Bragança;Miranda do Douro;Vila Chã de Braciosa;4293.72;42.94
"040618";Continente;"1";Norte;"11";Terras de Trás-os-Montes;11E;Bragança;Miranda do Douro;União das freguesias de Constantim e Cicouro;3633.01;36.33
"040619";Continente;"1";Norte;"11";Terras de Trás-os-Montes;11E;Bragança;Miranda do Douro;União das freguesias de Ifanes e Paradela;4469.88;44.7
"040620";Continente;"1";Norte;"11";Terras de Trás-os-Montes;11E;Bragança;Miranda do Douro;União das freguesias de Sendim e Atenor;5892.93;58.93
"040621";Continente;"1";Norte;"11";Terras de Trás-os-Montes;11E;Bragança;Miranda do Douro;União das freguesias de Silva e Águas Vivas;4061.16;40.61
"040701";Continente;"1";Norte;"11";Terras de Trás-os-Montes;11E;Bragança;Mirandela;Abambres;1881.6;18.82
"040702";Continente;"1";Norte;"11";Terras de Trás-os-Montes;11E;Bragança;Mirandela;Abreiro;2402.8;24.03
"040703";Continente;"1";Norte;"11";Terras de Trás-os-Montes;11E;Bragança;Mirandela;Aguieiras;1472.25;14.72
"040704";Continente;"1";Norte;"11";Terras de Trás-os-Montes;11E;Bragança;Mirandela;Alvites;1780.89;17.81
"040708";Continente;"1";Norte;"11";Terras de Trás-os-Montes;11E;Bragança;Mirandela;Bouça;1298.99;12.99
"040709";Continente;"1";Norte;"11";Terras de Trás-os-Montes;11E;Bragança;Mirandela;Cabanelas;1865.65;18.66
"040710";Continente;"1";Norte;"11";Terras de Trás-os-Montes;11E;Bragança;Mirandela;Caravelas;1256.57;12.57
"040711";Continente;"1";Norte;"11";Terras de Trás-os-Montes;11E;Bragança;Mirandela;Carvalhais;2203.86;22.04
"040712";Continente;"1";Norte;"11";Terras de Trás-os-Montes;11E;Bragança;Mirandela;Cedães;2543.96;25.44
"040713";Continente;"1";Norte;"11";Terras de Trás-os-Montes;11E;Bragança;Mirandela;Cobro;1231.29;12.31
"040714";Continente;"1";Norte;"11";Terras de Trás-os-Montes;11E;Bragança;Mirandela;Fradizela;1277.26;12.77
"040716";Continente;"1";Norte;"11";Terras de Trás-os-Montes;11E;Bragança;Mirandela;Frechas;1854.17;18.54
"040718";Continente;"1";Norte;"11";Terras de Trás-os-Montes;11E;Bragança;Mirandela;Lamas de Orelhão;1922.18;19.22
"040720";Continente;"1";Norte;"11";Terras de Trás-os-Montes;11E;Bragança;Mirandela;Mascarenhas;2813.85;28.14
"040721";Continente;"1";Norte;"11";Terras de Trás-os-Montes;11E;Bragança;Mirandela;Mirandela;3244.94;32.45
"040722";Continente;"1";Norte;"11";Terras de Trás-os-Montes;11E;Bragança;Mirandela;Múrias;2255.13;22.55
"040724";Continente;"1";Norte;"11";Terras de Trás-os-Montes;11E;Bragança;Mirandela;Passos;1838.7;18.39
"040727";Continente;"1";Norte;"11";Terras de Trás-os-Montes;11E;Bragança;Mirandela;São Pedro Velho;2362.61;23.63
"040728";Continente;"1";Norte;"11";Terras de Trás-os-Montes;11E;Bragança;Mirandela;São Salvador;1421.3;14.21
"040729";Continente;"1";Norte;"11";Terras de Trás-os-Montes;11E;Bragança;Mirandela;Suçães;3620.5;36.21
"040730";Continente;"1";Norte;"11";Terras de Trás-os-Montes;11E;Bragança;Mirandela;Torre de Dona Chama;2768.4;27.68
"040731";Continente;"1";Norte;"11";Terras de Trás-os-Montes;11E;Bragança;Mirandela;Vale de Asnes;2141.72;21.42
"040732";Continente;"1";Norte;"11";Terras de Trás-os-Montes;11E;Bragança;Mirandela;Vale de Gouvinhas;1714.02;17.14
"040733";Continente;"1";Norte;"11";Terras de Trás-os-Montes;11E;Bragança;Mirandela;Vale de Salgueiro;1516.76;15.17
"040734";Continente;"1";Norte;"11";Terras de Trás-os-Montes;11E;Bragança;Mirandela;Vale de Telhas;1516.8;15.17
"040738";Continente;"1";Norte;"11";Terras de Trás-os-Montes;11E;Bragança;Mirandela;União das freguesias de Avantos e Romeu;2741.39;27.41
"040739";Continente;"1";Norte;"11";Terras de Trás-os-Montes;11E;Bragança;Mirandela;"União das freguesias de Avidagos, Navalho e Pereira";3316.49;33.16
"040740";Continente;"1";Norte;"11";Terras de Trás-os-Montes;11E;Bragança;Mirandela;"União das freguesias de Barcel, Marmelos e Valverde da Gestosa";4874.49;48.74
"040741";Continente;"1";Norte;"11";Terras de Trás-os-Montes;11E;Bragança;Mirandela;União das freguesias de Franco e Vila Boa;2633.91;26.34
"040742";Continente;"1";Norte;"11";Terras de Trás-os-Montes;11E;Bragança;Mirandela;União das freguesias de Freixeda e Vila Verde;2123.2;21.23
"040801";Continente;"1";Norte;"11";Terras de Trás-os-Montes;11E;Bragança;Mogadouro;Azinhoso;3080.21;30.8
"040802";Continente;"1";Norte;"11";Terras de Trás-os-Montes;11E;Bragança;Mogadouro;Bemposta;3791.91;37.92
"040803";Continente;"1";Norte;"11";Terras de Trás-os-Montes;11E;Bragança;Mogadouro;Bruçó;3238.07;32.38
"040804";Continente;"1";Norte;"11";Terras de Trás-os-Montes;11E;Bragança;Mogadouro;Brunhoso;2081.17;20.81
"040807";Continente;"1";Norte;"11";Terras de Trás-os-Montes;11E;Bragança;Mogadouro;Castelo Branco;5431.1;54.31
"040808";Continente;"1";Norte;"11";Terras de Trás-os-Montes;11E;Bragança;Mogadouro;Castro Vicente;3478.65;34.79
"040809";Continente;"1";Norte;"11";Terras de Trás-os-Montes;11E;Bragança;Mogadouro;Meirinhos;5340.16;53.4
"040811";Continente;"1";Norte;"11";Terras de Trás-os-Montes;11E;Bragança;Mogadouro;Paradela;2053.29;20.53
"040812";Continente;"1";Norte;"11";Terras de Trás-os-Montes;11E;Bragança;Mogadouro;Penas Roias;3327.96;33.28
"040813";Continente;"1";Norte;"11";Terras de Trás-os-Montes;11E;Bragança;Mogadouro;Peredo da Bemposta;1815.89;18.16
"040815";Continente;"1";Norte;"11";Terras de Trás-os-Montes;11E;Bragança;Mogadouro;Saldanha;2590.18;25.9
"040817";Continente;"1";Norte;"11";Terras de Trás-os-Montes;11E;Bragança;Mogadouro;São Martinho do Peso;5219.15;52.19
"040819";Continente;"1";Norte;"11";Terras de Trás-os-Montes;11E;Bragança;Mogadouro;Tó;2368.47;23.68
"040820";Continente;"1";Norte;"11";Terras de Trás-os-Montes;11E;Bragança;Mogadouro;Travanca;2105.67;21.06
"040821";Continente;"1";Norte;"11";Terras de Trás-os-Montes;11E;Bragança;Mogadouro;Urrós;3193.99;31.94
"040822";Continente;"1";Norte;"11";Terras de Trás-os-Montes;11E;Bragança;Mogadouro;Vale da Madre;1156.54;11.57
"040826";Continente;"1";Norte;"11";Terras de Trás-os-Montes;11E;Bragança;Mogadouro;Vila de Ala;2672.55;26.73
"040829";Continente;"1";Norte;"11";Terras de Trás-os-Montes;11E;Bragança;Mogadouro;"União das freguesias de Brunhozinho, Castanheira e Sanhoane";4276.3;42.76
"040830";Continente;"1";Norte;"11";Terras de Trás-os-Montes;11E;Bragança;Mogadouro;"União das freguesias de Mogadouro, Valverde, Vale de Porco e Vilar de Rei";10321.58;103.22
"040831";Continente;"1";Norte;"11";Terras de Trás-os-Montes;11E;Bragança;Mogadouro;União das freguesias de Remondes e Soutelo;3648.46;36.48
"040832";Continente;"1";Norte;"11";Terras de Trás-os-Montes;11E;Bragança;Mogadouro;União das freguesias de Vilarinho dos Galegos e Ventozelo;4873.61;48.74
"040901";Continente;"1";Norte;"11";Douro;11D;Bragança;Torre de Moncorvo;Açoreira;2398.03;23.98
"040903";Continente;"1";Norte;"11";Douro;11D;Bragança;Torre de Moncorvo;Cabeça Boa;2637.19;26.37
"040905";Continente;"1";Norte;"11";Douro;11D;Bragança;Torre de Moncorvo;Carviçais;6299.95;63
"040906";Continente;"1";Norte;"11";Douro;11D;Bragança;Torre de Moncorvo;Castedo;1793.62;17.94
"040909";Continente;"1";Norte;"11";Douro;11D;Bragança;Torre de Moncorvo;Horta da Vilariça;1642.15;16.42
"040910";Continente;"1";Norte;"11";Douro;11D;Bragança;Torre de Moncorvo;Larinho;2948.61;29.49
"040911";Continente;"1";Norte;"11";Douro;11D;Bragança;Torre de Moncorvo;Lousa;3393.74;33.94
"040913";Continente;"1";Norte;"11";Douro;11D;Bragança;Torre de Moncorvo;Mós;5912.59;59.13
"040916";Continente;"1";Norte;"11";Douro;11D;Bragança;Torre de Moncorvo;Torre de Moncorvo;3608.36;36.08
"040918";Continente;"1";Norte;"11";Douro;11D;Bragança;Torre de Moncorvo;União das freguesias de Adeganha e Cardanha;6445.79;64.46
"040919";Continente;"1";Norte;"11";Douro;11D;Bragança;Torre de Moncorvo;União das freguesias de Felgar e Souto da Velha;4693.19;46.93
"040920";Continente;"1";Norte;"11";Douro;11D;Bragança;Torre de Moncorvo;União das freguesias de Felgueiras e Maçores;3892.99;38.93
"040921";Continente;"1";Norte;"11";Douro;11D;Bragança;Torre de Moncorvo;União das freguesias de Urros e Peredo dos Castelhanos;7489.47;74.89
"041002";Continente;"1";Norte;"11";Terras de Trás-os-Montes;11E;Bragança;Vila Flor;Benlhevai;1135.11;11.35
"041005";Continente;"1";Norte;"11";Terras de Trás-os-Montes;11E;Bragança;Vila Flor;Freixiel;3473.78;34.74
"041009";Continente;"1";Norte;"11";Terras de Trás-os-Montes;11E;Bragança;Vila Flor;Roios;1530.27;15.3
"041010";Continente;"1";Norte;"11";Terras de Trás-os-Montes;11E;Bragança;Vila Flor;Samões;1347.74;13.48
"041011";Continente;"1";Norte;"11";Terras de Trás-os-Montes;11E;Bragança;Vila Flor;Sampaio;862.18;8.62
"041012";Continente;"1";Norte;"11";Terras de Trás-os-Montes;11E;Bragança;Vila Flor;Santa Comba de Vilariça;1218.61;12.19
"041013";Continente;"1";Norte;"11";Terras de Trás-os-Montes;11E;Bragança;Vila Flor;Seixo de Manhoses;974.9;9.75
"041014";Continente;"1";Norte;"11";Terras de Trás-os-Montes;11E;Bragança;Vila Flor;Trindade;1498.19;14.98
"041015";Continente;"1";Norte;"11";Terras de Trás-os-Montes;11E;Bragança;Vila Flor;Vale Frechoso;1930.12;19.3
"041020";Continente;"1";Norte;"11";Terras de Trás-os-Montes;11E;Bragança;Vila Flor;União das freguesias de Assares e Lodões;1426.48;14.26
"041021";Continente;"1";Norte;"11";Terras de Trás-os-Montes;11E;Bragança;Vila Flor;União das freguesias de Candoso e Carvalho de Egas;1003.54;10.04
"041022";Continente;"1";Norte;"11";Terras de Trás-os-Montes;11E;Bragança;Vila Flor;União das freguesias de Valtorno e Mourão;1858.13;18.58
"041023";Continente;"1";Norte;"11";Terras de Trás-os-Montes;11E;Bragança;Vila Flor;União das freguesias de Vila Flor e Nabo;4025.72;40.26
"041024";Continente;"1";Norte;"11";Terras de Trás-os-Montes;11E;Bragança;Vila Flor;União das freguesias de Vilas Boas e Vilarinho das Azenhas;4296.38;42.96
"041103";Continente;"1";Norte;"11";Terras de Trás-os-Montes;11E;Bragança;Vimioso;Argozelo;2952.67;29.53
"041107";Continente;"1";Norte;"11";Terras de Trás-os-Montes;11E;Bragança;Vimioso;Carção;2733.87;27.34
"041108";Continente;"1";Norte;"11";Terras de Trás-os-Montes;11E;Bragança;Vimioso;Matela;4452.31;44.52
"041109";Continente;"1";Norte;"11";Terras de Trás-os-Montes;11E;Bragança;Vimioso;Pinelo;3299.44;32.99
"041110";Continente;"1";Norte;"11";Terras de Trás-os-Montes;11E;Bragança;Vimioso;Santulhão;4937.74;49.38
"041113";Continente;"1";Norte;"11";Terras de Trás-os-Montes;11E;Bragança;Vimioso;Vilar Seco;2341.58;23.42
"041114";Continente;"1";Norte;"11";Terras de Trás-os-Montes;11E;Bragança;Vimioso;Vimioso;5534.31;55.34
"041115";Continente;"1";Norte;"11";Terras de Trás-os-Montes;11E;Bragança;Vimioso;"União das freguesias de Algoso, Campo de Víboras e Uva";9653.17;96.53
"041116";Continente;"1";Norte;"11";Terras de Trás-os-Montes;11E;Bragança;Vimioso;União das freguesias de Caçarelhos e Angueira;5315.58;53.16
"041117";Continente;"1";Norte;"11";Terras de Trás-os-Montes;11E;Bragança;Vimioso;União das freguesias de Vale de Frades e Avelanoso;6937.85;69.38
"041201";Continente;"1";Norte;"11";Terras de Trás-os-Montes;11E;Bragança;Vinhais;Agrochão;1748.52;17.49
"041203";Continente;"1";Norte;"11";Terras de Trás-os-Montes;11E;Bragança;Vinhais;Candedo;2143.9;21.44
"041204";Continente;"1";Norte;"11";Terras de Trás-os-Montes;11E;Bragança;Vinhais;Celas;3788.38;37.88
"041206";Continente;"1";Norte;"11";Terras de Trás-os-Montes;11E;Bragança;Vinhais;Edral;2616.24;26.16
"041207";Continente;"1";Norte;"11";Terras de Trás-os-Montes;11E;Bragança;Vinhais;Edrosa;2181.13;21.81
"041208";Continente;"1";Norte;"11";Terras de Trás-os-Montes;11E;Bragança;Vinhais;Ervedosa;3015.38;30.15
"041215";Continente;"1";Norte;"11";Terras de Trás-os-Montes;11E;Bragança;Vinhais;Paçó;1666.81;16.67
"041216";Continente;"1";Norte;"11";Terras de Trás-os-Montes;11E;Bragança;Vinhais;Penhas Juntas;2635.33;26.35
"041219";Continente;"1";Norte;"11";Terras de Trás-os-Montes;11E;Bragança;Vinhais;Rebordelo;2106.55;21.07
"041221";Continente;"1";Norte;"11";Terras de Trás-os-Montes;11E;Bragança;Vinhais;Santalha;2903.54;29.04
"041226";Continente;"1";Norte;"11";Terras de Trás-os-Montes;11E;Bragança;Vinhais;Tuizelo;3135.3;31.35
"041227";Continente;"1";Norte;"11";Terras de Trás-os-Montes;11E;Bragança;Vinhais;Vale das Fontes;1776.12;17.76
"041229";Continente;"1";Norte;"11";Terras de Trás-os-Montes;11E;Bragança;Vinhais;Vila Boa de Ousilhão;827.85;8.28
"041230";Continente;"1";Norte;"11";Terras de Trás-os-Montes;11E;Bragança;Vinhais;Vila Verde;1488.45;14.88
"041232";Continente;"1";Norte;"11";Terras de Trás-os-Montes;11E;Bragança;Vinhais;Vilar de Ossos;1770.19;17.7
"041233";Continente;"1";Norte;"11";Terras de Trás-os-Montes;11E;Bragança;Vinhais;Vilar de Peregrinos;1599.3;15.99
"041234";Continente;"1";Norte;"11";Terras de Trás-os-Montes;11E;Bragança;Vinhais;Vilar Seco de Lomba;2232.27;22.32
"041235";Continente;"1";Norte;"11";Terras de Trás-os-Montes;11E;Bragança;Vinhais;Vinhais;3201.33;32.01
"041236";Continente;"1";Norte;"11";Terras de Trás-os-Montes;11E;Bragança;Vinhais;União das freguesias de Curopos e Vale de Janeiro;3620.44;36.2
"041237";Continente;"1";Norte;"11";Terras de Trás-os-Montes;11E;Bragança;Vinhais;União das freguesias de Moimenta e Montouto;4335.22;43.35
"041238";Continente;"1";Norte;"11";Terras de Trás-os-Montes;11E;Bragança;Vinhais;União das freguesias de Nunes e Ousilhão;2149.48;21.49
"041239";Continente;"1";Norte;"11";Terras de Trás-os-Montes;11E;Bragança;Vinhais;União das freguesias de Quirás e Pinheiro Novo;5919;59.19
"041240";Continente;"1";Norte;"11";Terras de Trás-os-Montes;11E;Bragança;Vinhais;União das freguesias de Sobreiro de Baixo e Alvaredos;2678.76;26.79
"041241";Continente;"1";Norte;"11";Terras de Trás-os-Montes;11E;Bragança;Vinhais;"União das freguesias de Soeira, Fresulfe e Mofreita";4667.21;46.67
"041242";Continente;"1";Norte;"11";Terras de Trás-os-Montes;11E;Bragança;Vinhais;União das freguesias de Travanca e Santa Cruz;2320.17;23.2
"041243";Continente;"1";Norte;"11";Terras de Trás-os-Montes;11E;Bragança;Vinhais;União das freguesias de Vilar de Lomba e São Jomil;2948.21;29.48
"050102";Continente;"1";Centro;"19";Beiras e Serra da Estrela;"196";Castelo Branco;Belmonte;Caria;3902.81;39.03
"050104";Continente;"1";Centro;"19";Beiras e Serra da Estrela;"196";Castelo Branco;Belmonte;Inguias;2320.49;23.2
"050105";Continente;"1";Centro;"19";Beiras e Serra da Estrela;"196";Castelo Branco;Belmonte;Maçainhas;1820.65;18.21
"050107";Continente;"1";Centro;"19";Beiras e Serra da Estrela;"196";Castelo Branco;Belmonte;Belmonte;3090.5;30.91
"050108";Continente;"1";Centro;"19";Beiras e Serra da Estrela;"196";Castelo Branco;Belmonte;Colmeal da Torre;741.46;7.41
"050201";Continente;"1";Centro;"19";Beira Baixa;"195";Castelo Branco;Castelo Branco;Alcains;3694.47;36.94
"050202";Continente;"1";Centro;"19";Beira Baixa;"195";Castelo Branco;Castelo Branco;Almaceda;7219.27;72.19
"050203";Continente;"1";Centro;"19";Beira Baixa;"195";Castelo Branco;Castelo Branco;Benquerenças;6103.14;61.03
"050205";Continente;"1";Centro;"19";Beira Baixa;"195";Castelo Branco;Castelo Branco;Castelo Branco;17026.24;170.26
"050211";Continente;"1";Centro;"19";Beira Baixa;"195";Castelo Branco;Castelo Branco;Lardosa;4447.14;44.47
"050212";Continente;"1";Centro;"19";Beira Baixa;"195";Castelo Branco;Castelo Branco;Louriçal do Campo;2230.56;22.31
"050214";Continente;"1";Centro;"19";Beira Baixa;"195";Castelo Branco;Castelo Branco;Malpica do Tejo;24602.22;246.02
"050216";Continente;"1";Centro;"19";Beira Baixa;"195";Castelo Branco;Castelo Branco;Monforte da Beira;12035.46;120.35
"050220";Continente;"1";Centro;"19";Beira Baixa;"195";Castelo Branco;Castelo Branco;Salgueiro do Campo;3033.86;30.34
"050221";Continente;"1";Centro;"19";Beira Baixa;"195";Castelo Branco;Castelo Branco;Santo André das Tojeiras;7487.41;74.87
"050222";Continente;"1";Centro;"19";Beira Baixa;"195";Castelo Branco;Castelo Branco;São Vicente da Beira;10000.26;100
"050223";Continente;"1";Centro;"19";Beira Baixa;"195";Castelo Branco;Castelo Branco;Sarzedas;17204.9;172.05
"050225";Continente;"1";Centro;"19";Beira Baixa;"195";Castelo Branco;Castelo Branco;Tinalhas;1619.49;16.19
"050226";Continente;"1";Centro;"19";Beira Baixa;"195";Castelo Branco;Castelo Branco;União das freguesias de Cebolais de Cima e Retaxo;2512.61;25.13
"050229";Continente;"1";Centro;"19";Beira Baixa;"195";Castelo Branco;Castelo Branco;União das freguesias de Freixial e Juncal do Campo;4066.76;40.67
"050231";Continente;"1";Centro;"19";Beira Baixa;"195";Castelo Branco;Castelo Branco;União das freguesias de Póvoa de Rio de Moinhos e Cafede;4107.25;41.07
"050232";Continente;"1";Centro;"19";Beira Baixa;"195";Castelo Branco;Castelo Branco;Escalos de Baixo;4609.41;46.09
"050233";Continente;"1";Centro;"19";Beira Baixa;"195";Castelo Branco;Castelo Branco;Escalos de Cima;1541.16;15.41
"050234";Continente;"1";Centro;"19";Beira Baixa;"195";Castelo Branco;Castelo Branco;Lousa;3582.39;35.82
"050235";Continente;"1";Centro;"19";Beira Baixa;"195";Castelo Branco;Castelo Branco;Mata;2398.24;23.98
"050236";Continente;"1";Centro;"19";Beira Baixa;"195";Castelo Branco;Castelo Branco;Ninho do Açor;1179.89;11.8
"050237";Continente;"1";Centro;"19";Beira Baixa;"195";Castelo Branco;Castelo Branco;Sobral do Campo;3117.03;31.17
"050302";Continente;"1";Centro;"19";Beiras e Serra da Estrela;"196";Castelo Branco;Covilhã;Aldeia de São Francisco de Assis;1607.84;16.08
"050305";Continente;"1";Centro;"19";Beiras e Serra da Estrela;"196";Castelo Branco;Covilhã;Boidobra;1626;16.26
"050308";Continente;"1";Centro;"19";Beiras e Serra da Estrela;"196";Castelo Branco;Covilhã;Cortes do Meio;4740.23;47.4
"050309";Continente;"1";Centro;"19";Beiras e Serra da Estrela;"196";Castelo Branco;Covilhã;Dominguizo;494.9;4.95
"050310";Continente;"1";Centro;"19";Beiras e Serra da Estrela;"196";Castelo Branco;Covilhã;Erada;4339.52;43.4
"050311";Continente;"1";Centro;"19";Beiras e Serra da Estrela;"196";Castelo Branco;Covilhã;Ferro;3075.91;30.76
"050312";Continente;"1";Centro;"19";Beiras e Serra da Estrela;"196";Castelo Branco;Covilhã;Orjais;1889.78;18.9
"050314";Continente;"1";Centro;"19";Beiras e Serra da Estrela;"196";Castelo Branco;Covilhã;Paul;2399.21;23.99
"050315";Continente;"1";Centro;"19";Beiras e Serra da Estrela;"196";Castelo Branco;Covilhã;Peraboa;2720.12;27.2
"050318";Continente;"1";Centro;"19";Beiras e Serra da Estrela;"196";Castelo Branco;Covilhã;São Jorge da Beira;2305.08;23.05
"050322";Continente;"1";Centro;"19";Beiras e Serra da Estrela;"196";Castelo Branco;Covilhã;Sobral de São Miguel;2393.52;23.94
"050324";Continente;"1";Centro;"19";Beiras e Serra da Estrela;"196";Castelo Branco;Covilhã;Tortosendo;1775.06;17.75
"050325";Continente;"1";Centro;"19";Beiras e Serra da Estrela;"196";Castelo Branco;Covilhã;Unhais da Serra;2993.08;29.93
"050327";Continente;"1";Centro;"19";Beiras e Serra da Estrela;"196";Castelo Branco;Covilhã;Verdelhos;3649.26;36.49
"050335";Continente;"1";Centro;"19";Beiras e Serra da Estrela;"196";Castelo Branco;Covilhã;União das freguesias de Covilhã e Canhoso;2594.95;25.95
"050337";Continente;"1";Centro;"19";Beiras e Serra da Estrela;"196";Castelo Branco;Covilhã;União das freguesias de Teixoso e Sarzedo;4669.33;46.69
"050338";Continente;"1";Centro;"19";Beiras e Serra da Estrela;"196";Castelo Branco;Covilhã;União das freguesias de Vale Formoso e Aldeia do Souto;1890.02;18.9
"050339";Continente;"1";Centro;"19";Beiras e Serra da Estrela;"196";Castelo Branco;Covilhã;Barco;1406.63;14.07
"050340";Continente;"1";Centro;"19";Beiras e Serra da Estrela;"196";Castelo Branco;Covilhã;Cantar-Galo;587.11;5.87
"050341";Continente;"1";Centro;"19";Beiras e Serra da Estrela;"196";Castelo Branco;Covilhã;Casegas;4115.45;41.15
"050342";Continente;"1";Centro;"19";Beiras e Serra da Estrela;"196";Castelo Branco;Covilhã;Coutada;995.92;9.96
"050343";Continente;"1";Centro;"19";Beiras e Serra da Estrela;"196";Castelo Branco;Covilhã;Ourondo;709.21;7.09
"050344";Continente;"1";Centro;"19";Beiras e Serra da Estrela;"196";Castelo Branco;Covilhã;Peso;1077.16;10.77
"050345";Continente;"1";Centro;"19";Beiras e Serra da Estrela;"196";Castelo Branco;Covilhã;Vales do Rio;511.81;5.12
"050346";Continente;"1";Centro;"19";Beiras e Serra da Estrela;"196";Castelo Branco;Covilhã;Vila do Carvalho;992.95;9.93
"050401";Continente;"1";Centro;"19";Beiras e Serra da Estrela;"196";Castelo Branco;Fundão;Alcaide;1671.51;16.72
"050402";Continente;"1";Centro;"19";Beiras e Serra da Estrela;"196";Castelo Branco;Fundão;Alcaria;2148.14;21.48
"050403";Continente;"1";Centro;"19";Beiras e Serra da Estrela;"196";Castelo Branco;Fundão;Alcongosta;731.05;7.31
"050406";Continente;"1";Centro;"19";Beiras e Serra da Estrela;"196";Castelo Branco;Fundão;Alpedrinha;1618.69;16.19
"050408";Continente;"1";Centro;"19";Beiras e Serra da Estrela;"196";Castelo Branco;Fundão;Barroca;2309.87;23.1
"050410";Continente;"1";Centro;"19";Beiras e Serra da Estrela;"196";Castelo Branco;Fundão;Bogas de Cima;3124.29;31.24
"050411";Continente;"1";Centro;"19";Beiras e Serra da Estrela;"196";Castelo Branco;Fundão;Capinha;3963.58;39.64
"050412";Continente;"1";Centro;"19";Beiras e Serra da Estrela;"196";Castelo Branco;Fundão;Castelejo;2951.82;29.52
"050413";Continente;"1";Centro;"19";Beiras e Serra da Estrela;"196";Castelo Branco;Fundão;Castelo Novo;4051.09;40.51
"050416";Continente;"1";Centro;"19";Beiras e Serra da Estrela;"196";Castelo Branco;Fundão;Fatela;1126.57;11.27
"050419";Continente;"1";Centro;"19";Beiras e Serra da Estrela;"196";Castelo Branco;Fundão;Lavacolhos;1986.53;19.87
"050420";Continente;"1";Centro;"19";Beiras e Serra da Estrela;"196";Castelo Branco;Fundão;Orca;5498.32;54.98
"050421";Continente;"1";Centro;"19";Beiras e Serra da Estrela;"196";Castelo Branco;Fundão;Pêro Viseu;1920.08;19.2
"050424";Continente;"1";Centro;"19";Beiras e Serra da Estrela;"196";Castelo Branco;Fundão;Silvares;2024.53;20.25
"050425";Continente;"1";Centro;"19";Beiras e Serra da Estrela;"196";Castelo Branco;Fundão;Soalheira;1242.29;12.42
"050426";Continente;"1";Centro;"19";Beiras e Serra da Estrela;"196";Castelo Branco;Fundão;Souto da Casa;2936.94;29.37
"050427";Continente;"1";Centro;"19";Beiras e Serra da Estrela;"196";Castelo Branco;Fundão;Telhado;1764.15;17.64
"050431";Continente;"1";Centro;"19";Beiras e Serra da Estrela;"196";Castelo Branco;Fundão;Enxames;2248.39;22.48
"050432";Continente;"1";Centro;"19";Beiras e Serra da Estrela;"196";Castelo Branco;Fundão;Três Povos;6595.68;65.96
"050433";Continente;"1";Centro;"19";Beiras e Serra da Estrela;"196";Castelo Branco;Fundão;União das freguesias de Janeiro de Cima e Bogas de Baixo;4636.09;46.36
"050434";Continente;"1";Centro;"19";Beiras e Serra da Estrela;"196";Castelo Branco;Fundão;"União das freguesias de Fundão, Valverde, Donas, Aldeia de Joanes e Aldeia Nova do Cabo";5783.14;57.83
"050435";Continente;"1";Centro;"19";Beiras e Serra da Estrela;"196";Castelo Branco;Fundão;União das freguesias de Póvoa de Atalaia e Atalaia do Campo;2418.16;24.18
"050436";Continente;"1";Centro;"19";Beiras e Serra da Estrela;"196";Castelo Branco;Fundão;União das freguesias de Vale de Prazeres e Mata da Rainha;7268.9;72.69
"050502";Continente;"1";Centro;"19";Beira Baixa;"195";Castelo Branco;Idanha-a-Nova;Aldeia de Santa Margarida;1362.18;13.62
"050505";Continente;"1";Centro;"19";Beira Baixa;"195";Castelo Branco;Idanha-a-Nova;Ladoeiro;6328.46;63.28
"050506";Continente;"1";Centro;"19";Beira Baixa;"195";Castelo Branco;Idanha-a-Nova;Medelim;3047.42;30.47
"050509";Continente;"1";Centro;"19";Beira Baixa;"195";Castelo Branco;Idanha-a-Nova;Oledo;2766.52;27.67
"050510";Continente;"1";Centro;"19";Beira Baixa;"195";Castelo Branco;Idanha-a-Nova;Penha Garcia;12841.79;128.42
"050511";Continente;"1";Centro;"19";Beira Baixa;"195";Castelo Branco;Idanha-a-Nova;Proença-a-Velha;5800.17;58
"050512";Continente;"1";Centro;"19";Beira Baixa;"195";Castelo Branco;Idanha-a-Nova;Rosmaninhal;26658.78;266.59
"050514";Continente;"1";Centro;"19";Beira Baixa;"195";Castelo Branco;Idanha-a-Nova;São Miguel de Acha;4126.08;41.26
"050516";Continente;"1";Centro;"19";Beira Baixa;"195";Castelo Branco;Idanha-a-Nova;Toulões;3672.79;36.73
"050518";Continente;"1";Centro;"19";Beira Baixa;"195";Castelo Branco;Idanha-a-Nova;União das freguesias de Idanha-a-Nova e Alcafozes;28478.19;284.78
"050519";Continente;"1";Centro;"19";Beira Baixa;"195";Castelo Branco;Idanha-a-Nova;União das freguesias de Monfortinho e Salvaterra do Extremo;13538.7;135.39
"050520";Continente;"1";Centro;"19";Beira Baixa;"195";Castelo Branco;Idanha-a-Nova;União das freguesias de Monsanto e Idanha-a-Velha;15273.05;152.73
"050521";Continente;"1";Centro;"19";Beira Baixa;"195";Castelo Branco;Idanha-a-Nova;União das freguesias de Zebreira e Segura;17739.38;177.39
"050601";Continente;"1";Centro;"19";Beira Baixa;"195";Castelo Branco;Oleiros;Álvaro;2940.84;29.41
"050603";Continente;"1";Centro;"19";Beira Baixa;"195";Castelo Branco;Oleiros;Cambas;4853.84;48.54
"050605";Continente;"1";Centro;"19";Beira Baixa;"195";Castelo Branco;Oleiros;Isna;2794.1;27.94
"050606";Continente;"1";Centro;"19";Beira Baixa;"195";Castelo Branco;Oleiros;Madeirã;2687.43;26.87
"050607";Continente;"1";Centro;"19";Beira Baixa;"195";Castelo Branco;Oleiros;Mosteiro;1769.54;17.7
"050609";Continente;"1";Centro;"19";Beira Baixa;"195";Castelo Branco;Oleiros;Orvalho;3331.13;33.31
"050610";Continente;"1";Centro;"19";Beira Baixa;"195";Castelo Branco;Oleiros;Sarnadas de São Simão;3100.33;31
"050611";Continente;"1";Centro;"19";Beira Baixa;"195";Castelo Branco;Oleiros;Sobral;1916.39;19.16
"050613";Continente;"1";Centro;"19";Beira Baixa;"195";Castelo Branco;Oleiros;Estreito-Vilar Barroco;9351.29;93.51
"050614";Continente;"1";Centro;"19";Beira Baixa;"195";Castelo Branco;Oleiros;Oleiros-Amieira;14364.42;143.64
"050704";Continente;"1";Centro;"19";Beira Baixa;"195";Castelo Branco;Penamacor;Aranhas;547.67;5.48
"050706";Continente;"1";Centro;"19";Beira Baixa;"195";Castelo Branco;Penamacor;Benquerença;2860.15;28.6
"050707";Continente;"1";Centro;"19";Beira Baixa;"195";Castelo Branco;Penamacor;Meimão;3311.68;33.12
"050708";Continente;"1";Centro;"19";Beira Baixa;"195";Castelo Branco;Penamacor;Meimoa;2879.54;28.8
"050710";Continente;"1";Centro;"19";Beira Baixa;"195";Castelo Branco;Penamacor;Penamacor;37349.86;373.5
"050711";Continente;"1";Centro;"19";Beira Baixa;"195";Castelo Branco;Penamacor;Salvador;1048.68;10.49
"050712";Continente;"1";Centro;"19";Beira Baixa;"195";Castelo Branco;Penamacor;Vale da Senhora da Póvoa;1931.23;19.31
"050713";Continente;"1";Centro;"19";Beira Baixa;"195";Castelo Branco;Penamacor;"União das freguesias de Aldeia do Bispo, Águas e Aldeia de João Pires";3270.98;32.71
"050714";Continente;"1";Centro;"19";Beira Baixa;"195";Castelo Branco;Penamacor;União das freguesias de Pedrógão de São Pedro e Bemposta;3170.91;31.71
"050802";Continente;"1";Centro;"19";Beira Baixa;"195";Castelo Branco;Proença-a-Nova;Montes da Senhora;3673.04;36.73
"050805";Continente;"1";Centro;"19";Beira Baixa;"195";Castelo Branco;Proença-a-Nova;São Pedro do Esteval;6849.9;68.5
"050807";Continente;"1";Centro;"19";Beira Baixa;"195";Castelo Branco;Proença-a-Nova;União das freguesias de Proença-a-Nova e Peral;17151.37;171.51
"050808";Continente;"1";Centro;"19";Beira Baixa;"195";Castelo Branco;Proença-a-Nova;União das freguesias de Sobreira Formosa e Alvito da Beira;11865.65;118.66
"050901";Continente;"1";Centro;"19";Beira Baixa;"195";Castelo Branco;Sertã;Cabeçudo;1039.38;10.39
"050902";Continente;"1";Centro;"19";Beira Baixa;"195";Castelo Branco;Sertã;Carvalhal;1002.02;10.02
"050903";Continente;"1";Centro;"19";Beira Baixa;"195";Castelo Branco;Sertã;Castelo;2457.43;24.57
"050911";Continente;"1";Centro;"19";Beira Baixa;"195";Castelo Branco;Sertã;Pedrógão Pequeno;3685.69;36.86
"050912";Continente;"1";Centro;"19";Beira Baixa;"195";Castelo Branco;Sertã;Sertã;8094.75;80.95
"050913";Continente;"1";Centro;"19";Beira Baixa;"195";Castelo Branco;Sertã;Troviscal;5337.07;53.37
"050914";Continente;"1";Centro;"19";Beira Baixa;"195";Castelo Branco;Sertã;Várzea dos Cavaleiros;3450.64;34.51
"050915";Continente;"1";Centro;"19";Beira Baixa;"195";Castelo Branco;Sertã;"União das freguesias de Cernache do Bonjardim, Nesperal e Palhais";10158.68;101.59
"050916";Continente;"1";Centro;"19";Beira Baixa;"195";Castelo Branco;Sertã;União das freguesias de Cumeada e Marmeleiro;5173.28;51.73
"050917";Continente;"1";Centro;"19";Beira Baixa;"195";Castelo Branco;Sertã;União das freguesias de Ermida e Figueiredo;4274.22;42.74
"051001";Continente;"1";Centro;"19";Beira Baixa;"195";Castelo Branco;Vila de Rei;Fundada;3654.43;36.54
"051002";Continente;"1";Centro;"19";Beira Baixa;"195";Castelo Branco;Vila de Rei;São João do Peso;1305.07;13.05
"051003";Continente;"1";Centro;"19";Beira Baixa;"195";Castelo Branco;Vila de Rei;Vila de Rei;14195.09;141.95
"051101";Continente;"1";Centro;"19";Beira Baixa;"195";Castelo Branco;Vila Velha de Ródão;Fratel;9784.38;97.84
"051102";Continente;"1";Centro;"19";Beira Baixa;"195";Castelo Branco;Vila Velha de Ródão;Perais;8195.15;81.95
"051103";Continente;"1";Centro;"19";Beira Baixa;"195";Castelo Branco;Vila Velha de Ródão;Sarnadas de Ródão;5967.54;59.68
"051104";Continente;"1";Centro;"19";Beira Baixa;"195";Castelo Branco;Vila Velha de Ródão;Vila Velha de Ródão;9044.09;90.44
"060102";Continente;"1";Centro;"19";Região de Coimbra;"192";Coimbra;Arganil;Arganil;3411.01;34.11
"060104";Continente;"1";Centro;"19";Região de Coimbra;"192";Coimbra;Arganil;Benfeita;2176.95;21.77
"060105";Continente;"1";Centro;"19";Região de Coimbra;"192";Coimbra;Arganil;Celavisa;1527.19;15.27
"060109";Continente;"1";Centro;"19";Região de Coimbra;"192";Coimbra;Arganil;Folques;1835.63;18.36
"060111";Continente;"1";Centro;"19";Região de Coimbra;"192";Coimbra;Arganil;Piódão;3657.02;36.57
"060112";Continente;"1";Centro;"19";Região de Coimbra;"192";Coimbra;Arganil;Pomares;3151.71;31.52
"060113";Continente;"1";Centro;"19";Região de Coimbra;"192";Coimbra;Arganil;Pombeiro da Beira;3264.9;32.65
"060114";Continente;"1";Centro;"19";Região de Coimbra;"192";Coimbra;Arganil;São Martinho da Cortiça;3154.22;31.54
"060115";Continente;"1";Centro;"19";Região de Coimbra;"192";Coimbra;Arganil;Sarzedo;1155.55;11.56
"060116";Continente;"1";Centro;"19";Região de Coimbra;"192";Coimbra;Arganil;Secarias;694.07;6.94
"060119";Continente;"1";Centro;"19";Região de Coimbra;"192";Coimbra;Arganil;União das freguesias de Cepos e Teixeira;3271.1;32.71
"060120";Continente;"1";Centro;"19";Região de Coimbra;"192";Coimbra;Arganil;União das freguesias de Cerdeira e Moura da Serra;1842.38;18.42
"060121";Continente;"1";Centro;"19";Região de Coimbra;"192";Coimbra;Arganil;União das freguesias de Côja e Barril de Alva;2429.63;24.3
"060122";Continente;"1";Centro;"19";Região de Coimbra;"192";Coimbra;Arganil;União das freguesias de Vila Cova de Alva e Anseriz;1712.58;17.13
"060201";Continente;"1";Centro;"19";Região de Coimbra;"192";Coimbra;Cantanhede;Ançã;1809.58;18.1
"060203";Continente;"1";Centro;"19";Região de Coimbra;"192";Coimbra;Cantanhede;Cadima;2699.13;26.99
"060205";Continente;"1";Centro;"19";Região de Coimbra;"192";Coimbra;Cantanhede;Cordinhã;991.69;9.92
"060207";Continente;"1";Centro;"19";Região de Coimbra;"192";Coimbra;Cantanhede;Febres;2294.18;22.94
"060208";Continente;"1";Centro;"19";Região de Coimbra;"192";Coimbra;Cantanhede;Murtede;2016.1;20.16
"060209";Continente;"1";Centro;"19";Região de Coimbra;"192";Coimbra;Cantanhede;Ourentã;1836.08;18.36
"060214";Continente;"1";Centro;"19";Região de Coimbra;"192";Coimbra;Cantanhede;Tocha;7843.95;78.44
"060215";Continente;"1";Centro;"19";Região de Coimbra;"192";Coimbra;Cantanhede;São Caetano;1903.81;19.04
"060218";Continente;"1";Centro;"19";Região de Coimbra;"192";Coimbra;Cantanhede;Sanguinheira;2660.47;26.6
"060221";Continente;"1";Centro;"19";Região de Coimbra;"192";Coimbra;Cantanhede;União das freguesias de Covões e Camarneira;3685.94;36.86
"060222";Continente;"1";Centro;"19";Região de Coimbra;"192";Coimbra;Cantanhede;União das freguesias de Portunhos e Outil;3072.15;30.72
"060223";Continente;"1";Centro;"19";Região de Coimbra;"192";Coimbra;Cantanhede;União das freguesias de Sepins e Bolho;1761.36;17.61
"060224";Continente;"1";Centro;"19";Região de Coimbra;"192";Coimbra;Cantanhede;União das freguesias de Vilamar e Corticeiro de Cima;1104.58;11.05
"060225";Continente;"1";Centro;"19";Região de Coimbra;"192";Coimbra;Cantanhede;Cantanhede;4176.01;41.76
"060226";Continente;"1";Centro;"19";Região de Coimbra;"192";Coimbra;Cantanhede;Pocariça;1232.99;12.33
"060301";Continente;"1";Centro;"19";Região de Coimbra;"192";Coimbra;Coimbra;Almalaguês;2316.39;23.16
"060309";Continente;"1";Centro;"19";Região de Coimbra;"192";Coimbra;Coimbra;Brasfemes;917.79;9.18
"060311";Continente;"1";Centro;"19";Região de Coimbra;"192";Coimbra;Coimbra;Ceira;1242.49;12.42
"060312";Continente;"1";Centro;"19";Região de Coimbra;"192";Coimbra;Coimbra;Cernache;1916.52;19.17
"060318";Continente;"1";Centro;"19";Região de Coimbra;"192";Coimbra;Coimbra;Santo António dos Olivais;1927.33;19.27
"060320";Continente;"1";Centro;"19";Região de Coimbra;"192";Coimbra;Coimbra;São João do Campo;791.95;7.92
"060324";Continente;"1";Centro;"19";Região de Coimbra;"192";Coimbra;Coimbra;São Silvestre;1027.34;10.27
"060329";Continente;"1";Centro;"19";Região de Coimbra;"192";Coimbra;Coimbra;Torres do Mondego;1666.29;16.66
"060332";Continente;"1";Centro;"19";Região de Coimbra;"192";Coimbra;Coimbra;União das freguesias de Antuzede e Vil de Matos;1762.39;17.62
"060333";Continente;"1";Centro;"19";Região de Coimbra;"192";Coimbra;Coimbra;União das freguesias de Assafarge e Antanhol;1951.13;19.51
"060334";Continente;"1";Centro;"19";Região de Coimbra;"192";Coimbra;Coimbra;"União das freguesias de Coimbra (Sé Nova, Santa Cruz, Almedina e São Bartolomeu)";833.48;8.33
"060335";Continente;"1";Centro;"19";Região de Coimbra;"192";Coimbra;Coimbra;União das freguesias de Eiras e São Paulo de Frades;2477.71;24.78
"060336";Continente;"1";Centro;"19";Região de Coimbra;"192";Coimbra;Coimbra;União das freguesias de Santa Clara e Castelo Viegas;1762.77;17.63
"060337";Continente;"1";Centro;"19";Região de Coimbra;"192";Coimbra;Coimbra;União das freguesias de São Martinho de Árvore e Lamarosa;2088.17;20.88
"060338";Continente;"1";Centro;"19";Região de Coimbra;"192";Coimbra;Coimbra;União das freguesias de São Martinho do Bispo e Ribeira de Frades;2467.74;24.68
"060339";Continente;"1";Centro;"19";Região de Coimbra;"192";Coimbra;Coimbra;União das freguesias de Souselas e Botão;3300.7;33.01
"060340";Continente;"1";Centro;"19";Região de Coimbra;"192";Coimbra;Coimbra;"União das freguesias de Taveiro, Ameal e Arzila";2433.96;24.34
"060341";Continente;"1";Centro;"19";Região de Coimbra;"192";Coimbra;Coimbra;União das freguesias de Trouxemil e Torre de Vilela;1055.78;10.56
"060401";Continente;"1";Centro;"19";Região de Coimbra;"192";Coimbra;Condeixa-a-Nova;Anobra;1638.29;16.38
"060406";Continente;"1";Centro;"19";Região de Coimbra;"192";Coimbra;Condeixa-a-Nova;Ega;3255.06;32.55
"060407";Continente;"1";Centro;"19";Região de Coimbra;"192";Coimbra;Condeixa-a-Nova;Furadouro;1441.22;14.41
"060410";Continente;"1";Centro;"19";Região de Coimbra;"192";Coimbra;Condeixa-a-Nova;Zambujal;1841.8;18.42
"060411";Continente;"1";Centro;"19";Região de Coimbra;"192";Coimbra;Condeixa-a-Nova;União das freguesias de Condeixa-a-Velha e Condeixa-a-Nova;2765.36;27.65
"060412";Continente;"1";Centro;"19";Região de Coimbra;"192";Coimbra;Condeixa-a-Nova;União das freguesias de Sebal e Belide;1298.61;12.99
"060413";Continente;"1";Centro;"19";Região de Coimbra;"192";Coimbra;Condeixa-a-Nova;União das freguesias de Vila Seca e Bem da Fé;1627.14;16.27
"060502";Continente;"1";Centro;"19";Região de Coimbra;"192";Coimbra;Figueira da Foz;Alqueidão;1966.48;19.66
"060507";Continente;"1";Centro;"19";Região de Coimbra;"192";Coimbra;Figueira da Foz;Maiorca;2513.55;25.14
"060508";Continente;"1";Centro;"19";Região de Coimbra;"192";Coimbra;Figueira da Foz;Marinha das Ondas;2741.22;27.41
"060512";Continente;"1";Centro;"19";Região de Coimbra;"192";Coimbra;Figueira da Foz;Tavarede;1071.36;10.71
"060513";Continente;"1";Centro;"19";Região de Coimbra;"192";Coimbra;Figueira da Foz;Vila Verde;1729.24;17.29
"060514";Continente;"1";Centro;"19";Região de Coimbra;"192";Coimbra;Figueira da Foz;São Pedro;700.52;7.01
"060515";Continente;"1";Centro;"19";Região de Coimbra;"192";Coimbra;Figueira da Foz;Bom Sucesso;6036.17;60.36
"060518";Continente;"1";Centro;"19";Região de Coimbra;"192";Coimbra;Figueira da Foz;Moinhos da Gândara;1074.43;10.74
"060522";Continente;"1";Centro;"19";Região de Coimbra;"192";Coimbra;Figueira da Foz;Lavos;4202.36;42.02
"060523";Continente;"1";Centro;"19";Região de Coimbra;"192";Coimbra;Figueira da Foz;Paião;3118.71;31.19
"060524";Continente;"1";Centro;"19";Região de Coimbra;"192";Coimbra;Figueira da Foz;Quiaios;4932.59;49.33
"060525";Continente;"1";Centro;"19";Região de Coimbra;"192";Coimbra;Figueira da Foz;Alhadas;2889.05;28.89
"060526";Continente;"1";Centro;"19";Região de Coimbra;"192";Coimbra;Figueira da Foz;Brenha;593.46;5.93
"060527";Continente;"1";Centro;"19";Região de Coimbra;"192";Coimbra;Figueira da Foz;Buarcos;1164.05;11.64
"060528";Continente;"1";Centro;"19";Região de Coimbra;"192";Coimbra;Figueira da Foz;Ferreira-a-Nova;1277.61;12.78
"060529";Continente;"1";Centro;"19";Região de Coimbra;"192";Coimbra;Figueira da Foz;Santana;1505.48;15.05
"060530";Continente;"1";Centro;"19";Região de Coimbra;"192";Coimbra;Figueira da Foz;São Julião da Figueira da Foz;388.99;3.89
"060601";Continente;"1";Centro;"19";Região de Coimbra;"192";Coimbra;Góis;Alvares;10057.33;100.57
"060604";Continente;"1";Centro;"19";Região de Coimbra;"192";Coimbra;Góis;Góis;7287.1;72.87
"060605";Continente;"1";Centro;"19";Região de Coimbra;"192";Coimbra;Góis;Vila Nova do Ceira;1970.12;19.7
"060606";Continente;"1";Centro;"19";Região de Coimbra;"192";Coimbra;Góis;União das freguesias de Cadafaz e Colmeal;7015.63;70.16
"060704";Continente;"1";Centro;"19";Região de Coimbra;"192";Coimbra;Lousã;Serpins;3612.2;36.12
"060706";Continente;"1";Centro;"19";Região de Coimbra;"192";Coimbra;Lousã;Gândaras;1004.05;10.04
"060707";Continente;"1";Centro;"19";Região de Coimbra;"192";Coimbra;Lousã;União das freguesias de Foz de Arouce e Casal de Ermio;1983.53;19.84
"060709";Continente;"1";Centro;"19";Região de Coimbra;"192";Coimbra;Lousã;Lousã;4709.68;47.1
"060710";Continente;"1";Centro;"19";Região de Coimbra;"192";Coimbra;Lousã;Vilarinho;2530.55;25.31
"060801";Continente;"1";Centro;"19";Região de Coimbra;"192";Coimbra;Mira;Mira;6314.32;63.14
"060802";Continente;"1";Centro;"19";Região de Coimbra;"192";Coimbra;Mira;Seixo;1623.1;16.23
"060803";Continente;"1";Centro;"19";Região de Coimbra;"192";Coimbra;Mira;Carapelhos;438.12;4.38
"060804";Continente;"1";Centro;"19";Região de Coimbra;"192";Coimbra;Mira;Praia de Mira;4027.85;40.28
"060901";Continente;"1";Centro;"19";Região de Coimbra;"192";Coimbra;Miranda do Corvo;Lamas;1566.04;15.66
"060902";Continente;"1";Centro;"19";Região de Coimbra;"192";Coimbra;Miranda do Corvo;Miranda do Corvo;4651.96;46.52
"060905";Continente;"1";Centro;"19";Região de Coimbra;"192";Coimbra;Miranda do Corvo;Vila Nova;2689.54;26.9
"060906";Continente;"1";Centro;"19";Região de Coimbra;"192";Coimbra;Miranda do Corvo;União das freguesias de Semide e Rio Vide;3730.25;37.3
"061002";Continente;"1";Centro;"19";Região de Coimbra;"192";Coimbra;Montemor-o-Velho;Arazede;5344.7;53.45
"061003";Continente;"1";Centro;"19";Região de Coimbra;"192";Coimbra;Montemor-o-Velho;Carapinheira;1590.03;15.9
"061005";Continente;"1";Centro;"19";Região de Coimbra;"192";Coimbra;Montemor-o-Velho;Liceia;1269.04;12.69
"061006";Continente;"1";Centro;"19";Região de Coimbra;"192";Coimbra;Montemor-o-Velho;Meãs do Campo;974.38;9.74
"061008";Continente;"1";Centro;"19";Região de Coimbra;"192";Coimbra;Montemor-o-Velho;Pereira;1233.98;12.34
"061009";Continente;"1";Centro;"19";Região de Coimbra;"192";Coimbra;Montemor-o-Velho;Santo Varão;1184.67;11.85
"061010";Continente;"1";Centro;"19";Região de Coimbra;"192";Coimbra;Montemor-o-Velho;Seixo de Gatões;1089.89;10.9
"061011";Continente;"1";Centro;"19";Região de Coimbra;"192";Coimbra;Montemor-o-Velho;Tentúgal;3429.18;34.29
"061014";Continente;"1";Centro;"19";Região de Coimbra;"192";Coimbra;Montemor-o-Velho;Ereira;724.63;7.25
"061015";Continente;"1";Centro;"19";Região de Coimbra;"192";Coimbra;Montemor-o-Velho;"União das freguesias de Abrunheira, Verride e Vila Nova da Barca";2950.02;29.5
"061016";Continente;"1";Centro;"19";Região de Coimbra;"192";Coimbra;Montemor-o-Velho;União das freguesias de Montemor-o-Velho e Gatões;3105.69;31.06
"061101";Continente;"1";Centro;"19";Região de Coimbra;"192";Coimbra;Oliveira do Hospital;Aldeia das Dez;1869.49;18.69
"061102";Continente;"1";Centro;"19";Região de Coimbra;"192";Coimbra;Oliveira do Hospital;Alvoco das Várzeas;1162.3;11.62
"061103";Continente;"1";Centro;"19";Região de Coimbra;"192";Coimbra;Oliveira do Hospital;Avô;717.2;7.17
"061104";Continente;"1";Centro;"19";Região de Coimbra;"192";Coimbra;Oliveira do Hospital;Bobadela;567.96;5.68
"061106";Continente;"1";Centro;"19";Região de Coimbra;"192";Coimbra;Oliveira do Hospital;Lagares;1318.96;13.19
"061109";Continente;"1";Centro;"19";Região de Coimbra;"192";Coimbra;Oliveira do Hospital;Lourosa;1393.53;13.94
"061110";Continente;"1";Centro;"19";Região de Coimbra;"192";Coimbra;Oliveira do Hospital;Meruge;724.7;7.25
"061111";Continente;"1";Centro;"19";Região de Coimbra;"192";Coimbra;Oliveira do Hospital;Nogueira do Cravo;1498.36;14.98
"061115";Continente;"1";Centro;"19";Região de Coimbra;"192";Coimbra;Oliveira do Hospital;São Gião;1454.92;14.55
"061118";Continente;"1";Centro;"19";Região de Coimbra;"192";Coimbra;Oliveira do Hospital;Seixo da Beira;3372.92;33.73
"061119";Continente;"1";Centro;"19";Região de Coimbra;"192";Coimbra;Oliveira do Hospital;Travanca de Lagos;1582.67;15.83
"061123";Continente;"1";Centro;"19";Região de Coimbra;"192";Coimbra;Oliveira do Hospital;União das freguesias de Lagos da Beira e Lajeosa;1351.19;13.51
"061124";Continente;"1";Centro;"19";Região de Coimbra;"192";Coimbra;Oliveira do Hospital;União das freguesias de Oliveira do Hospital e São Paio de Gramaços;1366.87;13.67
"061125";Continente;"1";Centro;"19";Região de Coimbra;"192";Coimbra;Oliveira do Hospital;União das freguesias de Penalva de Alva e São Sebastião da Feira;1449.59;14.5
"061126";Continente;"1";Centro;"19";Região de Coimbra;"192";Coimbra;Oliveira do Hospital;União das freguesias de Santa Ovaia e Vila Pouca da Beira;743.05;7.43
"061127";Continente;"1";Centro;"19";Região de Coimbra;"192";Coimbra;Oliveira do Hospital;Ervedal;2176.14;21.76
"061128";Continente;"1";Centro;"19";Região de Coimbra;"192";Coimbra;Oliveira do Hospital;Vila Franca da Beira;701.81;7.02
"061201";Continente;"1";Centro;"19";Região de Coimbra;"192";Coimbra;Pampilhosa da Serra;Cabril;3519.86;35.2
"061202";Continente;"1";Centro;"19";Região de Coimbra;"192";Coimbra;Pampilhosa da Serra;Dornelas do Zêzere;1643.64;16.44
"061204";Continente;"1";Centro;"19";Região de Coimbra;"192";Coimbra;Pampilhosa da Serra;Janeiro de Baixo;4069.51;40.7
"061206";Continente;"1";Centro;"19";Região de Coimbra;"192";Coimbra;Pampilhosa da Serra;Pampilhosa da Serra;10017.51;100.18
"061207";Continente;"1";Centro;"19";Região de Coimbra;"192";Coimbra;Pampilhosa da Serra;Pessegueiro;3199.68;32
"061209";Continente;"1";Centro;"19";Região de Coimbra;"192";Coimbra;Pampilhosa da Serra;Unhais-o-Velho;3957.44;39.57
"061211";Continente;"1";Centro;"19";Região de Coimbra;"192";Coimbra;Pampilhosa da Serra;Fajão-Vidual;7959.1;79.59
"061212";Continente;"1";Centro;"19";Região de Coimbra;"192";Coimbra;Pampilhosa da Serra;Portela do Fojo-Machio;5279.5;52.8
"061301";Continente;"1";Centro;"19";Região de Coimbra;"192";Coimbra;Penacova;Carvalho;3013.57;30.14
"061302";Continente;"1";Centro;"19";Região de Coimbra;"192";Coimbra;Penacova;Figueira de Lorvão;2667.8;26.68
"061304";Continente;"1";Centro;"19";Região de Coimbra;"192";Coimbra;Penacova;Lorvão;2695.14;26.95
"061307";Continente;"1";Centro;"19";Região de Coimbra;"192";Coimbra;Penacova;Penacova;3241.68;32.42
"061310";Continente;"1";Centro;"19";Região de Coimbra;"192";Coimbra;Penacova;Sazes do Lorvão;1785.62;17.86
"061312";Continente;"1";Centro;"19";Região de Coimbra;"192";Coimbra;Penacova;União das freguesias de Friúmes e Paradela;2217.53;22.18
"061313";Continente;"1";Centro;"19";Região de Coimbra;"192";Coimbra;Penacova;União das freguesias de Oliveira do Mondego e Travanca do Mondego;2258.02;22.58
"061314";Continente;"1";Centro;"19";Região de Coimbra;"192";Coimbra;Penacova;União das freguesias de São Pedro de Alva e São Paio de Mondego;3793.87;37.94
"061401";Continente;"1";Centro;"19";Região de Coimbra;"192";Coimbra;Penela;Cumeeira;2129.44;21.29
"061402";Continente;"1";Centro;"19";Região de Coimbra;"192";Coimbra;Penela;Espinhal;2938.42;29.38
"061403";Continente;"1";Centro;"19";Região de Coimbra;"192";Coimbra;Penela;Podentes;1727.83;17.28
"061407";Continente;"1";Centro;"19";Região de Coimbra;"192";Coimbra;Penela;"União das freguesias de São Miguel, Santa Eufémia e Rabaçal";6684.31;66.84
"061501";Continente;"1";Centro;"19";Região de Coimbra;"192";Coimbra;Soure;Alfarelos;1398.44;13.98
"061504";Continente;"1";Centro;"19";Região de Coimbra;"192";Coimbra;Soure;Figueiró do Campo;1127;11.27
"061506";Continente;"1";Centro;"19";Região de Coimbra;"192";Coimbra;Soure;Granja do Ulmeiro;505.19;5.05
"061508";Continente;"1";Centro;"19";Região de Coimbra;"192";Coimbra;Soure;Samuel;3137.29;31.37
"061509";Continente;"1";Centro;"19";Região de Coimbra;"192";Coimbra;Soure;Soure;9232.46;92.32
"061510";Continente;"1";Centro;"19";Região de Coimbra;"192";Coimbra;Soure;Tapéus;1386.87;13.87
"061511";Continente;"1";Centro;"19";Região de Coimbra;"192";Coimbra;Soure;Vila Nova de Anços;2057.63;20.58
"061512";Continente;"1";Centro;"19";Região de Coimbra;"192";Coimbra;Soure;Vinha da Rainha;2038.29;20.38
"061513";Continente;"1";Centro;"19";Região de Coimbra;"192";Coimbra;Soure;União das freguesias de Degracias e Pombalinho;3947.39;39.47
"061514";Continente;"1";Centro;"19";Região de Coimbra;"192";Coimbra;Soure;União das freguesias de Gesteira e Brunhós;1675.51;16.76
"061602";Continente;"1";Centro;"19";Região de Coimbra;"192";Coimbra;Tábua;Candosa;1139.12;11.39
"061603";Continente;"1";Centro;"19";Região de Coimbra;"192";Coimbra;Tábua;Carapinha;941.75;9.42
"061608";Continente;"1";Centro;"19";Região de Coimbra;"192";Coimbra;Tábua;Midões;2006.71;20.07
"061609";Continente;"1";Centro;"19";Região de Coimbra;"192";Coimbra;Tábua;Mouronho;2402.38;24.02
"061611";Continente;"1";Centro;"19";Região de Coimbra;"192";Coimbra;Tábua;Póvoa de Midões;952;9.52
"061612";Continente;"1";Centro;"19";Região de Coimbra;"192";Coimbra;Tábua;São João da Boa Vista;985.34;9.85
"061614";Continente;"1";Centro;"19";Região de Coimbra;"192";Coimbra;Tábua;Tábua;2481.14;24.81
"061616";Continente;"1";Centro;"19";Região de Coimbra;"192";Coimbra;Tábua;União das freguesias de Ázere e Covelo;2547.49;25.47
"061617";Continente;"1";Centro;"19";Região de Coimbra;"192";Coimbra;Tábua;União das freguesias de Covas e Vila Nova de Oliveirinha;2186.71;21.87
"061618";Continente;"1";Centro;"19";Região de Coimbra;"192";Coimbra;Tábua;União das freguesias de Espariz e Sinde;2352.45;23.52
"061619";Continente;"1";Centro;"19";Região de Coimbra;"192";Coimbra;Tábua;União das freguesias de Pinheiro de Coja e Meda de Mouros;1983.5;19.84
"061701";Continente;"1";Centro;"19";Região de Coimbra;"192";Coimbra;Vila Nova de Poiares;Arrifana;2384.27;23.84
"061702";Continente;"1";Centro;"19";Região de Coimbra;"192";Coimbra;Vila Nova de Poiares;Lavegadas;1126.42;11.26
"061703";Continente;"1";Centro;"19";Região de Coimbra;"192";Coimbra;Vila Nova de Poiares;Poiares (Santo André);2880.69;28.81
"061704";Continente;"1";Centro;"19";Região de Coimbra;"192";Coimbra;Vila Nova de Poiares;São Miguel de Poiares;2053.92;20.54
"070103";Continente;"1";Alentejo;1C;Alentejo Central;1C4;Évora;Alandroal;Santiago Maior;11299.39;112.99
"070104";Continente;"1";Alentejo;1C;Alentejo Central;1C4;Évora;Alandroal;Capelins (Santo António);8713.55;87.14
"070105";Continente;"1";Alentejo;1C;Alentejo Central;1C4;Évora;Alandroal;Terena (São Pedro);8296.95;82.97
"070107";Continente;"1";Alentejo;1C;Alentejo Central;1C4;Évora;Alandroal;"União das freguesias de Alandroal (Nossa Senhora da Conceição), São Brás dos Matos (Mina do Bugalho) e Juromenha (Nossa Senhora do Loreto)";25957.92;259.58
"070201";Continente;"1";Alentejo;1C;Alentejo Central;1C4;Évora;Arraiolos;Arraiolos;14607.7;146.08
"070202";Continente;"1";Alentejo;1C;Alentejo Central;1C4;Évora;Arraiolos;Igrejinha;8452.12;84.52
"070206";Continente;"1";Alentejo;1C;Alentejo Central;1C4;Évora;Arraiolos;Vimieiro;25255.77;252.56
"070209";Continente;"1";Alentejo;1C;Alentejo Central;1C4;Évora;Arraiolos;União das freguesias de São Gregório e Santa Justa;11718.69;117.19
"070210";Continente;"1";Alentejo;1C;Alentejo Central;1C4;Évora;Arraiolos;Gafanhoeira (São Pedro);4612.33;46.12
"070211";Continente;"1";Alentejo;1C;Alentejo Central;1C4;Évora;Arraiolos;Sabugueiro;3727.93;37.28
"070301";Continente;"1";Alentejo;1C;Alentejo Central;1C4;Évora;Borba;Borba (Matriz);4132.01;41.32
"070302";Continente;"1";Alentejo;1C;Alentejo Central;1C4;Évora;Borba;Orada;5080.82;50.81
"070303";Continente;"1";Alentejo;1C;Alentejo Central;1C4;Évora;Borba;Rio de Moinhos;5285.45;52.85
"070304";Continente;"1";Alentejo;1C;Alentejo Central;1C4;Évora;Borba;Borba (São Bartolomeu);20.38;0.2
"070401";Continente;"1";Alentejo;1C;Alentejo Central;1C4;Évora;Estremoz;Arcos;2389.41;23.89
"070402";Continente;"1";Alentejo;1C;Alentejo Central;1C4;Évora;Estremoz;Glória;7274.61;72.75
"070404";Continente;"1";Alentejo;1C;Alentejo Central;1C4;Évora;Estremoz;Évora Monte (Santa Maria);9938.41;99.38
"070411";Continente;"1";Alentejo;1C;Alentejo Central;1C4;Évora;Estremoz;São Domingos de Ana Loura;1629.77;16.3
"070413";Continente;"1";Alentejo;1C;Alentejo Central;1C4;Évora;Estremoz;Veiros;3971.92;39.72
"070414";Continente;"1";Alentejo;1C;Alentejo Central;1C4;Évora;Estremoz;União das freguesias de Estremoz (Santa Maria e Santo André);6390.38;63.9
"070415";Continente;"1";Alentejo;1C;Alentejo Central;1C4;Évora;Estremoz;União das freguesias de São Bento do Cortiço e Santo Estêvão;5696.69;56.97
"070416";Continente;"1";Alentejo;1C;Alentejo Central;1C4;Évora;Estremoz;União das freguesias de São Lourenço de Mamporcão e São Bento de Ana Loura;4340.13;43.4
"070417";Continente;"1";Alentejo;1C;Alentejo Central;1C4;Évora;Estremoz;União das freguesias do Ameixial (Santa Vitória e São Bento);9748.63;97.49
"070502";Continente;"1";Alentejo;1C;Alentejo Central;1C4;Évora;Évora;Nossa Senhora da Graça do Divor;8413.57;84.14
"070503";Continente;"1";Alentejo;1C;Alentejo Central;1C4;Évora;Évora;Nossa Senhora de Machede;18518.93;185.19
"070506";Continente;"1";Alentejo;1C;Alentejo Central;1C4;Évora;Évora;São Bento do Mato;6655.44;66.55
"070509";Continente;"1";Alentejo;1C;Alentejo Central;1C4;Évora;Évora;São Miguel de Machede;8152.47;81.52
"070513";Continente;"1";Alentejo;1C;Alentejo Central;1C4;Évora;Évora;Torre de Coelheiros;22623.94;226.24
"070515";Continente;"1";Alentejo;1C;Alentejo Central;1C4;Évora;Évora;Canaviais;1941.23;19.41
"070522";Continente;"1";Alentejo;1C;Alentejo Central;1C4;Évora;Évora;União das freguesias de Bacelo e Senhora da Saúde;4650.48;46.5
"070523";Continente;"1";Alentejo;1C;Alentejo Central;1C4;Évora;Évora;"União das freguesias de Évora (São Mamede, Sé, São Pedro e Santo Antão)";113.15;1.13
"070524";Continente;"1";Alentejo;1C;Alentejo Central;1C4;Évora;Évora;União das freguesias de Malagueira e Horta das Figueiras;6442.72;64.43
"070525";Continente;"1";Alentejo;1C;Alentejo Central;1C4;Évora;Évora;União das freguesias de Nossa Senhora da Tourega e Nossa Senhora de Guadalupe;26334.22;263.34
"070526";Continente;"1";Alentejo;1C;Alentejo Central;1C4;Évora;Évora;União das freguesias de São Manços e São Vicente do Pigeiro;19323.17;193.23
"070527";Continente;"1";Alentejo;1C;Alentejo Central;1C4;Évora;Évora;União das freguesias de São Sebastião da Giesteira e Nossa Senhora da Boa Fé;7538.26;75.38
"070601";Continente;"1";Alentejo;1C;Alentejo Central;1C4;Évora;Montemor-o-Novo;Cabrela;19225.91;192.26
"070605";Continente;"1";Alentejo;1C;Alentejo Central;1C4;Évora;Montemor-o-Novo;Santiago do Escoural;13870.45;138.7
"070606";Continente;"1";Alentejo;1C;Alentejo Central;1C4;Évora;Montemor-o-Novo;São Cristóvão;14592.05;145.92
"070607";Continente;"1";Alentejo;1C;Alentejo Central;1C4;Évora;Montemor-o-Novo;Ciborro;5549.37;55.49
"070610";Continente;"1";Alentejo;1C;Alentejo Central;1C4;Évora;Montemor-o-Novo;Foros de Vale de Figueira;6739.92;67.4
"070613";Continente;"1";Alentejo;1C;Alentejo Central;1C4;Évora;Montemor-o-Novo;Cortiçadas de Lavre;9932.67;99.33
"070614";Continente;"1";Alentejo;1C;Alentejo Central;1C4;Évora;Montemor-o-Novo;Lavre;11437.16;114.37
"070615";Continente;"1";Alentejo;1C;Alentejo Central;1C4;Évora;Montemor-o-Novo;Nossa Senhora da Vila;18703.43;187.03
"070616";Continente;"1";Alentejo;1C;Alentejo Central;1C4;Évora;Montemor-o-Novo;Nossa Senhora do Bispo;12183.24;121.83
"070617";Continente;"1";Alentejo;1C;Alentejo Central;1C4;Évora;Montemor-o-Novo;Silveiras;11062.45;110.62
"070701";Continente;"1";Alentejo;1C;Alentejo Central;1C4;Évora;Mora;Brotas;8320.51;83.21
"070702";Continente;"1";Alentejo;1C;Alentejo Central;1C4;Évora;Mora;Cabeção;4742.73;47.43
"070703";Continente;"1";Alentejo;1C;Alentejo Central;1C4;Évora;Mora;Mora;12770.2;127.7
"070704";Continente;"1";Alentejo;1C;Alentejo Central;1C4;Évora;Mora;Pavia;18561.59;185.62
"070801";Continente;"1";Alentejo;1C;Alentejo Central;1C4;Évora;Mourão;Granja;9255.71;92.56
"070802";Continente;"1";Alentejo;1C;Alentejo Central;1C4;Évora;Mourão;Luz;5085.5;50.86
"070803";Continente;"1";Alentejo;1C;Alentejo Central;1C4;Évora;Mourão;Mourão;13521.77;135.22
"070903";Continente;"1";Alentejo;1C;Alentejo Central;1C4;Évora;Portel;Monte do Trigo;10711.19;107.11
"070905";Continente;"1";Alentejo;1C;Alentejo Central;1C4;Évora;Portel;Portel;15643.87;156.44
"070906";Continente;"1";Alentejo;1C;Alentejo Central;1C4;Évora;Portel;Santana;4195.16;41.95
"070908";Continente;"1";Alentejo;1C;Alentejo Central;1C4;Évora;Portel;Vera Cruz;4461.55;44.62
"070911";Continente;"1";Alentejo;1C;Alentejo Central;1C4;Évora;Portel;Alqueva;7885.3;78.85
"070912";Continente;"1";Alentejo;1C;Alentejo Central;1C4;Évora;Portel;Amieira;9829.16;98.29
"070913";Continente;"1";Alentejo;1C;Alentejo Central;1C4;Évora;Portel;Oriola;3624.57;36.25
"070914";Continente;"1";Alentejo;1C;Alentejo Central;1C4;Évora;Portel;São Bartolomeu do Outeiro;3749.77;37.5
"071001";Continente;"1";Alentejo;1C;Alentejo Central;1C4;Évora;Redondo;Montoito;6171.07;61.71
"071002";Continente;"1";Alentejo;1C;Alentejo Central;1C4;Évora;Redondo;Redondo;30779.8;307.8
"071102";Continente;"1";Alentejo;1C;Alentejo Central;1C4;Évora;Reguengos de Monsaraz;Corval;9641.16;96.41
"071103";Continente;"1";Alentejo;1C;Alentejo Central;1C4;Évora;Reguengos de Monsaraz;Monsaraz;8829.42;88.29
"071104";Continente;"1";Alentejo;1C;Alentejo Central;1C4;Évora;Reguengos de Monsaraz;Reguengos de Monsaraz;10172.02;101.72
"071106";Continente;"1";Alentejo;1C;Alentejo Central;1C4;Évora;Reguengos de Monsaraz;União das freguesias de Campo e Campinho;17757.12;177.57
"071201";Continente;"1";Alentejo;1C;Alentejo Central;1C4;Évora;Vendas Novas;Vendas Novas;15771.81;157.72
"071202";Continente;"1";Alentejo;1C;Alentejo Central;1C4;Évora;Vendas Novas;Landeira;6467.07;64.67
"071301";Continente;"1";Alentejo;1C;Alentejo Central;1C4;Évora;Viana do Alentejo;Alcáçovas;26800.47;268
"071302";Continente;"1";Alentejo;1C;Alentejo Central;1C4;Évora;Viana do Alentejo;Viana do Alentejo;9469.87;94.7
"071303";Continente;"1";Alentejo;1C;Alentejo Central;1C4;Évora;Viana do Alentejo;Aguiar;3096.94;30.97
"071401";Continente;"1";Alentejo;1C;Alentejo Central;1C4;Évora;Vila Viçosa;Bencatel;3620.89;36.21
"071402";Continente;"1";Alentejo;1C;Alentejo Central;1C4;Évora;Vila Viçosa;Ciladas;10751.37;107.51
"071404";Continente;"1";Alentejo;1C;Alentejo Central;1C4;Évora;Vila Viçosa;Pardais;1794.93;17.95
"071406";Continente;"1";Alentejo;1C;Alentejo Central;1C4;Évora;Vila Viçosa;Nossa Senhora da Conceição e São Bartolomeu;3318.7;33.19
"080102";Continente;"1";Algarve;"15";Algarve;"150";Faro;Albufeira;Guia;2496.6;24.97
"080103";Continente;"1";Algarve;"15";Algarve;"150";Faro;Albufeira;Paderne;5256.17;52.56
"080104";Continente;"1";Algarve;"15";Algarve;"150";Faro;Albufeira;Ferreiras;2195.96;21.96
"080106";Continente;"1";Algarve;"15";Algarve;"150";Faro;Albufeira;Albufeira e Olhos de Água;4117.69;41.18
"080202";Continente;"1";Algarve;"15";Algarve;"150";Faro;Alcoutim;Giões;7179.8;71.8
"080203";Continente;"1";Algarve;"15";Algarve;"150";Faro;Alcoutim;Martim Longo;12844.66;128.45
"080205";Continente;"1";Algarve;"15";Algarve;"150";Faro;Alcoutim;Vaqueiros;14394.43;143.94
"080206";Continente;"1";Algarve;"15";Algarve;"150";Faro;Alcoutim;União das freguesias de Alcoutim e Pereiro;23117.44;231.17
"080301";Continente;"1";Algarve;"15";Algarve;"150";Faro;Aljezur;Aljezur;16675.99;166.76
"080302";Continente;"1";Algarve;"15";Algarve;"150";Faro;Aljezur;Bordeira;7987.29;79.87
"080303";Continente;"1";Algarve;"15";Algarve;"150";Faro;Aljezur;Odeceixe;4190.57;41.91
"080304";Continente;"1";Algarve;"15";Algarve;"150";Faro;Aljezur;Rogil;3496.11;34.96
"080401";Continente;"1";Algarve;"15";Algarve;"150";Faro;Castro Marim;Azinhal;6815.59;68.16
"080402";Continente;"1";Algarve;"15";Algarve;"150";Faro;Castro Marim;Castro Marim;7934.81;79.35
"080403";Continente;"1";Algarve;"15";Algarve;"150";Faro;Castro Marim;Odeleite;14224.1;142.24
"080404";Continente;"1";Algarve;"15";Algarve;"150";Faro;Castro Marim;Altura;1109.87;11.1
"080503";Continente;"1";Algarve;"15";Algarve;"150";Faro;Faro;Santa Bárbara de Nexe;3821.64;38.22
"080506";Continente;"1";Algarve;"15";Algarve;"150";Faro;Faro;Montenegro;2119.68;21.2
"080508";Continente;"1";Algarve;"15";Algarve;"150";Faro;Faro;União das freguesias de Faro (Sé e São Pedro);7475.31;74.75
"080509";Continente;"1";Algarve;"15";Algarve;"150";Faro;Faro;Conceição;2180.84;21.81
"080510";Continente;"1";Algarve;"15";Algarve;"150";Faro;Faro;Estoi;4659.31;46.59
"080602";Continente;"1";Algarve;"15";Algarve;"150";Faro;Lagoa;Ferragudo;540.95;5.41
"080604";Continente;"1";Algarve;"15";Algarve;"150";Faro;Lagoa;Porches;1564.06;15.64
"080607";Continente;"1";Algarve;"15";Algarve;"150";Faro;Lagoa;União das freguesias de Estômbar e Parchal;2807.24;28.07
"080608";Continente;"1";Algarve;"15";Algarve;"150";Faro;Lagoa;União das freguesias de Lagoa e Carvoeiro;3913.2;39.13
"080703";Continente;"1";Algarve;"15";Algarve;"150";Faro;Lagos;Luz;2178.31;21.78
"080704";Continente;"1";Algarve;"15";Algarve;"150";Faro;Lagos;Odiáxere;3185.13;31.85
"080708";Continente;"1";Algarve;"15";Algarve;"150";Faro;Lagos;São Gonçalo de Lagos;2915.44;29.15
"080709";Continente;"1";Algarve;"15";Algarve;"150";Faro;Lagos;Barão de São João;5185.16;51.85
"080710";Continente;"1";Algarve;"15";Algarve;"150";Faro;Lagos;Bensafrim;7835.23;78.35
"080801";Continente;"1";Algarve;"15";Algarve;"150";Faro;Loulé;Almancil;6229.95;62.3
"080802";Continente;"1";Algarve;"15";Algarve;"150";Faro;Loulé;Alte;9433.34;94.33
"080803";Continente;"1";Algarve;"15";Algarve;"150";Faro;Loulé;Ameixial;12384.95;123.85
"080804";Continente;"1";Algarve;"15";Algarve;"150";Faro;Loulé;Boliqueime;4621.28;46.21
"080805";Continente;"1";Algarve;"15";Algarve;"150";Faro;Loulé;Quarteira;3815.69;38.16
"080807";Continente;"1";Algarve;"15";Algarve;"150";Faro;Loulé;Salir;18775.06;187.75
"080808";Continente;"1";Algarve;"15";Algarve;"150";Faro;Loulé;Loulé (São Clemente);4619.51;46.2
"080809";Continente;"1";Algarve;"15";Algarve;"150";Faro;Loulé;Loulé (São Sebastião);6269.63;62.7
"080813";Continente;"1";Algarve;"15";Algarve;"150";Faro;Loulé;Benafim;5268.98;52.69
"080814";Continente;"1";Algarve;"15";Algarve;"150";Faro;Loulé;Querença;3365.94;33.66
"080815";Continente;"1";Algarve;"15";Algarve;"150";Faro;Loulé;Tôr;1582.6;15.83
"080901";Continente;"1";Algarve;"15";Algarve;"150";Faro;Monchique;Alferce;9611.83;96.12
"080902";Continente;"1";Algarve;"15";Algarve;"150";Faro;Monchique;Marmelete;13990.58;139.91
"080903";Continente;"1";Algarve;"15";Algarve;"150";Faro;Monchique;Monchique;15928.02;159.28
"081003";Continente;"1";Algarve;"15";Algarve;"150";Faro;Olhão;Olhão;1224.65;12.25
"081004";Continente;"1";Algarve;"15";Algarve;"150";Faro;Olhão;Pechão;1978.78;19.79
"081005";Continente;"1";Algarve;"15";Algarve;"150";Faro;Olhão;Quelfes;2819.75;28.2
"081007";Continente;"1";Algarve;"15";Algarve;"150";Faro;Olhão;Fuseta;150.9;1.51
"081008";Continente;"1";Algarve;"15";Algarve;"150";Faro;Olhão;Moncarapacho;6912.29;69.12
"081101";Continente;"1";Algarve;"15";Algarve;"150";Faro;Portimão;Alvor;1525.39;15.25
"081102";Continente;"1";Algarve;"15";Algarve;"150";Faro;Portimão;Mexilhoeira Grande;9115.26;91.15
"081103";Continente;"1";Algarve;"15";Algarve;"150";Faro;Portimão;Portimão;7565.64;75.66
"081201";Continente;"1";Algarve;"15";Algarve;"150";Faro;São Brás de Alportel;São Brás de Alportel;15336.92;153.37
"081303";Continente;"1";Algarve;"15";Algarve;"150";Faro;Silves;Armação de Pêra;799.01;7.99
"081305";Continente;"1";Algarve;"15";Algarve;"150";Faro;Silves;São Bartolomeu de Messines;23987.21;239.87
"081306";Continente;"1";Algarve;"15";Algarve;"150";Faro;Silves;São Marcos da Serra;16606.61;166.07
"081307";Continente;"1";Algarve;"15";Algarve;"150";Faro;Silves;Silves;17499.3;174.99
"081311";Continente;"1";Algarve;"15";Algarve;"150";Faro;Silves;Alcantarilha;2460.51;24.61
"081312";Continente;"1";Algarve;"15";Algarve;"150";Faro;Silves;Algoz;3280.27;32.8
"081313";Continente;"1";Algarve;"15";Algarve;"150";Faro;Silves;Pêra;2165.1;21.65
"081314";Continente;"1";Algarve;"15";Algarve;"150";Faro;Silves;Tunes;1208.23;12.08
"081401";Continente;"1";Algarve;"15";Algarve;"150";Faro;Tavira;Cachopo;20352.65;203.53
"081404";Continente;"1";Algarve;"15";Algarve;"150";Faro;Tavira;Santa Catarina da Fonte do Bispo;11758.82;117.59
"081408";Continente;"1";Algarve;"15";Algarve;"150";Faro;Tavira;Santa Luzia;850.11;8.5
"081412";Continente;"1";Algarve;"15";Algarve;"150";Faro;Tavira;União das freguesias de Tavira (Santa Maria e Santiago);14799.45;147.99
"081413";Continente;"1";Algarve;"15";Algarve;"150";Faro;Tavira;Cabanas de Tavira;740.98;7.41
"081414";Continente;"1";Algarve;"15";Algarve;"150";Faro;Tavira;Conceição;6203.46;62.03
"081415";Continente;"1";Algarve;"15";Algarve;"150";Faro;Tavira;Luz de Tavira;3130.22;31.3
"081416";Continente;"1";Algarve;"15";Algarve;"150";Faro;Tavira;Santo Estêvão;2861.01;28.61
"081501";Continente;"1";Algarve;"15";Algarve;"150";Faro;Vila do Bispo;Barão de São Miguel;1486.92;14.87
"081502";Continente;"1";Algarve;"15";Algarve;"150";Faro;Vila do Bispo;Budens;4560.34;45.6
"081504";Continente;"1";Algarve;"15";Algarve;"150";Faro;Vila do Bispo;Sagres;3436.91;34.37
"081506";Continente;"1";Algarve;"15";Algarve;"150";Faro;Vila do Bispo;Vila do Bispo e Raposeira;8421.9;84.22
"081601";Continente;"1";Algarve;"15";Algarve;"150";Faro;Vila Real de Santo António;Vila Nova de Cacela;4603.43;46.03
"081602";Continente;"1";Algarve;"15";Algarve;"150";Faro;Vila Real de Santo António;Vila Real de Santo António;1099.09;10.99
"081603";Continente;"1";Algarve;"15";Algarve;"150";Faro;Vila Real de Santo António;Monte Gordo;422.48;4.22
"090102";Continente;"1";Centro;"19";Viseu Dão Lafões;"194";Guarda;Aguiar da Beira;Carapito;1725.98;17.26
"090103";Continente;"1";Centro;"19";Viseu Dão Lafões;"194";Guarda;Aguiar da Beira;Cortiçada;1265.38;12.65
"090105";Continente;"1";Centro;"19";Viseu Dão Lafões;"194";Guarda;Aguiar da Beira;Dornelas;2374.87;23.75
"090106";Continente;"1";Centro;"19";Viseu Dão Lafões;"194";Guarda;Aguiar da Beira;Eirado;924.17;9.24
"090107";Continente;"1";Centro;"19";Viseu Dão Lafões;"194";Guarda;Aguiar da Beira;Forninhos;961.73;9.62
"090109";Continente;"1";Centro;"19";Viseu Dão Lafões;"194";Guarda;Aguiar da Beira;Pena Verde;2940.06;29.4
"090110";Continente;"1";Centro;"19";Viseu Dão Lafões;"194";Guarda;Aguiar da Beira;Pinheiro;1588.32;15.88
"090114";Continente;"1";Centro;"19";Viseu Dão Lafões;"194";Guarda;Aguiar da Beira;União das freguesias de Aguiar da Beira e Coruche;4335.72;43.36
"090115";Continente;"1";Centro;"19";Viseu Dão Lafões;"194";Guarda;Aguiar da Beira;União das freguesias de Sequeiros e Gradiz;2392.48;23.92
"090116";Continente;"1";Centro;"19";Viseu Dão Lafões;"194";Guarda;Aguiar da Beira;União das freguesias de Souto de Aguiar da Beira e Valverde;2167.86;21.68
"090203";Continente;"1";Centro;"19";Beiras e Serra da Estrela;"196";Guarda;Almeida;Almeida;5242.38;52.42
"090207";Continente;"1";Centro;"19";Beiras e Serra da Estrela;"196";Guarda;Almeida;Castelo Bom;2504.14;25.04
"090209";Continente;"1";Centro;"19";Beiras e Serra da Estrela;"196";Guarda;Almeida;Freineda;2923.95;29.24
"090210";Continente;"1";Centro;"19";Beiras e Serra da Estrela;"196";Guarda;Almeida;Freixo;1717.53;17.18
"090213";Continente;"1";Centro;"19";Beiras e Serra da Estrela;"196";Guarda;Almeida;Malhada Sorda;4577.42;45.77
"090219";Continente;"1";Centro;"19";Beiras e Serra da Estrela;"196";Guarda;Almeida;Nave de Haver;4113.33;41.13
"090224";Continente;"1";Centro;"19";Beiras e Serra da Estrela;"196";Guarda;Almeida;São Pedro de Rio Seco;2258.56;22.59
"090227";Continente;"1";Centro;"19";Beiras e Serra da Estrela;"196";Guarda;Almeida;Vale da Mula;1645.64;16.46
"090229";Continente;"1";Centro;"19";Beiras e Serra da Estrela;"196";Guarda;Almeida;Vilar Formoso;1513.69;15.14
"090230";Continente;"1";Centro;"19";Beiras e Serra da Estrela;"196";Guarda;Almeida;"União das freguesias de Amoreira, Parada e Cabreira";3139.54;31.4
"090231";Continente;"1";Centro;"19";Beiras e Serra da Estrela;"196";Guarda;Almeida;"União das freguesias de Azinhal, Peva e Valverde";4704.69;47.05
"090232";Continente;"1";Centro;"19";Beiras e Serra da Estrela;"196";Guarda;Almeida;"União das freguesias de Castelo Mendo, Ade, Monteperobolso e Mesquitela";4188.29;41.88
"090233";Continente;"1";Centro;"19";Beiras e Serra da Estrela;"196";Guarda;Almeida;União das freguesias de Junça e Naves;3239.56;32.4
"090234";Continente;"1";Centro;"19";Beiras e Serra da Estrela;"196";Guarda;Almeida;"União das freguesias de Leomil, Mido, Senouras e Aldeia Nova";4242.28;42.42
"090235";Continente;"1";Centro;"19";Beiras e Serra da Estrela;"196";Guarda;Almeida;União das freguesias de Malpartida e Vale de Coelha;2900.67;29.01
"090236";Continente;"1";Centro;"19";Beiras e Serra da Estrela;"196";Guarda;Almeida;União das freguesias de Miuzela e Porto de Ovelha;2886.79;28.87
"090302";Continente;"1";Centro;"19";Beiras e Serra da Estrela;"196";Guarda;Celorico da Beira;Baraçal;1222.37;12.22
"090304";Continente;"1";Centro;"19";Beiras e Serra da Estrela;"196";Guarda;Celorico da Beira;Carrapichana;559.79;5.6
"090306";Continente;"1";Centro;"19";Beiras e Serra da Estrela;"196";Guarda;Celorico da Beira;Forno Telheiro;2076.32;20.76
"090307";Continente;"1";Centro;"19";Beiras e Serra da Estrela;"196";Guarda;Celorico da Beira;Lajeosa do Mondego;1246.08;12.46
"090308";Continente;"1";Centro;"19";Beiras e Serra da Estrela;"196";Guarda;Celorico da Beira;Linhares;1571.33;15.71
"090309";Continente;"1";Centro;"19";Beiras e Serra da Estrela;"196";Guarda;Celorico da Beira;Maçal do Chão;1511.66;15.12
"090310";Continente;"1";Centro;"19";Beiras e Serra da Estrela;"196";Guarda;Celorico da Beira;Mesquitela;1701.2;17.01
"090311";Continente;"1";Centro;"19";Beiras e Serra da Estrela;"196";Guarda;Celorico da Beira;Minhocal;1075.06;10.75
"090312";Continente;"1";Centro;"19";Beiras e Serra da Estrela;"196";Guarda;Celorico da Beira;Prados;1423.43;14.23
"090314";Continente;"1";Centro;"19";Beiras e Serra da Estrela;"196";Guarda;Celorico da Beira;Ratoeira;774.3;7.74
"090318";Continente;"1";Centro;"19";Beiras e Serra da Estrela;"196";Guarda;Celorico da Beira;Vale de Azares;905.45;9.05
"090322";Continente;"1";Centro;"19";Beiras e Serra da Estrela;"196";Guarda;Celorico da Beira;Casas do Soeiro;599.74;6
"090323";Continente;"1";Centro;"19";Beiras e Serra da Estrela;"196";Guarda;Celorico da Beira;União das freguesias de Açores e Velosa;2094.36;20.94
"090324";Continente;"1";Centro;"19";Beiras e Serra da Estrela;"196";Guarda;Celorico da Beira;União das freguesias de Celorico (São Pedro e Santa Maria) e Vila Boa do Mondego;4109.85;41.1
"090325";Continente;"1";Centro;"19";Beiras e Serra da Estrela;"196";Guarda;Celorico da Beira;"União das freguesias de Cortiçô da Serra, Vide entre Vinhas e Salgueirais";2233.61;22.34
"090326";Continente;"1";Centro;"19";Beiras e Serra da Estrela;"196";Guarda;Celorico da Beira;União das freguesias de Rapa e Cadafaz;1617.1;16.17
"090403";Continente;"1";Centro;"19";Beiras e Serra da Estrela;"196";Guarda;Figueira de Castelo Rodrigo;Castelo Rodrigo;3294.34;32.94
"090406";Continente;"1";Centro;"19";Beiras e Serra da Estrela;"196";Guarda;Figueira de Castelo Rodrigo;Escalhão;7880.74;78.81
"090408";Continente;"1";Centro;"19";Beiras e Serra da Estrela;"196";Guarda;Figueira de Castelo Rodrigo;Figueira de Castelo Rodrigo;2788.08;27.88
"090410";Continente;"1";Centro;"19";Beiras e Serra da Estrela;"196";Guarda;Figueira de Castelo Rodrigo;Mata de Lobos;3697.29;36.97
"090415";Continente;"1";Centro;"19";Beiras e Serra da Estrela;"196";Guarda;Figueira de Castelo Rodrigo;Vermiosa;4005.55;40.06
"090418";Continente;"1";Centro;"19";Beiras e Serra da Estrela;"196";Guarda;Figueira de Castelo Rodrigo;"União das freguesias de Algodres, Vale de Afonsinho e Vilar de Amargo";7236.17;72.36
"090419";Continente;"1";Centro;"19";Beiras e Serra da Estrela;"196";Guarda;Figueira de Castelo Rodrigo;União das freguesias de Almofala e Escarigo;4733.67;47.34
"090420";Continente;"1";Centro;"19";Beiras e Serra da Estrela;"196";Guarda;Figueira de Castelo Rodrigo;União das freguesias de Cinco Vilas e Reigada;4159.06;41.59
"090421";Continente;"1";Centro;"19";Beiras e Serra da Estrela;"196";Guarda;Figueira de Castelo Rodrigo;"União das freguesias de Freixeda do Torrão, Quintã de Pêro Martins e Penha de Águia";5772.55;57.73
"090422";Continente;"1";Centro;"19";Beiras e Serra da Estrela;"196";Guarda;Figueira de Castelo Rodrigo;União das freguesias do Colmeal e Vilar Torpim;7290.01;72.9
"090501";Continente;"1";Centro;"19";Beiras e Serra da Estrela;"196";Guarda;Fornos de Algodres;Algodres;1015.09;10.15
"090502";Continente;"1";Centro;"19";Beiras e Serra da Estrela;"196";Guarda;Fornos de Algodres;Casal Vasco;673.41;6.73
"090504";Continente;"1";Centro;"19";Beiras e Serra da Estrela;"196";Guarda;Fornos de Algodres;Figueiró da Granja;1168.08;11.68
"090505";Continente;"1";Centro;"19";Beiras e Serra da Estrela;"196";Guarda;Fornos de Algodres;Fornos de Algodres;1544.51;15.45
"090507";Continente;"1";Centro;"19";Beiras e Serra da Estrela;"196";Guarda;Fornos de Algodres;Infias;278.16;2.78
"090509";Continente;"1";Centro;"19";Beiras e Serra da Estrela;"196";Guarda;Fornos de Algodres;Maceira;806.05;8.06
"090510";Continente;"1";Centro;"19";Beiras e Serra da Estrela;"196";Guarda;Fornos de Algodres;Matança;1381.57;13.82
"090511";Continente;"1";Centro;"19";Beiras e Serra da Estrela;"196";Guarda;Fornos de Algodres;Muxagata;996.05;9.96
"090512";Continente;"1";Centro;"19";Beiras e Serra da Estrela;"196";Guarda;Fornos de Algodres;Queiriz;973.65;9.74
"090517";Continente;"1";Centro;"19";Beiras e Serra da Estrela;"196";Guarda;Fornos de Algodres;União das freguesias de Cortiçô e Vila Chã;804.45;8.04
"090518";Continente;"1";Centro;"19";Beiras e Serra da Estrela;"196";Guarda;Fornos de Algodres;"União das freguesias de Juncais, Vila Ruiva e Vila Soeiro do Chão";1987.13;19.87
"090519";Continente;"1";Centro;"19";Beiras e Serra da Estrela;"196";Guarda;Fornos de Algodres;União das freguesias de Sobral Pichorro e Fuinhas;1516.88;15.17
"090602";Continente;"1";Centro;"19";Beiras e Serra da Estrela;"196";Guarda;Gouveia;Arcozelo;2402.39;24.02
"090603";Continente;"1";Centro;"19";Beiras e Serra da Estrela;"196";Guarda;Gouveia;Cativelos;1410.68;14.11
"090605";Continente;"1";Centro;"19";Beiras e Serra da Estrela;"196";Guarda;Gouveia;Folgosinho;5169.35;51.69
"090612";Continente;"1";Centro;"19";Beiras e Serra da Estrela;"196";Guarda;Gouveia;Nespereira;538.46;5.38
"090613";Continente;"1";Centro;"19";Beiras e Serra da Estrela;"196";Guarda;Gouveia;Paços da Serra;1039.55;10.4
"090614";Continente;"1";Centro;"19";Beiras e Serra da Estrela;"196";Guarda;Gouveia;Ribamondego;755.39;7.55
"090617";Continente;"1";Centro;"19";Beiras e Serra da Estrela;"196";Guarda;Gouveia;São Paio;1557.36;15.57
"090619";Continente;"1";Centro;"19";Beiras e Serra da Estrela;"196";Guarda;Gouveia;Vila Cortês da Serra;1106.29;11.06
"090620";Continente;"1";Centro;"19";Beiras e Serra da Estrela;"196";Guarda;Gouveia;Vila Franca da Serra;1101.23;11.01
"090621";Continente;"1";Centro;"19";Beiras e Serra da Estrela;"196";Guarda;Gouveia;Vila Nova de Tazem;1595.36;15.95
"090623";Continente;"1";Centro;"19";Beiras e Serra da Estrela;"196";Guarda;Gouveia;União das freguesias de Aldeias e Mangualde da Serra;3754.63;37.55
"090624";Continente;"1";Centro;"19";Beiras e Serra da Estrela;"196";Guarda;Gouveia;União das freguesias de Figueiró da Serra e Freixo da Serra;1273.04;12.73
"090625";Continente;"1";Centro;"19";Beiras e Serra da Estrela;"196";Guarda;Gouveia;Gouveia;3545.58;35.46
"090626";Continente;"1";Centro;"19";Beiras e Serra da Estrela;"196";Guarda;Gouveia;União das freguesias de Melo e Nabais;1444.67;14.45
"090627";Continente;"1";Centro;"19";Beiras e Serra da Estrela;"196";Guarda;Gouveia;União das freguesias de Moimenta da Serra e Vinhó;1432.4;14.32
"090628";Continente;"1";Centro;"19";Beiras e Serra da Estrela;"196";Guarda;Gouveia;União das freguesias de Rio Torto e Lagarinhos;1934.78;19.35
"090703";Continente;"1";Centro;"19";Beiras e Serra da Estrela;"196";Guarda;Guarda;Aldeia do Bispo;1316.93;13.17
"090704";Continente;"1";Centro;"19";Beiras e Serra da Estrela;"196";Guarda;Guarda;Aldeia Viçosa;743.93;7.44
"090705";Continente;"1";Centro;"19";Beiras e Serra da Estrela;"196";Guarda;Guarda;Alvendre;1293.73;12.94
"090706";Continente;"1";Centro;"19";Beiras e Serra da Estrela;"196";Guarda;Guarda;Arrifana;1582.07;15.82
"090708";Continente;"1";Centro;"19";Beiras e Serra da Estrela;"196";Guarda;Guarda;Avelãs da Ribeira;1130.06;11.3
"090709";Continente;"1";Centro;"19";Beiras e Serra da Estrela;"196";Guarda;Guarda;Benespera;1806.4;18.06
"090711";Continente;"1";Centro;"19";Beiras e Serra da Estrela;"196";Guarda;Guarda;Casal de Cinza;1796.83;17.97
"090712";Continente;"1";Centro;"19";Beiras e Serra da Estrela;"196";Guarda;Guarda;Castanheira;2464.12;24.64
"090713";Continente;"1";Centro;"19";Beiras e Serra da Estrela;"196";Guarda;Guarda;Cavadoude;664.79;6.65
"090714";Continente;"1";Centro;"19";Beiras e Serra da Estrela;"196";Guarda;Guarda;Codesseiro;962.2;9.62
"090716";Continente;"1";Centro;"19";Beiras e Serra da Estrela;"196";Guarda;Guarda;Faia;1000.12;10
"090717";Continente;"1";Centro;"19";Beiras e Serra da Estrela;"196";Guarda;Guarda;Famalicão;1601.64;16.02
"090718";Continente;"1";Centro;"19";Beiras e Serra da Estrela;"196";Guarda;Guarda;Fernão Joanes;2506.46;25.06
"090721";Continente;"1";Centro;"19";Beiras e Serra da Estrela;"196";Guarda;Guarda;Gonçalo Bocas;644.38;6.44
"090722";Continente;"1";Centro;"19";Beiras e Serra da Estrela;"196";Guarda;Guarda;João Antão;878.24;8.78
"090723";Continente;"1";Centro;"19";Beiras e Serra da Estrela;"196";Guarda;Guarda;Maçainhas;1220.03;12.2
"090724";Continente;"1";Centro;"19";Beiras e Serra da Estrela;"196";Guarda;Guarda;Marmeleiro;2962.76;29.63
"090725";Continente;"1";Centro;"19";Beiras e Serra da Estrela;"196";Guarda;Guarda;Meios;483.4;4.83
"090728";Continente;"1";Centro;"19";Beiras e Serra da Estrela;"196";Guarda;Guarda;Panoias de Cima;1138.96;11.39
"090729";Continente;"1";Centro;"19";Beiras e Serra da Estrela;"196";Guarda;Guarda;Pega;1063.48;10.63
"090730";Continente;"1";Centro;"19";Beiras e Serra da Estrela;"196";Guarda;Guarda;Pêra do Moço;2059.76;20.6
"090732";Continente;"1";Centro;"19";Beiras e Serra da Estrela;"196";Guarda;Guarda;Porto da Carne;198.36;1.98
"090734";Continente;"1";Centro;"19";Beiras e Serra da Estrela;"196";Guarda;Guarda;Ramela;1015.86;10.16
"090738";Continente;"1";Centro;"19";Beiras e Serra da Estrela;"196";Guarda;Guarda;Santana da Azinha;1594.38;15.94
"090744";Continente;"1";Centro;"19";Beiras e Serra da Estrela;"196";Guarda;Guarda;Sobral da Serra;1120.25;11.2
"090746";Continente;"1";Centro;"19";Beiras e Serra da Estrela;"196";Guarda;Guarda;Vale de Estrela;1393.8;13.94
"090747";Continente;"1";Centro;"19";Beiras e Serra da Estrela;"196";Guarda;Guarda;Valhelhas;2017.71;20.18
"090748";Continente;"1";Centro;"19";Beiras e Serra da Estrela;"196";Guarda;Guarda;Vela;2100.04;21
"090749";Continente;"1";Centro;"19";Beiras e Serra da Estrela;"196";Guarda;Guarda;Videmonte;5392.08;53.92
"090750";Continente;"1";Centro;"19";Beiras e Serra da Estrela;"196";Guarda;Guarda;Vila Cortês do Mondego;438.39;4.38
"090751";Continente;"1";Centro;"19";Beiras e Serra da Estrela;"196";Guarda;Guarda;Vila Fernando;1626.95;16.27
"090752";Continente;"1";Centro;"19";Beiras e Serra da Estrela;"196";Guarda;Guarda;Vila Franca do Deão;1299.11;12.99
"090753";Continente;"1";Centro;"19";Beiras e Serra da Estrela;"196";Guarda;Guarda;Vila Garcia;1532.73;15.33
"090757";Continente;"1";Centro;"19";Beiras e Serra da Estrela;"196";Guarda;Guarda;Gonçalo;2710.44;27.1
"090758";Continente;"1";Centro;"19";Beiras e Serra da Estrela;"196";Guarda;Guarda;Guarda;3765.63;37.66
"090759";Continente;"1";Centro;"19";Beiras e Serra da Estrela;"196";Guarda;Guarda;Jarmelo São Miguel;1706.27;17.06
"090760";Continente;"1";Centro;"19";Beiras e Serra da Estrela;"196";Guarda;Guarda;Jarmelo São Pedro;3107.97;31.08
"090761";Continente;"1";Centro;"19";Beiras e Serra da Estrela;"196";Guarda;Guarda;União de freguesias de Avelãs de Ambom e Rocamondo;1333.67;13.34
"090762";Continente;"1";Centro;"19";Beiras e Serra da Estrela;"196";Guarda;Guarda;União de freguesias de Corujeira e Trinta;1246.99;12.47
"090763";Continente;"1";Centro;"19";Beiras e Serra da Estrela;"196";Guarda;Guarda;"União de freguesias de Mizarela, Pêro Soares e Vila Soeiro";1401.79;14.02
"090764";Continente;"1";Centro;"19";Beiras e Serra da Estrela;"196";Guarda;Guarda;União de freguesias de Pousade e Albardo;1688.77;16.89
"090765";Continente;"1";Centro;"19";Beiras e Serra da Estrela;"196";Guarda;Guarda;União de freguesias de Rochoso e Monte Margarida;2365.92;23.66
"090766";Continente;"1";Centro;"19";Beiras e Serra da Estrela;"196";Guarda;Guarda;Adão;2832.17;28.32
"090801";Continente;"1";Centro;"19";Beiras e Serra da Estrela;"196";Guarda;Manteigas;Sameiro;2202.89;22.03
"090802";Continente;"1";Centro;"19";Beiras e Serra da Estrela;"196";Guarda;Manteigas;Manteigas (Santa Maria);2230.09;22.3
"090803";Continente;"1";Centro;"19";Beiras e Serra da Estrela;"196";Guarda;Manteigas;Manteigas (São Pedro);6088.11;60.88
"090804";Continente;"1";Centro;"19";Beiras e Serra da Estrela;"196";Guarda;Manteigas;Vale de Amoreira;1676.46;16.76
"090901";Continente;"1";Centro;"19";Beiras e Serra da Estrela;"196";Guarda;Mêda;Aveloso;745.79;7.46
"090902";Continente;"1";Centro;"19";Beiras e Serra da Estrela;"196";Guarda;Mêda;Barreira;2572.67;25.73
"090905";Continente;"1";Centro;"19";Beiras e Serra da Estrela;"196";Guarda;Mêda;Coriscada;2518.76;25.19
"090907";Continente;"1";Centro;"19";Beiras e Serra da Estrela;"196";Guarda;Mêda;Longroiva;4127.81;41.28
"090908";Continente;"1";Centro;"19";Beiras e Serra da Estrela;"196";Guarda;Mêda;Marialva;1920.63;19.21
"090912";Continente;"1";Centro;"19";Beiras e Serra da Estrela;"196";Guarda;Mêda;Poço do Canto;1621.85;16.22
"090914";Continente;"1";Centro;"19";Beiras e Serra da Estrela;"196";Guarda;Mêda;Rabaçal;1404.09;14.04
"090915";Continente;"1";Centro;"19";Beiras e Serra da Estrela;"196";Guarda;Mêda;Ranhados;2532.02;25.32
"090917";Continente;"1";Centro;"19";Beiras e Serra da Estrela;"196";Guarda;Mêda;"Mêda, Outeiro de Gatos e Fonte Longa";5094.53;50.95
"090918";Continente;"1";Centro;"19";Beiras e Serra da Estrela;"196";Guarda;Mêda;Prova e Casteição;2602.61;26.03
"090919";Continente;"1";Centro;"19";Beiras e Serra da Estrela;"196";Guarda;Mêda;"União das freguesias de Vale Flor, Carvalhal e Pai Penela";3464.16;34.64
"091009";Continente;"1";Centro;"19";Beiras e Serra da Estrela;"196";Guarda;Pinhel;Ervedosa;1284.23;12.84
"091010";Continente;"1";Centro;"19";Beiras e Serra da Estrela;"196";Guarda;Pinhel;Freixedas;3310.87;33.11
"091012";Continente;"1";Centro;"19";Beiras e Serra da Estrela;"196";Guarda;Pinhel;Lamegal;2196.24;21.96
"091013";Continente;"1";Centro;"19";Beiras e Serra da Estrela;"196";Guarda;Pinhel;Lameiras;1776.34;17.76
"091014";Continente;"1";Centro;"19";Beiras e Serra da Estrela;"196";Guarda;Pinhel;Manigoto;1588.68;15.89
"091015";Continente;"1";Centro;"19";Beiras e Serra da Estrela;"196";Guarda;Pinhel;Pala;1424.12;14.24
"091017";Continente;"1";Centro;"19";Beiras e Serra da Estrela;"196";Guarda;Pinhel;Pinhel;4465.21;44.65
"091018";Continente;"1";Centro;"19";Beiras e Serra da Estrela;"196";Guarda;Pinhel;Pínzio;2713;27.13
"091024";Continente;"1";Centro;"19";Beiras e Serra da Estrela;"196";Guarda;Pinhel;Souro Pires;1567.26;15.67
"091027";Continente;"1";Centro;"19";Beiras e Serra da Estrela;"196";Guarda;Pinhel;Vascoveiro;1808.85;18.09
"091028";Continente;"1";Centro;"19";Beiras e Serra da Estrela;"196";Guarda;Pinhel;Agregação das freguesias Sul de Pinhel;4081.83;40.82
"091029";Continente;"1";Centro;"19";Beiras e Serra da Estrela;"196";Guarda;Pinhel;Alverca da Beira/Bouça Cova;1973.36;19.73
"091030";Continente;"1";Centro;"19";Beiras e Serra da Estrela;"196";Guarda;Pinhel;Terras de Massueime;1239.38;12.39
"091031";Continente;"1";Centro;"19";Beiras e Serra da Estrela;"196";Guarda;Pinhel;Valbom/Bogalhal;3233;32.33
"091032";Continente;"1";Centro;"19";Beiras e Serra da Estrela;"196";Guarda;Pinhel;Alto do Palurdo;4730.73;47.31
"091033";Continente;"1";Centro;"19";Beiras e Serra da Estrela;"196";Guarda;Pinhel;Vale do Côa;5219.53;52.2
"091034";Continente;"1";Centro;"19";Beiras e Serra da Estrela;"196";Guarda;Pinhel;Vale do Massueime;2407.34;24.07
"091035";Continente;"1";Centro;"19";Beiras e Serra da Estrela;"196";Guarda;Pinhel;União das freguesias de Atalaia e Safurdão;3432.16;34.32
"091101";Continente;"1";Centro;"19";Beiras e Serra da Estrela;"196";Guarda;Sabugal;Águas Belas;2056.85;20.57
"091102";Continente;"1";Centro;"19";Beiras e Serra da Estrela;"196";Guarda;Sabugal;Aldeia do Bispo;1313.7;13.14
"091103";Continente;"1";Centro;"19";Beiras e Serra da Estrela;"196";Guarda;Sabugal;Aldeia da Ponte;3669.07;36.69
"091106";Continente;"1";Centro;"19";Beiras e Serra da Estrela;"196";Guarda;Sabugal;Aldeia Velha;2087.88;20.88
"091107";Continente;"1";Centro;"19";Beiras e Serra da Estrela;"196";Guarda;Sabugal;Alfaiates;3143.43;31.43
"091109";Continente;"1";Centro;"19";Beiras e Serra da Estrela;"196";Guarda;Sabugal;Baraçal;1603.45;16.03
"091110";Continente;"1";Centro;"19";Beiras e Serra da Estrela;"196";Guarda;Sabugal;Bendada;3459.89;34.6
"091111";Continente;"1";Centro;"19";Beiras e Serra da Estrela;"196";Guarda;Sabugal;Bismula;1912.96;19.13
"091112";Continente;"1";Centro;"19";Beiras e Serra da Estrela;"196";Guarda;Sabugal;Casteleiro;4450.22;44.5
"091113";Continente;"1";Centro;"19";Beiras e Serra da Estrela;"196";Guarda;Sabugal;Cerdeira;2342.87;23.43
"091114";Continente;"1";Centro;"19";Beiras e Serra da Estrela;"196";Guarda;Sabugal;Fóios;2830.97;28.31
"091118";Continente;"1";Centro;"19";Beiras e Serra da Estrela;"196";Guarda;Sabugal;Malcata;2125;21.25
"091120";Continente;"1";Centro;"19";Beiras e Serra da Estrela;"196";Guarda;Sabugal;Nave;2712.64;27.13
"091123";Continente;"1";Centro;"19";Beiras e Serra da Estrela;"196";Guarda;Sabugal;Quadrazais;4061.16;40.61
"091124";Continente;"1";Centro;"19";Beiras e Serra da Estrela;"196";Guarda;Sabugal;Quintas de São Bartolomeu;1063.72;10.64
"091125";Continente;"1";Centro;"19";Beiras e Serra da Estrela;"196";Guarda;Sabugal;Rapoula do Côa;793.91;7.94
"091126";Continente;"1";Centro;"19";Beiras e Serra da Estrela;"196";Guarda;Sabugal;Rebolosa;897.63;8.98
"091127";Continente;"1";Centro;"19";Beiras e Serra da Estrela;"196";Guarda;Sabugal;Rendo;2151.19;21.51
"091133";Continente;"1";Centro;"19";Beiras e Serra da Estrela;"196";Guarda;Sabugal;Sortelha;3963.76;39.64
"091134";Continente;"1";Centro;"19";Beiras e Serra da Estrela;"196";Guarda;Sabugal;Souto;2808.86;28.09
"091136";Continente;"1";Centro;"19";Beiras e Serra da Estrela;"196";Guarda;Sabugal;Vale de Espinho;3160.82;31.61
"091138";Continente;"1";Centro;"19";Beiras e Serra da Estrela;"196";Guarda;Sabugal;Vila Boa;861.55;8.62
"091139";Continente;"1";Centro;"19";Beiras e Serra da Estrela;"196";Guarda;Sabugal;Vila do Touro;2331.3;23.31
"091141";Continente;"1";Centro;"19";Beiras e Serra da Estrela;"196";Guarda;Sabugal;"União das freguesias de Aldeia da Ribeira, Vilar Maior e Badamalos";6878.51;68.79
"091142";Continente;"1";Centro;"19";Beiras e Serra da Estrela;"196";Guarda;Sabugal;União das freguesias de Lajeosa e Forcalhos;2893.01;28.93
"091143";Continente;"1";Centro;"19";Beiras e Serra da Estrela;"196";Guarda;Sabugal;"União das freguesias de Pousafoles do Bispo, Pena Lobo e Lomba";3816.37;38.16
"091144";Continente;"1";Centro;"19";Beiras e Serra da Estrela;"196";Guarda;Sabugal;"União das freguesias de Ruvina, Ruivós e Vale das Éguas";1842.43;18.42
"091145";Continente;"1";Centro;"19";Beiras e Serra da Estrela;"196";Guarda;Sabugal;União das freguesias do Sabugal e Aldeia de Santo António;5633.77;56.34
"091146";Continente;"1";Centro;"19";Beiras e Serra da Estrela;"196";Guarda;Sabugal;União das freguesias de Santo Estêvão e Moita;2900.17;29
"091147";Continente;"1";Centro;"19";Beiras e Serra da Estrela;"196";Guarda;Sabugal;União das freguesias de Seixo do Côa e Vale Longo;2502.74;25.03
"091201";Continente;"1";Centro;"19";Beiras e Serra da Estrela;"196";Guarda;Seia;Alvoco da Serra;3756.82;37.57
"091205";Continente;"1";Centro;"19";Beiras e Serra da Estrela;"196";Guarda;Seia;Girabolhos;1773.65;17.74
"091207";Continente;"1";Centro;"19";Beiras e Serra da Estrela;"196";Guarda;Seia;Loriga;3625.03;36.25
"091208";Continente;"1";Centro;"19";Beiras e Serra da Estrela;"196";Guarda;Seia;Paranhos;2122.91;21.23
"091209";Continente;"1";Centro;"19";Beiras e Serra da Estrela;"196";Guarda;Seia;Pinhanços;832.55;8.33
"091210";Continente;"1";Centro;"19";Beiras e Serra da Estrela;"196";Guarda;Seia;Sabugueiro;4006.93;40.07
"091212";Continente;"1";Centro;"19";Beiras e Serra da Estrela;"196";Guarda;Seia;Sandomil;1322.31;13.22
"091213";Continente;"1";Centro;"19";Beiras e Serra da Estrela;"196";Guarda;Seia;Santa Comba;1182.52;11.83
"091216";Continente;"1";Centro;"19";Beiras e Serra da Estrela;"196";Guarda;Seia;Santiago;743.49;7.43
"091219";Continente;"1";Centro;"19";Beiras e Serra da Estrela;"196";Guarda;Seia;Sazes da Beira;779.21;7.79
"091221";Continente;"1";Centro;"19";Beiras e Serra da Estrela;"196";Guarda;Seia;Teixeira;1592.11;15.92
"091224";Continente;"1";Centro;"19";Beiras e Serra da Estrela;"196";Guarda;Seia;Travancinha;1247.05;12.47
"091225";Continente;"1";Centro;"19";Beiras e Serra da Estrela;"196";Guarda;Seia;Valezim;1208.52;12.09
"091228";Continente;"1";Centro;"19";Beiras e Serra da Estrela;"196";Guarda;Seia;Vila Cova à Coelheira;767.63;7.68
"091230";Continente;"1";Centro;"19";Beiras e Serra da Estrela;"196";Guarda;Seia;União das freguesias de Carragozela e Várzea de Meruge;1007.87;10.08
"091231";Continente;"1";Centro;"19";Beiras e Serra da Estrela;"196";Guarda;Seia;União das freguesias de Sameice e Santa Eulália;1426.95;14.27
"091234";Continente;"1";Centro;"19";Beiras e Serra da Estrela;"196";Guarda;Seia;União das freguesias de Torrozelo e Folhadosa;1020.43;10.2
"091235";Continente;"1";Centro;"19";Beiras e Serra da Estrela;"196";Guarda;Seia;União das freguesias de Tourais e Lajes;2617.73;26.18
"091236";Continente;"1";Centro;"19";Beiras e Serra da Estrela;"196";Guarda;Seia;União das freguesias de Vide e Cabeça;5647.46;56.47
"091237";Continente;"1";Centro;"19";Beiras e Serra da Estrela;"196";Guarda;Seia;Lapa dos Dinheiros;756.56;7.57
"091238";Continente;"1";Centro;"19";Beiras e Serra da Estrela;"196";Guarda;Seia;Santa Marinha;842.02;8.42
"091239";Continente;"1";Centro;"19";Beiras e Serra da Estrela;"196";Guarda;Seia;São Martinho;666.07;6.66
"091240";Continente;"1";Centro;"19";Beiras e Serra da Estrela;"196";Guarda;Seia;São Romão;2253.12;22.53
"091241";Continente;"1";Centro;"19";Beiras e Serra da Estrela;"196";Guarda;Seia;Seia;2369.88;23.7
"091301";Continente;"1";Centro;"19";Beiras e Serra da Estrela;"196";Guarda;Trancoso;Aldeia Nova;2681.11;26.81
"091303";Continente;"1";Centro;"19";Beiras e Serra da Estrela;"196";Guarda;Trancoso;Castanheira;999.34;9.99
"091304";Continente;"1";Centro;"19";Beiras e Serra da Estrela;"196";Guarda;Trancoso;Cogula;463.69;4.64
"091305";Continente;"1";Centro;"19";Beiras e Serra da Estrela;"196";Guarda;Trancoso;Cótimos;1347.53;13.48
"091307";Continente;"1";Centro;"19";Beiras e Serra da Estrela;"196";Guarda;Trancoso;Fiães;962.4;9.62
"091309";Continente;"1";Centro;"19";Beiras e Serra da Estrela;"196";Guarda;Trancoso;Granja;924.99;9.25
"091310";Continente;"1";Centro;"19";Beiras e Serra da Estrela;"196";Guarda;Trancoso;Guilheiro;1367.93;13.68
"091311";Continente;"1";Centro;"19";Beiras e Serra da Estrela;"196";Guarda;Trancoso;Moimentinha;667.04;6.67
"091312";Continente;"1";Centro;"19";Beiras e Serra da Estrela;"196";Guarda;Trancoso;Moreira de Rei;3292.92;32.93
"091313";Continente;"1";Centro;"19";Beiras e Serra da Estrela;"196";Guarda;Trancoso;Palhais;432.39;4.32
"091314";Continente;"1";Centro;"19";Beiras e Serra da Estrela;"196";Guarda;Trancoso;Póvoa do Concelho;1083.42;10.83
"091315";Continente;"1";Centro;"19";Beiras e Serra da Estrela;"196";Guarda;Trancoso;Reboleiro;449.35;4.49
"091316";Continente;"1";Centro;"19";Beiras e Serra da Estrela;"196";Guarda;Trancoso;Rio de Mel;2335.9;23.36
"091321";Continente;"1";Centro;"19";Beiras e Serra da Estrela;"196";Guarda;Trancoso;Tamanhos;832.06;8.32
"091325";Continente;"1";Centro;"19";Beiras e Serra da Estrela;"196";Guarda;Trancoso;Valdujo;1531.07;15.31
"091330";Continente;"1";Centro;"19";Beiras e Serra da Estrela;"196";Guarda;Trancoso;União das freguesias de Freches e Torres;2385.4;23.85
"091331";Continente;"1";Centro;"19";Beiras e Serra da Estrela;"196";Guarda;Trancoso;"União das freguesias de Torre do Terrenho, Sebadelhe da Serra e Terrenho";2939.48;29.39
"091332";Continente;"1";Centro;"19";Beiras e Serra da Estrela;"196";Guarda;Trancoso;União das freguesias de Trancoso (São Pedro e Santa Maria) e Souto Maior;5803.77;58.04
"091333";Continente;"1";Centro;"19";Beiras e Serra da Estrela;"196";Guarda;Trancoso;União das freguesias de Vale do Seixo e Vila Garcia;2034.99;20.35
"091334";Continente;"1";Centro;"19";Beiras e Serra da Estrela;"196";Guarda;Trancoso;União das freguesias de Vila Franca das Naves e Feital;1603.71;16.04
"091335";Continente;"1";Centro;"19";Beiras e Serra da Estrela;"196";Guarda;Trancoso;União das freguesias de Vilares e Carnicães;2013.98;20.14
"091401";Continente;"1";Norte;"11";Douro;11D;Guarda;Vila Nova de Foz Côa;Almendra;5440.65;54.41
"091402";Continente;"1";Norte;"11";Douro;11D;Guarda;Vila Nova de Foz Côa;Castelo Melhor;3677.23;36.77
"091403";Continente;"1";Norte;"11";Douro;11D;Guarda;Vila Nova de Foz Côa;Cedovim;3210.42;32.1
"091404";Continente;"1";Norte;"11";Douro;11D;Guarda;Vila Nova de Foz Côa;Chãs;1760.19;17.6
"091405";Continente;"1";Norte;"11";Douro;11D;Guarda;Vila Nova de Foz Côa;Custóias;1087.03;10.87
"091407";Continente;"1";Norte;"11";Douro;11D;Guarda;Vila Nova de Foz Côa;Horta;1006.66;10.07
"091410";Continente;"1";Norte;"11";Douro;11D;Guarda;Vila Nova de Foz Côa;Muxagata;2653.42;26.53
"091411";Continente;"1";Norte;"11";Douro;11D;Guarda;Vila Nova de Foz Côa;Numão;2304.98;23.05
"091412";Continente;"1";Norte;"11";Douro;11D;Guarda;Vila Nova de Foz Côa;Santa Comba;3054.18;30.54
"091414";Continente;"1";Norte;"11";Douro;11D;Guarda;Vila Nova de Foz Côa;Sebadelhe;807.86;8.08
"091415";Continente;"1";Norte;"11";Douro;11D;Guarda;Vila Nova de Foz Côa;Seixas;1221.12;12.21
"091416";Continente;"1";Norte;"11";Douro;11D;Guarda;Vila Nova de Foz Côa;Touça;939.41;9.39
"091418";Continente;"1";Norte;"11";Douro;11D;Guarda;Vila Nova de Foz Côa;Freixo de Numão;3634.94;36.35
"091419";Continente;"1";Norte;"11";Douro;11D;Guarda;Vila Nova de Foz Côa;Vila Nova de Foz Côa;9017.08;90.17
"100102";Continente;"1";Oeste e Vale do Tejo;1D;Oeste;"1D1";Leiria;Alcobaça;Alfeizerão;2798.68;27.99
"100104";Continente;"1";Oeste e Vale do Tejo;1D;Oeste;"1D1";Leiria;Alcobaça;Bárrio;1501.28;15.01
"100105";Continente;"1";Oeste e Vale do Tejo;1D;Oeste;"1D1";Leiria;Alcobaça;Benedita;2917.55;29.18
"100106";Continente;"1";Oeste e Vale do Tejo;1D;Oeste;"1D1";Leiria;Alcobaça;Cela;2582.71;25.83
"100108";Continente;"1";Oeste e Vale do Tejo;1D;Oeste;"1D1";Leiria;Alcobaça;Évora de Alcobaça;4242.38;42.42
"100109";Continente;"1";Oeste e Vale do Tejo;1D;Oeste;"1D1";Leiria;Alcobaça;Maiorga;1003.81;10.04
"100112";Continente;"1";Oeste e Vale do Tejo;1D;Oeste;"1D1";Leiria;Alcobaça;São Martinho do Porto;1463.73;14.64
"100114";Continente;"1";Oeste e Vale do Tejo;1D;Oeste;"1D1";Leiria;Alcobaça;Turquel;4056.73;40.57
"100116";Continente;"1";Oeste e Vale do Tejo;1D;Oeste;"1D1";Leiria;Alcobaça;Vimeiro;2016.57;20.17
"100120";Continente;"1";Oeste e Vale do Tejo;1D;Oeste;"1D1";Leiria;Alcobaça;Aljubarrota;4794.2;47.94
"100121";Continente;"1";Oeste e Vale do Tejo;1D;Oeste;"1D1";Leiria;Alcobaça;União das freguesias de Alcobaça e Vestiaria;980.61;9.81
"100122";Continente;"1";Oeste e Vale do Tejo;1D;Oeste;"1D1";Leiria;Alcobaça;"União das freguesias de Coz, Alpedriz e Montes";3747.44;37.47
"100123";Continente;"1";Oeste e Vale do Tejo;1D;Oeste;"1D1";Leiria;Alcobaça;União das freguesias de Pataias e Martingança;8708.39;87.08
"100201";Continente;"1";Centro;"19";Região de Leiria;"193";Leiria;Alvaiázere;Almoster;2584.04;25.84
"100204";Continente;"1";Centro;"19";Região de Leiria;"193";Leiria;Alvaiázere;Maçãs de Dona Maria;2454.26;24.54
"100205";Continente;"1";Centro;"19";Região de Leiria;"193";Leiria;Alvaiázere;Pelmá;3039.49;30.39
"100208";Continente;"1";Centro;"19";Região de Leiria;"193";Leiria;Alvaiázere;Alvaiázere;3851.69;38.52
"100209";Continente;"1";Centro;"19";Região de Leiria;"193";Leiria;Alvaiázere;Pussos São Pedro;4118.28;41.18
"100301";Continente;"1";Centro;"19";Região de Leiria;"193";Leiria;Ansião;Alvorge;3904.52;39.05
"100303";Continente;"1";Centro;"19";Região de Leiria;"193";Leiria;Ansião;Avelar;849.58;8.5
"100304";Continente;"1";Centro;"19";Região de Leiria;"193";Leiria;Ansião;Chão de Couce;2379.49;23.79
"100306";Continente;"1";Centro;"19";Região de Leiria;"193";Leiria;Ansião;Pousaflores;2527.46;25.27
"100307";Continente;"1";Centro;"19";Região de Leiria;"193";Leiria;Ansião;Santiago da Guarda;4123.38;41.23
"100309";Continente;"1";Centro;"19";Região de Leiria;"193";Leiria;Ansião;Ansião;3825;38.25
"100401";Continente;"1";Centro;"19";Região de Leiria;"193";Leiria;Batalha;Batalha;2841.64;28.42
"100402";Continente;"1";Centro;"19";Região de Leiria;"193";Leiria;Batalha;Reguengo do Fetal;2816.55;28.17
"100403";Continente;"1";Centro;"19";Região de Leiria;"193";Leiria;Batalha;São Mamede;4177.16;41.77
"100404";Continente;"1";Centro;"19";Região de Leiria;"193";Leiria;Batalha;Golpilheira;506.25;5.06
"100502";Continente;"1";Oeste e Vale do Tejo;1D;Oeste;"1D1";Leiria;Bombarral;Carvalhal;3234.24;32.34
"100503";Continente;"1";Oeste e Vale do Tejo;1D;Oeste;"1D1";Leiria;Bombarral;Roliça;2263.39;22.63
"100505";Continente;"1";Oeste e Vale do Tejo;1D;Oeste;"1D1";Leiria;Bombarral;Pó;676.92;6.77
"100506";Continente;"1";Oeste e Vale do Tejo;1D;Oeste;"1D1";Leiria;Bombarral;União das freguesias do Bombarral e Vale Covo;2954;29.54
"100601";Continente;"1";Oeste e Vale do Tejo;1D;Oeste;"1D1";Leiria;Caldas da Rainha;A dos Francos;1944.44;19.44
"100602";Continente;"1";Oeste e Vale do Tejo;1D;Oeste;"1D1";Leiria;Caldas da Rainha;Alvorninha;3760.14;37.6
"100604";Continente;"1";Oeste e Vale do Tejo;1D;Oeste;"1D1";Leiria;Caldas da Rainha;Carvalhal Benfeito;1394.9;13.95
"100606";Continente;"1";Oeste e Vale do Tejo;1D;Oeste;"1D1";Leiria;Caldas da Rainha;Foz do Arelho;962.39;9.62
"100607";Continente;"1";Oeste e Vale do Tejo;1D;Oeste;"1D1";Leiria;Caldas da Rainha;Landal;1020.5;10.21
"100608";Continente;"1";Oeste e Vale do Tejo;1D;Oeste;"1D1";Leiria;Caldas da Rainha;Nadadouro;1060.08;10.6
"100609";Continente;"1";Oeste e Vale do Tejo;1D;Oeste;"1D1";Leiria;Caldas da Rainha;Salir de Matos;2459.32;24.59
"100611";Continente;"1";Oeste e Vale do Tejo;1D;Oeste;"1D1";Leiria;Caldas da Rainha;Santa Catarina;1997.86;19.98
"100615";Continente;"1";Oeste e Vale do Tejo;1D;Oeste;"1D1";Leiria;Caldas da Rainha;Vidais;2097.27;20.97
"100617";Continente;"1";Oeste e Vale do Tejo;1D;Oeste;"1D1";Leiria;Caldas da Rainha;"União das freguesias de Caldas da Rainha - Nossa Senhora do Pópulo, Coto e São Gregório";3168.87;31.69
"100618";Continente;"1";Oeste e Vale do Tejo;1D;Oeste;"1D1";Leiria;Caldas da Rainha;União das freguesias de Caldas da Rainha - Santo Onofre e Serra do Bouro;2750.93;27.51
"100619";Continente;"1";Oeste e Vale do Tejo;1D;Oeste;"1D1";Leiria;Caldas da Rainha;União das freguesias de Tornada e Salir do Porto;2952.75;29.53
"100703";Continente;"1";Centro;"19";Região de Leiria;"193";Leiria;Castanheira de Pêra;União das freguesias de Castanheira de Pêra e Coentral;6677.45;66.77
"100801";Continente;"1";Centro;"19";Região de Leiria;"193";Leiria;Figueiró dos Vinhos;Aguda;3966.77;39.67
"100802";Continente;"1";Centro;"19";Região de Leiria;"193";Leiria;Figueiró dos Vinhos;Arega;2864.1;28.64
"100803";Continente;"1";Centro;"19";Região de Leiria;"193";Leiria;Figueiró dos Vinhos;Campelo;5164.05;51.64
"100806";Continente;"1";Centro;"19";Região de Leiria;"193";Leiria;Figueiró dos Vinhos;União das freguesias de Figueiró dos Vinhos e Bairradas;5349.07;53.49
"100901";Continente;"1";Centro;"19";Região de Leiria;"193";Leiria;Leiria;Amor;2348.41;23.48
"100902";Continente;"1";Centro;"19";Região de Leiria;"193";Leiria;Leiria;Arrabal;2008.5;20.09
"100907";Continente;"1";Centro;"19";Região de Leiria;"193";Leiria;Leiria;Caranguejeira;3098.97;30.99
"100909";Continente;"1";Centro;"19";Região de Leiria;"193";Leiria;Leiria;Coimbrão;5219.38;52.19
"100913";Continente;"1";Centro;"19";Região de Leiria;"193";Leiria;Leiria;Maceira;4702.7;47.03
"100915";Continente;"1";Centro;"19";Região de Leiria;"193";Leiria;Leiria;Milagres;1735.45;17.35
"100921";Continente;"1";Centro;"19";Região de Leiria;"193";Leiria;Leiria;Regueira de Pontes;1154.65;11.55
"100925";Continente;"1";Centro;"19";Região de Leiria;"193";Leiria;Leiria;Bajouca;1227.34;12.27
"100926";Continente;"1";Centro;"19";Região de Leiria;"193";Leiria;Leiria;Bidoeira de Cima;1561.44;15.61
"100932";Continente;"1";Centro;"19";Região de Leiria;"193";Leiria;Leiria;União das freguesias de Colmeias e Memória;4656.74;46.57
"100933";Continente;"1";Centro;"19";Região de Leiria;"193";Leiria;Leiria;"União das freguesias de Leiria, Pousos, Barreira e Cortes";5226.45;52.26
"100934";Continente;"1";Centro;"19";Região de Leiria;"193";Leiria;Leiria;União das freguesias de Marrazes e Barosa;3280.23;32.8
"100935";Continente;"1";Centro;"19";Região de Leiria;"193";Leiria;Leiria;União das freguesias de Monte Real e Carvide;2603.13;26.03
"100937";Continente;"1";Centro;"19";Região de Leiria;"193";Leiria;Leiria;União das freguesias de Parceiros e Azoia;2298.64;22.99
"100938";Continente;"1";Centro;"19";Região de Leiria;"193";Leiria;Leiria;União das freguesias de Santa Catarina da Serra e Chainça;4119.66;41.2
"100939";Continente;"1";Centro;"19";Região de Leiria;"193";Leiria;Leiria;União das freguesias de Santa Eufémia e Boa Vista;1954.78;19.55
"100941";Continente;"1";Centro;"19";Região de Leiria;"193";Leiria;Leiria;Carreira;553.66;5.54
"100942";Continente;"1";Centro;"19";Região de Leiria;"193";Leiria;Leiria;Monte Redondo;4537.45;45.37
"100943";Continente;"1";Centro;"19";Região de Leiria;"193";Leiria;Leiria;Ortigosa;1286.56;12.87
"100944";Continente;"1";Centro;"19";Região de Leiria;"193";Leiria;Leiria;Souto da Carpalhosa;2934.74;29.35
"101001";Continente;"1";Centro;"19";Região de Leiria;"193";Leiria;Marinha Grande;Marinha Grande;13583.45;135.83
"101002";Continente;"1";Centro;"19";Região de Leiria;"193";Leiria;Marinha Grande;Vieira de Leiria;4300.9;43.01
"101003";Continente;"1";Centro;"19";Região de Leiria;"193";Leiria;Marinha Grande;Moita;840.84;8.41
"101101";Continente;"1";Oeste e Vale do Tejo;1D;Oeste;"1D1";Leiria;Nazaré;Famalicão;2171.5;21.72
"101102";Continente;"1";Oeste e Vale do Tejo;1D;Oeste;"1D1";Leiria;Nazaré;Nazaré;4220.46;42.2
"101103";Continente;"1";Oeste e Vale do Tejo;1D;Oeste;"1D1";Leiria;Nazaré;Valado dos Frades;1851.47;18.51
"101201";Continente;"1";Oeste e Vale do Tejo;1D;Oeste;"1D1";Leiria;Óbidos;A dos Negros;1749.38;17.49
"101202";Continente;"1";Oeste e Vale do Tejo;1D;Oeste;"1D1";Leiria;Óbidos;Amoreira;1990.66;19.91
"101203";Continente;"1";Oeste e Vale do Tejo;1D;Oeste;"1D1";Leiria;Óbidos;Olho Marinho;1811.81;18.12
"101207";Continente;"1";Oeste e Vale do Tejo;1D;Oeste;"1D1";Leiria;Óbidos;Vau;3189.2;31.89
"101208";Continente;"1";Oeste e Vale do Tejo;1D;Oeste;"1D1";Leiria;Óbidos;Gaeiras;1031.28;10.31
"101209";Continente;"1";Oeste e Vale do Tejo;1D;Oeste;"1D1";Leiria;Óbidos;Usseira;724.04;7.24
"101210";Continente;"1";Oeste e Vale do Tejo;1D;Oeste;"1D1";Leiria;Óbidos;"Santa Maria, São Pedro e Sobral da Lagoa";3659.07;36.59
"101301";Continente;"1";Centro;"19";Região de Leiria;"193";Leiria;Pedrógão Grande;Graça;3143.68;31.44
"101302";Continente;"1";Centro;"19";Região de Leiria;"193";Leiria;Pedrógão Grande;Pedrógão Grande;8025.27;80.25
"101303";Continente;"1";Centro;"19";Região de Leiria;"193";Leiria;Pedrógão Grande;Vila Facaia;1705.8;17.06
"101402";Continente;"1";Oeste e Vale do Tejo;1D;Oeste;"1D1";Leiria;Peniche;Atouguia da Baleia;4691.65;46.92
"101405";Continente;"1";Oeste e Vale do Tejo;1D;Oeste;"1D1";Leiria;Peniche;Serra d'El-Rei;892.46;8.92
"101406";Continente;"1";Oeste e Vale do Tejo;1D;Oeste;"1D1";Leiria;Peniche;Ferrel;1390.02;13.9
"101407";Continente;"1";Oeste e Vale do Tejo;1D;Oeste;"1D1";Leiria;Peniche;Peniche;780.85;7.81
"101501";Continente;"1";Centro;"19";Região de Leiria;"193";Leiria;Pombal;Abiul;5414.45;54.14
"101503";Continente;"1";Centro;"19";Região de Leiria;"193";Leiria;Pombal;Almagreira;4261.1;42.61
"101504";Continente;"1";Centro;"19";Região de Leiria;"193";Leiria;Pombal;Carnide;2231.26;22.31
"101505";Continente;"1";Centro;"19";Região de Leiria;"193";Leiria;Pombal;Carriço;8305.15;83.05
"101506";Continente;"1";Centro;"19";Região de Leiria;"193";Leiria;Pombal;Louriçal;4766.18;47.66
"101508";Continente;"1";Centro;"19";Região de Leiria;"193";Leiria;Pombal;Pelariga;2634.58;26.35
"101509";Continente;"1";Centro;"19";Região de Leiria;"193";Leiria;Pombal;Pombal;9397.59;93.98
"101510";Continente;"1";Centro;"19";Região de Leiria;"193";Leiria;Pombal;Redinha;4138.51;41.39
"101513";Continente;"1";Centro;"19";Região de Leiria;"193";Leiria;Pombal;Vermoil;2280.25;22.8
"101514";Continente;"1";Centro;"19";Região de Leiria;"193";Leiria;Pombal;Vila Cã;3156.92;31.57
"101515";Continente;"1";Centro;"19";Região de Leiria;"193";Leiria;Pombal;Meirinhas;888.78;8.89
"101520";Continente;"1";Centro;"19";Região de Leiria;"193";Leiria;Pombal;Albergaria dos Doze;2304.97;23.05
"101521";Continente;"1";Centro;"19";Região de Leiria;"193";Leiria;Pombal;Guia;3732.24;37.32
"101522";Continente;"1";Centro;"19";Região de Leiria;"193";Leiria;Pombal;Ilha;1602.55;16.03
"101523";Continente;"1";Centro;"19";Região de Leiria;"193";Leiria;Pombal;Mata Mourisca;2702.26;27.02
"101524";Continente;"1";Centro;"19";Região de Leiria;"193";Leiria;Pombal;Santiago de Litém;3176.25;31.76
"101525";Continente;"1";Centro;"19";Região de Leiria;"193";Leiria;Pombal;São Simão de Litém;1607.24;16.07
"101602";Continente;"1";Centro;"19";Região de Leiria;"193";Leiria;Porto de Mós;Alqueidão da Serra;2210.31;22.1
"101605";Continente;"1";Centro;"19";Região de Leiria;"193";Leiria;Porto de Mós;Calvaria de Cima;1071.54;10.72
"101606";Continente;"1";Centro;"19";Região de Leiria;"193";Leiria;Porto de Mós;Juncal;2663.56;26.64
"101608";Continente;"1";Centro;"19";Região de Leiria;"193";Leiria;Porto de Mós;Mira de Aire;1562.3;15.62
"101609";Continente;"1";Centro;"19";Região de Leiria;"193";Leiria;Porto de Mós;Pedreiras;1322.31;13.22
"101610";Continente;"1";Centro;"19";Região de Leiria;"193";Leiria;Porto de Mós;São Bento;4130.01;41.3
"101613";Continente;"1";Centro;"19";Região de Leiria;"193";Leiria;Porto de Mós;Serro Ventoso;3209.77;32.1
"101614";Continente;"1";Centro;"19";Região de Leiria;"193";Leiria;Porto de Mós;Porto de Mós - São João Baptista e São Pedro;2818.98;28.19
"101615";Continente;"1";Centro;"19";Região de Leiria;"193";Leiria;Porto de Mós;União das freguesias de Alvados e Alcaria;3330.61;33.31
"101616";Continente;"1";Centro;"19";Região de Leiria;"193";Leiria;Porto de Mós;União das freguesias de Arrimal e Mendiga;3864;38.64
"110106";Continente;"1";Oeste e Vale do Tejo;1D;Oeste;"1D1";Lisboa;Alenquer;Carnota;1808.6;18.09
"110107";Continente;"1";Oeste e Vale do Tejo;1D;Oeste;"1D1";Lisboa;Alenquer;Meca;1412.49;14.12
"110108";Continente;"1";Oeste e Vale do Tejo;1D;Oeste;"1D1";Lisboa;Alenquer;Olhalvo;829.56;8.3
"110109";Continente;"1";Oeste e Vale do Tejo;1D;Oeste;"1D1";Lisboa;Alenquer;Ota;4631.89;46.32
"110113";Continente;"1";Oeste e Vale do Tejo;1D;Oeste;"1D1";Lisboa;Alenquer;Ventosa;2220.61;22.21
"110114";Continente;"1";Oeste e Vale do Tejo;1D;Oeste;"1D1";Lisboa;Alenquer;Vila Verde dos Francos;2813.37;28.13
"110117";Continente;"1";Oeste e Vale do Tejo;1D;Oeste;"1D1";Lisboa;Alenquer;União das freguesias de Abrigada e Cabanas de Torres;4615.03;46.15
"110118";Continente;"1";Oeste e Vale do Tejo;1D;Oeste;"1D1";Lisboa;Alenquer;União das freguesias de Aldeia Galega da Merceana e Aldeia Gavinha;2795.82;27.96
"110119";Continente;"1";Oeste e Vale do Tejo;1D;Oeste;"1D1";Lisboa;Alenquer;União das freguesias de Alenquer (Santo Estêvão e Triana);5008.1;50.08
"110120";Continente;"1";Oeste e Vale do Tejo;1D;Oeste;"1D1";Lisboa;Alenquer;União das freguesias de Carregado e Cadafais;2451.98;24.52
"110121";Continente;"1";Oeste e Vale do Tejo;1D;Oeste;"1D1";Lisboa;Alenquer;União das freguesias de Ribafria e Pereiro de Palhacana;1834.47;18.34
"110201";Continente;"1";Oeste e Vale do Tejo;1D;Oeste;"1D1";Lisboa;Arruda dos Vinhos;Arranhó;2147.48;21.47
"110202";Continente;"1";Oeste e Vale do Tejo;1D;Oeste;"1D1";Lisboa;Arruda dos Vinhos;Arruda dos Vinhos;3437.87;34.38
"110203";Continente;"1";Oeste e Vale do Tejo;1D;Oeste;"1D1";Lisboa;Arruda dos Vinhos;Cardosas;601.28;6.01
"110204";Continente;"1";Oeste e Vale do Tejo;1D;Oeste;"1D1";Lisboa;Arruda dos Vinhos;S. Tiago dos Velhos;1609.31;16.09
"110301";Continente;"1";Oeste e Vale do Tejo;1D;Lezíria do Tejo;"1D3";Lisboa;Azambuja;Alcoentre;4705.33;47.05
"110302";Continente;"1";Oeste e Vale do Tejo;1D;Lezíria do Tejo;"1D3";Lisboa;Azambuja;Aveiras de Baixo;1889.59;18.9
"110303";Continente;"1";Oeste e Vale do Tejo;1D;Lezíria do Tejo;"1D3";Lisboa;Azambuja;Aveiras de Cima;2615.57;26.16
"110304";Continente;"1";Oeste e Vale do Tejo;1D;Lezíria do Tejo;"1D3";Lisboa;Azambuja;Azambuja;8110.97;81.11
"110306";Continente;"1";Oeste e Vale do Tejo;1D;Lezíria do Tejo;"1D3";Lisboa;Azambuja;Vale do Paraíso;673.32;6.73
"110307";Continente;"1";Oeste e Vale do Tejo;1D;Lezíria do Tejo;"1D3";Lisboa;Azambuja;Vila Nova da Rainha;2489.68;24.9
"110310";Continente;"1";Oeste e Vale do Tejo;1D;Lezíria do Tejo;"1D3";Lisboa;Azambuja;"União das freguesias de Manique do Intendente, Vila Nova de São Pedro e Maçussa";5781.19;57.81
"110401";Continente;"1";Oeste e Vale do Tejo;1D;Oeste;"1D1";Lisboa;Cadaval;Alguber;1926.16;19.26
"110407";Continente;"1";Oeste e Vale do Tejo;1D;Oeste;"1D1";Lisboa;Cadaval;Peral;1646.21;16.46
"110409";Continente;"1";Oeste e Vale do Tejo;1D;Oeste;"1D1";Lisboa;Cadaval;Vermelha;1198.7;11.99
"110410";Continente;"1";Oeste e Vale do Tejo;1D;Oeste;"1D1";Lisboa;Cadaval;Vilar;1692.68;16.93
"110411";Continente;"1";Oeste e Vale do Tejo;1D;Oeste;"1D1";Lisboa;Cadaval;União das freguesias do Cadaval e Pêro Moniz;3842.63;38.43
"110412";Continente;"1";Oeste e Vale do Tejo;1D;Oeste;"1D1";Lisboa;Cadaval;União das freguesias de Lamas e Cercal;5796.11;57.96
"110413";Continente;"1";Oeste e Vale do Tejo;1D;Oeste;"1D1";Lisboa;Cadaval;União das freguesias de Painho e Figueiros;1386.8;13.87
"110501";Continente;"1";Grande Lisboa;1A;Grande Lisboa;1A0;Lisboa;Cascais;Alcabideche;3976.74;39.77
"110506";Continente;"1";Grande Lisboa;1A;Grande Lisboa;1A0;Lisboa;Cascais;São Domingos de Rana;2036.43;20.36
"110507";Continente;"1";Grande Lisboa;1A;Grande Lisboa;1A0;Lisboa;Cascais;União das freguesias de Carcavelos e Parede;810.99;8.11
"110508";Continente;"1";Grande Lisboa;1A;Grande Lisboa;1A0;Lisboa;Cascais;União das freguesias de Cascais e Estoril;2916.01;29.16
"110601";Continente;"1";Grande Lisboa;1A;Grande Lisboa;1A0;Lisboa;Lisboa;Ajuda;287.66;2.88
"110602";Continente;"1";Grande Lisboa;1A;Grande Lisboa;1A0;Lisboa;Lisboa;Alcântara;507.48;5.07
"110607";Continente;"1";Grande Lisboa;1A;Grande Lisboa;1A0;Lisboa;Lisboa;Beato;248.38;2.48
"110608";Continente;"1";Grande Lisboa;1A;Grande Lisboa;1A0;Lisboa;Lisboa;Benfica;802.49;8.02
"110610";Continente;"1";Grande Lisboa;1A;Grande Lisboa;1A0;Lisboa;Lisboa;Campolide;277.43;2.77
"110611";Continente;"1";Grande Lisboa;1A;Grande Lisboa;1A0;Lisboa;Lisboa;Carnide;368.91;3.69
"110618";Continente;"1";Grande Lisboa;1A;Grande Lisboa;1A0;Lisboa;Lisboa;Lumiar;657.49;6.57
"110621";Continente;"1";Grande Lisboa;1A;Grande Lisboa;1A0;Lisboa;Lisboa;Marvila;712.24;7.12
"110633";Continente;"1";Grande Lisboa;1A;Grande Lisboa;1A0;Lisboa;Lisboa;Olivais;808.8;8.09
"110639";Continente;"1";Grande Lisboa;1A;Grande Lisboa;1A0;Lisboa;Lisboa;São Domingos de Benfica;429.43;4.29
"110654";Continente;"1";Grande Lisboa;1A;Grande Lisboa;1A0;Lisboa;Lisboa;Alvalade;534.17;5.34
"110655";Continente;"1";Grande Lisboa;1A;Grande Lisboa;1A0;Lisboa;Lisboa;Areeiro;171.89;1.72
"110656";Continente;"1";Grande Lisboa;1A;Grande Lisboa;1A0;Lisboa;Lisboa;Arroios;212.78;2.13
"110657";Continente;"1";Grande Lisboa;1A;Grande Lisboa;1A0;Lisboa;Lisboa;Avenidas Novas;299.45;2.99
"110658";Continente;"1";Grande Lisboa;1A;Grande Lisboa;1A0;Lisboa;Lisboa;Belém;1042.76;10.43
"110659";Continente;"1";Grande Lisboa;1A;Grande Lisboa;1A0;Lisboa;Lisboa;Campo de Ourique;165.14;1.65
"110660";Continente;"1";Grande Lisboa;1A;Grande Lisboa;1A0;Lisboa;Lisboa;Estrela;460.4;4.6
"110661";Continente;"1";Grande Lisboa;1A;Grande Lisboa;1A0;Lisboa;Lisboa;Misericórdia;219.22;2.19
"110662";Continente;"1";Grande Lisboa;1A;Grande Lisboa;1A0;Lisboa;Lisboa;Parque das Nações;543.5;5.44
"110663";Continente;"1";Grande Lisboa;1A;Grande Lisboa;1A0;Lisboa;Lisboa;Penha de França;271.07;2.71
"110664";Continente;"1";Grande Lisboa;1A;Grande Lisboa;1A0;Lisboa;Lisboa;Santa Clara;335.55;3.36
"110665";Continente;"1";Grande Lisboa;1A;Grande Lisboa;1A0;Lisboa;Lisboa;Santa Maria Maior;301.16;3.01
"110666";Continente;"1";Grande Lisboa;1A;Grande Lisboa;1A0;Lisboa;Lisboa;Santo António;149.43;1.49
"110667";Continente;"1";Grande Lisboa;1A;Grande Lisboa;1A0;Lisboa;Lisboa;São Vicente;198.58;1.99
"110702";Continente;"1";Grande Lisboa;1A;Grande Lisboa;1A0;Lisboa;Loures;Bucelas;3396.9;33.97
"110705";Continente;"1";Grande Lisboa;1A;Grande Lisboa;1A0;Lisboa;Loures;Fanhões;1162.91;11.63
"110707";Continente;"1";Grande Lisboa;1A;Grande Lisboa;1A0;Lisboa;Loures;Loures;3281.5;32.82
"110708";Continente;"1";Grande Lisboa;1A;Grande Lisboa;1A0;Lisboa;Loures;Lousa;1652.21;16.52
"110726";Continente;"1";Grande Lisboa;1A;Grande Lisboa;1A0;Lisboa;Loures;União das freguesias de Moscavide e Portela;165.63;1.66
"110727";Continente;"1";Grande Lisboa;1A;Grande Lisboa;1A0;Lisboa;Loures;União das freguesias de Sacavém e Prior Velho;388.55;3.89
"110728";Continente;"1";Grande Lisboa;1A;Grande Lisboa;1A0;Lisboa;Loures;"União das freguesias de Santa Iria de Azoia, São João da Talha e Bobadela";1759.19;17.59
"110729";Continente;"1";Grande Lisboa;1A;Grande Lisboa;1A0;Lisboa;Loures;União das freguesias de Santo Antão e São Julião do Tojal;2840.8;28.41
"110730";Continente;"1";Grande Lisboa;1A;Grande Lisboa;1A0;Lisboa;Loures;União das freguesias de Santo António dos Cavaleiros e Frielas;919.71;9.2
"110731";Continente;"1";Grande Lisboa;1A;Grande Lisboa;1A0;Lisboa;Loures;"União das freguesias de Camarate, Unhos e Apelação";1156.59;11.57
"110803";Continente;"1";Oeste e Vale do Tejo;1D;Oeste;"1D1";Lisboa;Lourinhã;Moita dos Ferreiros;2482.58;24.83
"110805";Continente;"1";Oeste e Vale do Tejo;1D;Oeste;"1D1";Lisboa;Lourinhã;Reguengo Grande;1559.12;15.59
"110806";Continente;"1";Oeste e Vale do Tejo;1D;Oeste;"1D1";Lisboa;Lourinhã;Santa Bárbara;752.16;7.52
"110808";Continente;"1";Oeste e Vale do Tejo;1D;Oeste;"1D1";Lisboa;Lourinhã;Vimeiro;707.78;7.08
"110810";Continente;"1";Oeste e Vale do Tejo;1D;Oeste;"1D1";Lisboa;Lourinhã;Ribamar;611.01;6.11
"110813";Continente;"1";Oeste e Vale do Tejo;1D;Oeste;"1D1";Lisboa;Lourinhã;União das freguesias de Miragaia e Marteleira;1946.91;19.47
"110814";Continente;"1";Oeste e Vale do Tejo;1D;Oeste;"1D1";Lisboa;Lourinhã;União das freguesias de São Bartolomeu dos Galegos e Moledo;2009.6;20.1
"110815";Continente;"1";Oeste e Vale do Tejo;1D;Oeste;"1D1";Lisboa;Lourinhã;Atalaia;744.77;7.45
"110816";Continente;"1";Oeste e Vale do Tejo;1D;Oeste;"1D1";Lisboa;Lourinhã;Lourinhã;3903.27;39.03
"110902";Continente;"1";Grande Lisboa;1A;Grande Lisboa;1A0;Lisboa;Mafra;Carvoeira;821.29;8.21
"110904";Continente;"1";Grande Lisboa;1A;Grande Lisboa;1A0;Lisboa;Mafra;Encarnação;2851.13;28.51
"110906";Continente;"1";Grande Lisboa;1A;Grande Lisboa;1A0;Lisboa;Mafra;Ericeira;1205.01;12.05
"110909";Continente;"1";Grande Lisboa;1A;Grande Lisboa;1A0;Lisboa;Mafra;Mafra;4795.27;47.95
"110911";Continente;"1";Grande Lisboa;1A;Grande Lisboa;1A0;Lisboa;Mafra;Milharado;2443.14;24.43
"110913";Continente;"1";Grande Lisboa;1A;Grande Lisboa;1A0;Lisboa;Mafra;Santo Isidoro;2483.19;24.83
"110918";Continente;"1";Grande Lisboa;1A;Grande Lisboa;1A0;Lisboa;Mafra;União das freguesias de Azueira e Sobral da Abelheira;3062.76;30.63
"110919";Continente;"1";Grande Lisboa;1A;Grande Lisboa;1A0;Lisboa;Mafra;"União das freguesias de Enxara do Bispo, Gradil e Vila Franca do Rosário";3164.57;31.65
"110920";Continente;"1";Grande Lisboa;1A;Grande Lisboa;1A0;Lisboa;Mafra;União das freguesias de Igreja Nova e Cheleiros;3706.58;37.07
"110921";Continente;"1";Grande Lisboa;1A;Grande Lisboa;1A0;Lisboa;Mafra;União das freguesias de Malveira e São Miguel de Alcainça;1684.53;16.85
"110922";Continente;"1";Grande Lisboa;1A;Grande Lisboa;1A0;Lisboa;Mafra;União das freguesias de Venda do Pinheiro e Santo Estêvão das Galés;2948.03;29.48
"111002";Continente;"1";Grande Lisboa;1A;Grande Lisboa;1A0;Lisboa;Oeiras;Barcarena;901.33;9.01
"111009";Continente;"1";Grande Lisboa;1A;Grande Lisboa;1A0;Lisboa;Oeiras;Porto Salvo;734.29;7.34
"111012";Continente;"1";Grande Lisboa;1A;Grande Lisboa;1A0;Lisboa;Oeiras;"União das freguesias de Algés, Linda-a-Velha e Cruz Quebrada-Dafundo";718.28;7.18
"111013";Continente;"1";Grande Lisboa;1A;Grande Lisboa;1A0;Lisboa;Oeiras;União das freguesias de Carnaxide e Queijas;881.28;8.81
"111014";Continente;"1";Grande Lisboa;1A;Grande Lisboa;1A0;Lisboa;Oeiras;"União das freguesias de Oeiras e São Julião da Barra, Paço de Arcos e Caxias";1353.13;13.53
"111102";Continente;"1";Grande Lisboa;1A;Grande Lisboa;1A0;Lisboa;Sintra;Algueirão-Mem Martins;1599.55;16
"111105";Continente;"1";Grande Lisboa;1A;Grande Lisboa;1A0;Lisboa;Sintra;Colares;3337.17;33.37
"111108";Continente;"1";Grande Lisboa;1A;Grande Lisboa;1A0;Lisboa;Sintra;Rio de Mouro;1649.38;16.49
"111115";Continente;"1";Grande Lisboa;1A;Grande Lisboa;1A0;Lisboa;Sintra;Casal de Cambra;216.95;2.17
"111122";Continente;"1";Grande Lisboa;1A;Grande Lisboa;1A0;Lisboa;Sintra;União das freguesias de Agualva e Mira-Sintra;598.06;5.98
"111124";Continente;"1";Grande Lisboa;1A;Grande Lisboa;1A0;Lisboa;Sintra;União das freguesias do Cacém e São Marcos;444.38;4.44
"111125";Continente;"1";Grande Lisboa;1A;Grande Lisboa;1A0;Lisboa;Sintra;União das freguesias de Massamá e Monte Abraão;308.58;3.09
"111128";Continente;"1";Grande Lisboa;1A;Grande Lisboa;1A0;Lisboa;Sintra;"União das freguesias de Sintra (Santa Maria e São Miguel, São Martinho e São Pedro de Penaferrim)";6355.25;63.55
"111129";Continente;"1";Grande Lisboa;1A;Grande Lisboa;1A0;Lisboa;Sintra;Almargem do Bispo;3979.91;39.8
"111130";Continente;"1";Grande Lisboa;1A;Grande Lisboa;1A0;Lisboa;Sintra;Belas;2283.85;22.84
"111131";Continente;"1";Grande Lisboa;1A;Grande Lisboa;1A0;Lisboa;Sintra;Montelavar;861.9;8.62
"111132";Continente;"1";Grande Lisboa;1A;Grande Lisboa;1A0;Lisboa;Sintra;Pêro Pinheiro;1564.94;15.65
"111133";Continente;"1";Grande Lisboa;1A;Grande Lisboa;1A0;Lisboa;Sintra;Queluz;363.08;3.63
"111134";Continente;"1";Grande Lisboa;1A;Grande Lisboa;1A0;Lisboa;Sintra;São João das Lampas;5750;57.5
"111135";Continente;"1";Grande Lisboa;1A;Grande Lisboa;1A0;Lisboa;Sintra;Terrugem;2609.71;26.1
"111201";Continente;"1";Oeste e Vale do Tejo;1D;Oeste;"1D1";Lisboa;Sobral de Monte Agraço;Santo Quintino;2900.18;29
"111202";Continente;"1";Oeste e Vale do Tejo;1D;Oeste;"1D1";Lisboa;Sobral de Monte Agraço;Sapataria;1440.46;14.4
"111203";Continente;"1";Oeste e Vale do Tejo;1D;Oeste;"1D1";Lisboa;Sobral de Monte Agraço;Sobral de Monte Agraço;869.68;8.7
"111306";Continente;"1";Oeste e Vale do Tejo;1D;Oeste;"1D1";Lisboa;Torres Vedras;Freiria;1343.27;13.43
"111310";Continente;"1";Oeste e Vale do Tejo;1D;Oeste;"1D1";Lisboa;Torres Vedras;Ponte do Rol;967.28;9.67
"111311";Continente;"1";Oeste e Vale do Tejo;1D;Oeste;"1D1";Lisboa;Torres Vedras;Ramalhal;3683.52;36.84
"111314";Continente;"1";Oeste e Vale do Tejo;1D;Oeste;"1D1";Lisboa;Torres Vedras;São Pedro da Cadeira;2385.19;23.85
"111316";Continente;"1";Oeste e Vale do Tejo;1D;Oeste;"1D1";Lisboa;Torres Vedras;Silveira;2496.82;24.97
"111317";Continente;"1";Oeste e Vale do Tejo;1D;Oeste;"1D1";Lisboa;Torres Vedras;Turcifal;2470.02;24.7
"111318";Continente;"1";Oeste e Vale do Tejo;1D;Oeste;"1D1";Lisboa;Torres Vedras;Ventosa;2598.12;25.98
"111322";Continente;"1";Oeste e Vale do Tejo;1D;Oeste;"1D1";Lisboa;Torres Vedras;União das freguesias de Campelos e Outeiro da Cabeça;2996.32;29.96
"111323";Continente;"1";Oeste e Vale do Tejo;1D;Oeste;"1D1";Lisboa;Torres Vedras;União das freguesias de Carvoeira e Carmões;2096.75;20.97
"111325";Continente;"1";Oeste e Vale do Tejo;1D;Oeste;"1D1";Lisboa;Torres Vedras;União das freguesias de Maxial e Monte Redondo;3838.64;38.39
"111326";Continente;"1";Oeste e Vale do Tejo;1D;Oeste;"1D1";Lisboa;Torres Vedras;"Santa Maria, São Pedro e Matacães";6244.08;62.44
"111327";Continente;"1";Oeste e Vale do Tejo;1D;Oeste;"1D1";Lisboa;Torres Vedras;A dos Cunhados;4433.49;44.33
"111328";Continente;"1";Oeste e Vale do Tejo;1D;Oeste;"1D1";Lisboa;Torres Vedras;Dois Portos;3657.79;36.58
"111329";Continente;"1";Oeste e Vale do Tejo;1D;Oeste;"1D1";Lisboa;Torres Vedras;Maceira;838.8;8.39
"111330";Continente;"1";Oeste e Vale do Tejo;1D;Oeste;"1D1";Lisboa;Torres Vedras;Runa;664.8;6.65
"111408";Continente;"1";Grande Lisboa;1A;Grande Lisboa;1A0;Lisboa;Vila Franca de Xira;Vialonga;1792.9;17.93
"111409";Continente;"1";Grande Lisboa;1A;Grande Lisboa;1A0;Lisboa;Vila Franca de Xira;Vila Franca de Xira;21286.96;212.87
"111412";Continente;"1";Grande Lisboa;1A;Grande Lisboa;1A0;Lisboa;Vila Franca de Xira;"União das freguesias de Alhandra, São João dos Montes e Calhandriz";2753.54;27.54
"111413";Continente;"1";Grande Lisboa;1A;Grande Lisboa;1A0;Lisboa;Vila Franca de Xira;União das freguesias de Alverca do Ribatejo e Sobralinho;2391.8;23.92
"111414";Continente;"1";Grande Lisboa;1A;Grande Lisboa;1A0;Lisboa;Vila Franca de Xira;União das freguesias de Castanheira do Ribatejo e Cachoeiras;2678.11;26.78
"111415";Continente;"1";Grande Lisboa;1A;Grande Lisboa;1A0;Lisboa;Vila Franca de Xira;União das freguesias de Póvoa de Santa Iria e Forte da Casa;916.1;9.16
"111512";Continente;"1";Grande Lisboa;1A;Grande Lisboa;1A0;Lisboa;Amadora;Alfragide;251.12;2.51
"111513";Continente;"1";Grande Lisboa;1A;Grande Lisboa;1A0;Lisboa;Amadora;Águas Livres;221.28;2.21
"111514";Continente;"1";Grande Lisboa;1A;Grande Lisboa;1A0;Lisboa;Amadora;Encosta do Sol;280.2;2.8
"111515";Continente;"1";Grande Lisboa;1A;Grande Lisboa;1A0;Lisboa;Amadora;Falagueira-Venda Nova;285.74;2.86
"111516";Continente;"1";Grande Lisboa;1A;Grande Lisboa;1A0;Lisboa;Amadora;Mina de Água;809.22;8.09
"111517";Continente;"1";Grande Lisboa;1A;Grande Lisboa;1A0;Lisboa;Amadora;Venteira;530.92;5.31
"111603";Continente;"1";Grande Lisboa;1A;Grande Lisboa;1A0;Lisboa;Odivelas;Odivelas;504.45;5.04
"111608";Continente;"1";Grande Lisboa;1A;Grande Lisboa;1A0;Lisboa;Odivelas;União das freguesias de Pontinha e Famões;921.03;9.21
"111609";Continente;"1";Grande Lisboa;1A;Grande Lisboa;1A0;Lisboa;Odivelas;União das freguesias de Póvoa de Santo Adrião e Olival Basto;262.97;2.63
"111610";Continente;"1";Grande Lisboa;1A;Grande Lisboa;1A0;Lisboa;Odivelas;União das freguesias de Ramada e Caneças;965.91;9.66
"120101";Continente;"1";Alentejo;1C;Alto Alentejo;1C3;Portalegre;Alter do Chão;Alter do Chão;14085.15;140.85
"120102";Continente;"1";Alentejo;1C;Alto Alentejo;1C3;Portalegre;Alter do Chão;Chancelaria;7170.07;71.7
"120103";Continente;"1";Alentejo;1C;Alto Alentejo;1C3;Portalegre;Alter do Chão;Seda;11243.45;112.43
"120104";Continente;"1";Alentejo;1C;Alto Alentejo;1C3;Portalegre;Alter do Chão;Cunheira;3707.95;37.08
"120201";Continente;"1";Alentejo;1C;Alto Alentejo;1C3;Portalegre;Arronches;Assunção;20450.87;204.51
"120202";Continente;"1";Alentejo;1C;Alto Alentejo;1C3;Portalegre;Arronches;Esperança;5714.79;57.15
"120203";Continente;"1";Alentejo;1C;Alto Alentejo;1C3;Portalegre;Arronches;Mosteiros;5299.06;52.99
"120302";Continente;"1";Alentejo;1C;Alto Alentejo;1C3;Portalegre;Avis;Aldeia Velha;12610.94;126.11
"120303";Continente;"1";Alentejo;1C;Alto Alentejo;1C3;Portalegre;Avis;Avis;9208.86;92.09
"120305";Continente;"1";Alentejo;1C;Alto Alentejo;1C3;Portalegre;Avis;Ervedal;3807.48;38.07
"120306";Continente;"1";Alentejo;1C;Alto Alentejo;1C3;Portalegre;Avis;Figueira e Barros;7026.45;70.26
"120309";Continente;"1";Alentejo;1C;Alto Alentejo;1C3;Portalegre;Avis;União das freguesias de Alcórrego e Maranhão;12875.39;128.75
"120310";Continente;"1";Alentejo;1C;Alto Alentejo;1C3;Portalegre;Avis;União das freguesias de Benavila e Valongo;15067.39;150.67
"120401";Continente;"1";Alentejo;1C;Alto Alentejo;1C3;Portalegre;Campo Maior;Nossa Senhora da Expectação;10506.47;105.06
"120402";Continente;"1";Alentejo;1C;Alto Alentejo;1C3;Portalegre;Campo Maior;Nossa Senhora da Graça dos Degolados;3575.11;35.75
"120403";Continente;"1";Alentejo;1C;Alto Alentejo;1C3;Portalegre;Campo Maior;São João Baptista;10638.58;106.39
"120501";Continente;"1";Alentejo;1C;Alto Alentejo;1C3;Portalegre;Castelo de Vide;Nossa Senhora da Graça de Póvoa e Meadas;7354.57;73.55
"120502";Continente;"1";Alentejo;1C;Alto Alentejo;1C3;Portalegre;Castelo de Vide;Santa Maria da Devesa;5633.4;56.33
"120503";Continente;"1";Alentejo;1C;Alto Alentejo;1C3;Portalegre;Castelo de Vide;Santiago Maior;5883.38;58.83
"120504";Continente;"1";Alentejo;1C;Alto Alentejo;1C3;Portalegre;Castelo de Vide;São João Baptista;7619.89;76.2
"120601";Continente;"1";Alentejo;1C;Alto Alentejo;1C3;Portalegre;Crato;Aldeia da Mata;3728.41;37.28
"120604";Continente;"1";Alentejo;1C;Alto Alentejo;1C3;Portalegre;Crato;Gáfete;4614.77;46.15
"120605";Continente;"1";Alentejo;1C;Alto Alentejo;1C3;Portalegre;Crato;Monte da Pedra;6007.57;60.08
"120607";Continente;"1";Alentejo;1C;Alto Alentejo;1C3;Portalegre;Crato;"União das freguesias de Crato e Mártires, Flor da Rosa e Vale do Peso";25456.14;254.56
"120706";Continente;"1";Alentejo;1C;Alto Alentejo;1C3;Portalegre;Elvas;Santa Eulália;9851.79;98.52
"120707";Continente;"1";Alentejo;1C;Alto Alentejo;1C3;Portalegre;Elvas;São Brás e São Lourenço;4763.42;47.63
"120708";Continente;"1";Alentejo;1C;Alto Alentejo;1C3;Portalegre;Elvas;São Vicente e Ventosa;10167.83;101.68
"120712";Continente;"1";Alentejo;1C;Alto Alentejo;1C3;Portalegre;Elvas;"Assunção, Ajuda, Salvador e Santo Ildefonso";9866.22;98.66
"120713";Continente;"1";Alentejo;1C;Alto Alentejo;1C3;Portalegre;Elvas;"Caia, São Pedro e Alcáçova";10404.29;104.04
"120714";Continente;"1";Alentejo;1C;Alto Alentejo;1C3;Portalegre;Elvas;União das freguesias de Barbacena e Vila Fernando;8253.09;82.53
"120716";Continente;"1";Alentejo;1C;Alto Alentejo;1C3;Portalegre;Elvas;Terrugem;7272.57;72.73
"120717";Continente;"1";Alentejo;1C;Alto Alentejo;1C3;Portalegre;Elvas;Vila Boim;2549.65;25.5
"120801";Continente;"1";Alentejo;1C;Alto Alentejo;1C3;Portalegre;Fronteira;Cabeço de Vide;6580.81;65.81
"120802";Continente;"1";Alentejo;1C;Alto Alentejo;1C3;Portalegre;Fronteira;Fronteira;14139.33;141.39
"120803";Continente;"1";Alentejo;1C;Alto Alentejo;1C3;Portalegre;Fronteira;São Saturnino;4139.45;41.39
"120902";Continente;"1";Alentejo;1C;Alto Alentejo;1C3;Portalegre;Gavião;Belver;6983.89;69.84
"120903";Continente;"1";Alentejo;1C;Alto Alentejo;1C3;Portalegre;Gavião;Comenda;9002.16;90.02
"120905";Continente;"1";Alentejo;1C;Alto Alentejo;1C3;Portalegre;Gavião;Margem;5685.29;56.85
"120906";Continente;"1";Alentejo;1C;Alto Alentejo;1C3;Portalegre;Gavião;União das freguesias de Gavião e Atalaia;7788.11;77.88
"121001";Continente;"1";Alentejo;1C;Alto Alentejo;1C3;Portalegre;Marvão;Beirã;4475.98;44.76
"121002";Continente;"1";Alentejo;1C;Alto Alentejo;1C3;Portalegre;Marvão;Santa Maria de Marvão;2335.23;23.35
"121003";Continente;"1";Alentejo;1C;Alto Alentejo;1C3;Portalegre;Marvão;Santo António das Areias;3599.13;35.99
"121004";Continente;"1";Alentejo;1C;Alto Alentejo;1C3;Portalegre;Marvão;São Salvador da Aramenha;5079.56;50.8
"121101";Continente;"1";Alentejo;1C;Alto Alentejo;1C3;Portalegre;Monforte;Assumar;6383.22;63.83
"121102";Continente;"1";Alentejo;1C;Alto Alentejo;1C3;Portalegre;Monforte;Monforte;21473.66;214.74
"121103";Continente;"1";Alentejo;1C;Alto Alentejo;1C3;Portalegre;Monforte;Santo Aleixo;5850.59;58.51
"121104";Continente;"1";Alentejo;1C;Alto Alentejo;1C3;Portalegre;Monforte;Vaiamonte;8317.35;83.17
"121201";Continente;"1";Alentejo;1C;Alto Alentejo;1C3;Portalegre;Nisa;Alpalhão;3423.38;34.23
"121205";Continente;"1";Alentejo;1C;Alto Alentejo;1C3;Portalegre;Nisa;Montalvão;12416.9;124.17
"121207";Continente;"1";Alentejo;1C;Alto Alentejo;1C3;Portalegre;Nisa;Santana;2719.37;27.19
"121208";Continente;"1";Alentejo;1C;Alto Alentejo;1C3;Portalegre;Nisa;São Matias;5466.33;54.66
"121210";Continente;"1";Alentejo;1C;Alto Alentejo;1C3;Portalegre;Nisa;Tolosa;2352.81;23.53
"121211";Continente;"1";Alentejo;1C;Alto Alentejo;1C3;Portalegre;Nisa;União das freguesias de Arez e Amieira do Tejo;15822.7;158.23
"121212";Continente;"1";Alentejo;1C;Alto Alentejo;1C3;Portalegre;Nisa;"União das freguesias de Espírito Santo, Nossa Senhora da Graça e São Simão";15366.35;153.66
"121301";Continente;"1";Alentejo;1C;Alto Alentejo;1C3;Portalegre;Ponte de Sor;Galveias;7982.93;79.83
"121302";Continente;"1";Alentejo;1C;Alto Alentejo;1C3;Portalegre;Ponte de Sor;Montargil;29694.44;296.94
"121304";Continente;"1";Alentejo;1C;Alto Alentejo;1C3;Portalegre;Ponte de Sor;Foros de Arrão;8436.54;84.37
"121305";Continente;"1";Alentejo;1C;Alto Alentejo;1C3;Portalegre;Ponte de Sor;Longomel;4697.08;46.97
"121309";Continente;"1";Alentejo;1C;Alto Alentejo;1C3;Portalegre;Ponte de Sor;Ponte de Sor;17355.07;173.55
"121310";Continente;"1";Alentejo;1C;Alto Alentejo;1C3;Portalegre;Ponte de Sor;Tramaga;9226.69;92.27
"121311";Continente;"1";Alentejo;1C;Alto Alentejo;1C3;Portalegre;Ponte de Sor;Vale de Açor;6589.35;65.89
"121401";Continente;"1";Alentejo;1C;Alto Alentejo;1C3;Portalegre;Portalegre;Alagoa;1815.63;18.16
"121402";Continente;"1";Alentejo;1C;Alto Alentejo;1C3;Portalegre;Portalegre;Alegrete;8692.38;86.92
"121404";Continente;"1";Alentejo;1C;Alto Alentejo;1C3;Portalegre;Portalegre;Fortios;6585.37;65.85
"121410";Continente;"1";Alentejo;1C;Alto Alentejo;1C3;Portalegre;Portalegre;Urra;12998.28;129.98
"121411";Continente;"1";Alentejo;1C;Alto Alentejo;1C3;Portalegre;Portalegre;União das freguesias da Sé e São Lourenço;2360.81;23.61
"121412";Continente;"1";Alentejo;1C;Alto Alentejo;1C3;Portalegre;Portalegre;União das freguesias de Reguengo e São Julião;7218.65;72.19
"121413";Continente;"1";Alentejo;1C;Alto Alentejo;1C3;Portalegre;Portalegre;União das freguesias de Ribeira de Nisa e Carreiras;5042.53;50.43
"121501";Continente;"1";Alentejo;1C;Alto Alentejo;1C3;Portalegre;Sousel;Cano;4942.54;49.43
"121502";Continente;"1";Alentejo;1C;Alto Alentejo;1C3;Portalegre;Sousel;Casa Branca;10100.4;101
"121503";Continente;"1";Alentejo;1C;Alto Alentejo;1C3;Portalegre;Sousel;Santo Amaro;3961.01;39.61
"121504";Continente;"1";Alentejo;1C;Alto Alentejo;1C3;Portalegre;Sousel;Sousel;8928.24;89.28
"130103";Continente;"1";Norte;"11";Tâmega e Sousa;11C;Porto;Amarante;Ansiães;2719.01;27.19
"130107";Continente;"1";Norte;"11";Tâmega e Sousa;11C;Porto;Amarante;Candemil;1200.88;12.01
"130112";Continente;"1";Norte;"11";Tâmega e Sousa;11C;Porto;Amarante;Fregim;1036.9;10.37
"130115";Continente;"1";Norte;"11";Tâmega e Sousa;11C;Porto;Amarante;Fridão;786.9;7.87
"130117";Continente;"1";Norte;"11";Tâmega e Sousa;11C;Porto;Amarante;Gondar;963.94;9.64
"130118";Continente;"1";Norte;"11";Tâmega e Sousa;11C;Porto;Amarante;Jazente;335.39;3.35
"130119";Continente;"1";Norte;"11";Tâmega e Sousa;11C;Porto;Amarante;Lomba;362.93;3.63
"130120";Continente;"1";Norte;"11";Tâmega e Sousa;11C;Porto;Amarante;Louredo;359.77;3.6
"130121";Continente;"1";Norte;"11";Tâmega e Sousa;11C;Porto;Amarante;Lufrei;645.28;6.45
"130123";Continente;"1";Norte;"11";Tâmega e Sousa;11C;Porto;Amarante;Mancelos;1213.33;12.13
"130126";Continente;"1";Norte;"11";Tâmega e Sousa;11C;Porto;Amarante;Padronelo;248.49;2.48
"130128";Continente;"1";Norte;"11";Tâmega e Sousa;11C;Porto;Amarante;Rebordelo;1565.75;15.66
"130129";Continente;"1";Norte;"11";Tâmega e Sousa;11C;Porto;Amarante;Salvador do Monte;747.94;7.48
"130134";Continente;"1";Norte;"11";Tâmega e Sousa;11C;Porto;Amarante;Gouveia (São Simão);1249.26;12.49
"130135";Continente;"1";Norte;"11";Tâmega e Sousa;11C;Porto;Amarante;Telões;1447.2;14.47
"130136";Continente;"1";Norte;"11";Tâmega e Sousa;11C;Porto;Amarante;Travanca;868.97;8.69
"130138";Continente;"1";Norte;"11";Tâmega e Sousa;11C;Porto;Amarante;Vila Caiz;852.32;8.52
"130139";Continente;"1";Norte;"11";Tâmega e Sousa;11C;Porto;Amarante;Vila Chã do Marão;671.15;6.71
"130141";Continente;"1";Norte;"11";Tâmega e Sousa;11C;Porto;Amarante;"União das freguesias de Aboadela, Sanche e Várzea";3044.84;30.45
"130142";Continente;"1";Norte;"11";Tâmega e Sousa;11C;Porto;Amarante;"União das freguesias de Amarante (São Gonçalo), Madalena, Cepelos e Gatão";1521.26;15.21
"130143";Continente;"1";Norte;"11";Tâmega e Sousa;11C;Porto;Amarante;"União das freguesias de Bustelo, Carneiro e Carvalho de Rei";2342.91;23.43
"130144";Continente;"1";Norte;"11";Tâmega e Sousa;11C;Porto;Amarante;União das freguesias de Figueiró (Santiago e Santa Cristina);811.48;8.11
"130145";Continente;"1";Norte;"11";Tâmega e Sousa;11C;Porto;Amarante;União das freguesias de Freixo de Cima e de Baixo;881.5;8.82
"130146";Continente;"1";Norte;"11";Tâmega e Sousa;11C;Porto;Amarante;União das freguesias de Olo e Canadelo;1951.49;19.51
"130147";Continente;"1";Norte;"11";Tâmega e Sousa;11C;Porto;Amarante;Vila Meã;1096.26;10.96
"130148";Continente;"1";Norte;"11";Tâmega e Sousa;11C;Porto;Amarante;"União das freguesias de Vila Garcia, Aboim e Chapa";1207.98;12.08
"130204";Continente;"1";Norte;"11";Tâmega e Sousa;11C;Porto;Baião;Frende;290.01;2.9
"130205";Continente;"1";Norte;"11";Tâmega e Sousa;11C;Porto;Baião;Gestaçô;1422.45;14.22
"130206";Continente;"1";Norte;"11";Tâmega e Sousa;11C;Porto;Baião;Gove;1153.23;11.53
"130207";Continente;"1";Norte;"11";Tâmega e Sousa;11C;Porto;Baião;Grilo;594.41;5.94
"130208";Continente;"1";Norte;"11";Tâmega e Sousa;11C;Porto;Baião;Loivos do Monte;874.94;8.75
"130215";Continente;"1";Norte;"11";Tâmega e Sousa;11C;Porto;Baião;Santa Marinha do Zêzere;1068.89;10.69
"130219";Continente;"1";Norte;"11";Tâmega e Sousa;11C;Porto;Baião;Valadares;992.99;9.93
"130220";Continente;"1";Norte;"11";Tâmega e Sousa;11C;Porto;Baião;Viariz;623.48;6.23
"130221";Continente;"1";Norte;"11";Tâmega e Sousa;11C;Porto;Baião;União das freguesias de Ancede e Ribadouro;1436.01;14.36
"130222";Continente;"1";Norte;"11";Tâmega e Sousa;11C;Porto;Baião;União das freguesias de Baião (Santa Leocádia) e Mesquinhata;856.64;8.57
"130223";Continente;"1";Norte;"11";Tâmega e Sousa;11C;Porto;Baião;União das freguesias de Campelo e Ovil;3181.08;31.81
"130224";Continente;"1";Norte;"11";Tâmega e Sousa;11C;Porto;Baião;União das freguesias de Loivos da Ribeira e Tresouras;717.46;7.17
"130225";Continente;"1";Norte;"11";Tâmega e Sousa;11C;Porto;Baião;União das freguesias de Santa Cruz do Douro e São Tomé de Covelas;1611.36;16.11
"130226";Continente;"1";Norte;"11";Tâmega e Sousa;11C;Porto;Baião;União das freguesias de Teixeira e Teixeiró;2629.87;26.3
"130301";Continente;"1";Norte;"11";Tâmega e Sousa;11C;Porto;Felgueiras;Aião;277.87;2.78
"130302";Continente;"1";Norte;"11";Tâmega e Sousa;11C;Porto;Felgueiras;Airães;401.05;4.01
"130305";Continente;"1";Norte;"11";Tâmega e Sousa;11C;Porto;Felgueiras;Friande;328.7;3.29
"130306";Continente;"1";Norte;"11";Tâmega e Sousa;11C;Porto;Felgueiras;Idães;711.13;7.11
"130307";Continente;"1";Norte;"11";Tâmega e Sousa;11C;Porto;Felgueiras;Jugueiros;744.86;7.45
"130313";Continente;"1";Norte;"11";Tâmega e Sousa;11C;Porto;Felgueiras;Penacova;299.91;3
"130314";Continente;"1";Norte;"11";Tâmega e Sousa;11C;Porto;Felgueiras;Pinheiro;357.44;3.57
"130315";Continente;"1";Norte;"11";Tâmega e Sousa;11C;Porto;Felgueiras;Pombeiro de Ribavizela;480.9;4.81
"130317";Continente;"1";Norte;"11";Tâmega e Sousa;11C;Porto;Felgueiras;Refontoura;343.93;3.44
"130318";Continente;"1";Norte;"11";Tâmega e Sousa;11C;Porto;Felgueiras;Regilde;308.17;3.08
"130319";Continente;"1";Norte;"11";Tâmega e Sousa;11C;Porto;Felgueiras;Revinhade;332.56;3.33
"130324";Continente;"1";Norte;"11";Tâmega e Sousa;11C;Porto;Felgueiras;Sendim;702.99;7.03
"130334";Continente;"1";Norte;"11";Tâmega e Sousa;11C;Porto;Felgueiras;União das freguesias de Macieira da Lixa e Caramos;863.41;8.63
"130335";Continente;"1";Norte;"11";Tâmega e Sousa;11C;Porto;Felgueiras;"União das freguesias de Margaride (Santa Eulália), Várzea, Lagares, Varziela e Moure";1744.05;17.44
"130336";Continente;"1";Norte;"11";Tâmega e Sousa;11C;Porto;Felgueiras;"União das freguesias de Pedreira, Rande e Sernande";698.18;6.98
"130337";Continente;"1";Norte;"11";Tâmega e Sousa;11C;Porto;Felgueiras;União das freguesias de Torrados e Sousa;520.66;5.21
"130338";Continente;"1";Norte;"11";Tâmega e Sousa;11C;Porto;Felgueiras;União das freguesias de Unhão e Lordelo;495.58;4.96
"130339";Continente;"1";Norte;"11";Tâmega e Sousa;11C;Porto;Felgueiras;União das freguesias de Vila Cova da Lixa e Borba de Godim;1346.48;13.46
"130340";Continente;"1";Norte;"11";Tâmega e Sousa;11C;Porto;Felgueiras;União das freguesias de Vila Fria e Vizela (São Jorge);302.18;3.02
"130341";Continente;"1";Norte;"11";Tâmega e Sousa;11C;Porto;Felgueiras;União das freguesias de Vila Verde e Santão;313.71;3.14
"130405";Continente;"1";Norte;"11";Área Metropolitana do Porto;11A;Porto;Gondomar;Lomba;1369.66;13.7
"130408";Continente;"1";Norte;"11";Área Metropolitana do Porto;11A;Porto;Gondomar;Rio Tinto;943.86;9.44
"130412";Continente;"1";Norte;"11";Área Metropolitana do Porto;11A;Porto;Gondomar;Baguim do Monte (Rio Tinto);545.68;5.46
"130413";Continente;"1";Norte;"11";Área Metropolitana do Porto;11A;Porto;Gondomar;União das freguesias de Fânzeres e São Pedro da Cova;2196.19;21.96
"130414";Continente;"1";Norte;"11";Área Metropolitana do Porto;11A;Porto;Gondomar;União das freguesias de Foz do Sousa e Covelo;3023.77;30.24
"130415";Continente;"1";Norte;"11";Área Metropolitana do Porto;11A;Porto;Gondomar;"União das freguesias de Gondomar (São Cosme), Valbom e Jovim";2331.8;23.32
"130416";Continente;"1";Norte;"11";Área Metropolitana do Porto;11A;Porto;Gondomar;União das freguesias de Melres e Medas;2780.8;27.81
"130502";Continente;"1";Norte;"11";Tâmega e Sousa;11C;Porto;Lousada;Aveleda;381.08;3.81
"130504";Continente;"1";Norte;"11";Tâmega e Sousa;11C;Porto;Lousada;Caíde de Rei;673.32;6.73
"130510";Continente;"1";Norte;"11";Tâmega e Sousa;11C;Porto;Lousada;Lodares;388.4;3.88
"130512";Continente;"1";Norte;"11";Tâmega e Sousa;11C;Porto;Lousada;Macieira;154.76;1.55
"130513";Continente;"1";Norte;"11";Tâmega e Sousa;11C;Porto;Lousada;Meinedo;931.09;9.31
"130515";Continente;"1";Norte;"11";Tâmega e Sousa;11C;Porto;Lousada;Nevogilde;343.77;3.44
"130524";Continente;"1";Norte;"11";Tâmega e Sousa;11C;Porto;Lousada;Sousela;672.47;6.72
"130525";Continente;"1";Norte;"11";Tâmega e Sousa;11C;Porto;Lousada;Torno;375.43;3.75
"130526";Continente;"1";Norte;"11";Tâmega e Sousa;11C;Porto;Lousada;Vilar do Torno e Alentém;377.46;3.77
"130527";Continente;"1";Norte;"11";Tâmega e Sousa;11C;Porto;Lousada;União das freguesias de Cernadelo e Lousada (São Miguel e Santa Margarida);733.63;7.34
"130528";Continente;"1";Norte;"11";Tâmega e Sousa;11C;Porto;Lousada;"União das freguesias de Cristelos, Boim e Ordem";1036.27;10.36
"130529";Continente;"1";Norte;"11";Tâmega e Sousa;11C;Porto;Lousada;União das freguesias de Figueiras e Covas;434.18;4.34
"130531";Continente;"1";Norte;"11";Tâmega e Sousa;11C;Porto;Lousada;União das freguesias de Nespereira e Casais;466.77;4.67
"130532";Continente;"1";Norte;"11";Tâmega e Sousa;11C;Porto;Lousada;"União das freguesias de Silvares, Pias, Nogueira e Alvarenga";1049.08;10.49
"130533";Continente;"1";Norte;"11";Tâmega e Sousa;11C;Porto;Lousada;Barrosas (Santo Estêvão);427.51;4.28
"130534";Continente;"1";Norte;"11";Tâmega e Sousa;11C;Porto;Lousada;Lustosa;1162.79;11.63
"130601";Continente;"1";Norte;"11";Área Metropolitana do Porto;11A;Porto;Maia;Águas Santas;820.33;8.2
"130603";Continente;"1";Norte;"11";Área Metropolitana do Porto;11A;Porto;Maia;Folgosa;1011.14;10.11
"130608";Continente;"1";Norte;"11";Área Metropolitana do Porto;11A;Porto;Maia;Milheirós;360.42;3.6
"130609";Continente;"1";Norte;"11";Área Metropolitana do Porto;11A;Porto;Maia;Moreira;867.27;8.67
"130613";Continente;"1";Norte;"11";Área Metropolitana do Porto;11A;Porto;Maia;São Pedro Fins;470.68;4.71
"130616";Continente;"1";Norte;"11";Área Metropolitana do Porto;11A;Porto;Maia;Vila Nova da Telha;594.31;5.94
"130617";Continente;"1";Norte;"11";Área Metropolitana do Porto;11A;Porto;Maia;Pedrouços;254.09;2.54
"130618";Continente;"1";Norte;"11";Área Metropolitana do Porto;11A;Porto;Maia;Castêlo da Maia;1988.97;19.89
"130619";Continente;"1";Norte;"11";Área Metropolitana do Porto;11A;Porto;Maia;Cidade da Maia;1041.68;10.42
"130620";Continente;"1";Norte;"11";Área Metropolitana do Porto;11A;Porto;Maia;Nogueira e Silva Escura;886.49;8.86
"130704";Continente;"1";Norte;"11";Tâmega e Sousa;11C;Porto;Marco de Canaveses;Banho e Carvalhosa;491.4;4.91
"130705";Continente;"1";Norte;"11";Tâmega e Sousa;11C;Porto;Marco de Canaveses;Constance;479.67;4.8
"130722";Continente;"1";Norte;"11";Tâmega e Sousa;11C;Porto;Marco de Canaveses;Soalhães;2406.25;24.06
"130723";Continente;"1";Norte;"11";Tâmega e Sousa;11C;Porto;Marco de Canaveses;Sobretâmega;283.92;2.84
"130724";Continente;"1";Norte;"11";Tâmega e Sousa;11C;Porto;Marco de Canaveses;Tabuado;680.39;6.8
"130730";Continente;"1";Norte;"11";Tâmega e Sousa;11C;Porto;Marco de Canaveses;Vila Boa do Bispo;1248.48;12.48
"130732";Continente;"1";Norte;"11";Tâmega e Sousa;11C;Porto;Marco de Canaveses;"Alpendorada, Várzea e Torrão";1681.92;16.82
"130733";Continente;"1";Norte;"11";Tâmega e Sousa;11C;Porto;Marco de Canaveses;Avessadas e Rosém;1113.81;11.14
"130734";Continente;"1";Norte;"11";Tâmega e Sousa;11C;Porto;Marco de Canaveses;Bem Viver;958.58;9.59
"130735";Continente;"1";Norte;"11";Tâmega e Sousa;11C;Porto;Marco de Canaveses;Santo Isidoro e Livração;466.89;4.67
"130736";Continente;"1";Norte;"11";Tâmega e Sousa;11C;Porto;Marco de Canaveses;Marco;1738.93;17.39
"130737";Continente;"1";Norte;"11";Tâmega e Sousa;11C;Porto;Marco de Canaveses;Paredes de Viadores e Manhuncelos;1311.83;13.12
"130739";Continente;"1";Norte;"11";Tâmega e Sousa;11C;Porto;Marco de Canaveses;Sande e São Lourenço do Douro;1261.76;12.62
"130740";Continente;"1";Norte;"11";Tâmega e Sousa;11C;Porto;Marco de Canaveses;"Várzea, Aliviada e Folhada";2318.51;23.19
"130741";Continente;"1";Norte;"11";Tâmega e Sousa;11C;Porto;Marco de Canaveses;Vila Boa de Quires e Maureles;1932.91;19.33
"130742";Continente;"1";Norte;"11";Tâmega e Sousa;11C;Porto;Marco de Canaveses;Paços de Gaiolo;735.57;7.36
"130743";Continente;"1";Norte;"11";Tâmega e Sousa;11C;Porto;Marco de Canaveses;Penha Longa;1078.15;10.78
"130815";Continente;"1";Norte;"11";Área Metropolitana do Porto;11A;Porto;Matosinhos;Custóias;603.45;6.03
"130816";Continente;"1";Norte;"11";Área Metropolitana do Porto;11A;Porto;Matosinhos;Guifões;368.76;3.69
"130817";Continente;"1";Norte;"11";Área Metropolitana do Porto;11A;Porto;Matosinhos;Lavra;1033.34;10.33
"130818";Continente;"1";Norte;"11";Área Metropolitana do Porto;11A;Porto;Matosinhos;Leça da Palmeira;714.41;7.14
"130819";Continente;"1";Norte;"11";Área Metropolitana do Porto;11A;Porto;Matosinhos;Leça do Balio;911.31;9.11
"130820";Continente;"1";Norte;"11";Área Metropolitana do Porto;11A;Porto;Matosinhos;Matosinhos;501.18;5.01
"130821";Continente;"1";Norte;"11";Área Metropolitana do Porto;11A;Porto;Matosinhos;Perafita;864.59;8.65
"130822";Continente;"1";Norte;"11";Área Metropolitana do Porto;11A;Porto;Matosinhos;Santa Cruz do Bispo;366.98;3.67
"130823";Continente;"1";Norte;"11";Área Metropolitana do Porto;11A;Porto;Matosinhos;São Mamede de Infesta;500.11;5
"130824";Continente;"1";Norte;"11";Área Metropolitana do Porto;11A;Porto;Matosinhos;Senhora da Hora;377.84;3.78
"130902";Continente;"1";Norte;"11";Tâmega e Sousa;11C;Porto;Paços de Ferreira;Carvalhosa;598.89;5.99
"130904";Continente;"1";Norte;"11";Tâmega e Sousa;11C;Porto;Paços de Ferreira;Eiriz;602.48;6.02
"130905";Continente;"1";Norte;"11";Tâmega e Sousa;11C;Porto;Paços de Ferreira;Ferreira;674.59;6.75
"130906";Continente;"1";Norte;"11";Tâmega e Sousa;11C;Porto;Paços de Ferreira;Figueiró;285.16;2.85
"130908";Continente;"1";Norte;"11";Tâmega e Sousa;11C;Porto;Paços de Ferreira;Freamunde;515.18;5.15
"130910";Continente;"1";Norte;"11";Tâmega e Sousa;11C;Porto;Paços de Ferreira;Meixomil;437.75;4.38
"130913";Continente;"1";Norte;"11";Tâmega e Sousa;11C;Porto;Paços de Ferreira;Penamaior;671.82;6.72
"130914";Continente;"1";Norte;"11";Tâmega e Sousa;11C;Porto;Paços de Ferreira;Raimonda;336.65;3.37
"130916";Continente;"1";Norte;"11";Tâmega e Sousa;11C;Porto;Paços de Ferreira;Seroa;629.27;6.29
"130920";Continente;"1";Norte;"11";Tâmega e Sousa;11C;Porto;Paços de Ferreira;Arreigada;173.74;1.74
"130921";Continente;"1";Norte;"11";Tâmega e Sousa;11C;Porto;Paços de Ferreira;Codessos;193.92;1.94
"130922";Continente;"1";Norte;"11";Tâmega e Sousa;11C;Porto;Paços de Ferreira;Frazão;554.55;5.55
"130923";Continente;"1";Norte;"11";Tâmega e Sousa;11C;Porto;Paços de Ferreira;Lamoso;215.6;2.16
"130924";Continente;"1";Norte;"11";Tâmega e Sousa;11C;Porto;Paços de Ferreira;Modelos;214.17;2.14
"130925";Continente;"1";Norte;"11";Tâmega e Sousa;11C;Porto;Paços de Ferreira;Paços de Ferreira;393.63;3.94
"130926";Continente;"1";Norte;"11";Tâmega e Sousa;11C;Porto;Paços de Ferreira;Sanfins de Ferreira;601.88;6.02
"131001";Continente;"1";Norte;"11";Área Metropolitana do Porto;11A;Porto;Paredes;Aguiar de Sousa;2237.7;22.38
"131002";Continente;"1";Norte;"11";Área Metropolitana do Porto;11A;Porto;Paredes;Astromil;192.83;1.93
"131003";Continente;"1";Norte;"11";Área Metropolitana do Porto;11A;Porto;Paredes;Baltar;741.4;7.41
"131004";Continente;"1";Norte;"11";Área Metropolitana do Porto;11A;Porto;Paredes;Beire;330.89;3.31
"131008";Continente;"1";Norte;"11";Área Metropolitana do Porto;11A;Porto;Paredes;Cete;467.58;4.68
"131009";Continente;"1";Norte;"11";Área Metropolitana do Porto;11A;Porto;Paredes;Cristelo;202.36;2.02
"131010";Continente;"1";Norte;"11";Área Metropolitana do Porto;11A;Porto;Paredes;Duas Igrejas;377.97;3.78
"131011";Continente;"1";Norte;"11";Área Metropolitana do Porto;11A;Porto;Paredes;Gandra;1175.52;11.76
"131013";Continente;"1";Norte;"11";Área Metropolitana do Porto;11A;Porto;Paredes;Lordelo;975.86;9.76
"131014";Continente;"1";Norte;"11";Área Metropolitana do Porto;11A;Porto;Paredes;Louredo;289.28;2.89
"131017";Continente;"1";Norte;"11";Área Metropolitana do Porto;11A;Porto;Paredes;Parada de Todeia;349.32;3.49
"131018";Continente;"1";Norte;"11";Área Metropolitana do Porto;11A;Porto;Paredes;Rebordosa;1076.23;10.76
"131019";Continente;"1";Norte;"11";Área Metropolitana do Porto;11A;Porto;Paredes;Recarei;1460.34;14.6
"131020";Continente;"1";Norte;"11";Área Metropolitana do Porto;11A;Porto;Paredes;Sobreira;2195.9;21.96
"131021";Continente;"1";Norte;"11";Área Metropolitana do Porto;11A;Porto;Paredes;Sobrosa;470.23;4.7
"131022";Continente;"1";Norte;"11";Área Metropolitana do Porto;11A;Porto;Paredes;Vandoma;512.46;5.12
"131024";Continente;"1";Norte;"11";Área Metropolitana do Porto;11A;Porto;Paredes;Vilela;468.36;4.68
"131025";Continente;"1";Norte;"11";Área Metropolitana do Porto;11A;Porto;Paredes;Paredes;2151.46;21.51
"131101";Continente;"1";Norte;"11";Tâmega e Sousa;11C;Porto;Penafiel;Abragão;953.22;9.53
"131102";Continente;"1";Norte;"11";Tâmega e Sousa;11C;Porto;Penafiel;Boelhe;508.63;5.09
"131103";Continente;"1";Norte;"11";Tâmega e Sousa;11C;Porto;Penafiel;Bustelo;685.74;6.86
"131104";Continente;"1";Norte;"11";Tâmega e Sousa;11C;Porto;Penafiel;Cabeça Santa;692.95;6.93
"131105";Continente;"1";Norte;"11";Tâmega e Sousa;11C;Porto;Penafiel;Canelas;1181.81;11.82
"131106";Continente;"1";Norte;"11";Tâmega e Sousa;11C;Porto;Penafiel;Capela;1324.82;13.25
"131107";Continente;"1";Norte;"11";Tâmega e Sousa;11C;Porto;Penafiel;Castelões;421.98;4.22
"131108";Continente;"1";Norte;"11";Tâmega e Sousa;11C;Porto;Penafiel;Croca;663.58;6.64
"131109";Continente;"1";Norte;"11";Tâmega e Sousa;11C;Porto;Penafiel;Duas Igrejas;810.21;8.1
"131110";Continente;"1";Norte;"11";Tâmega e Sousa;11C;Porto;Penafiel;Eja;492.92;4.93
"131112";Continente;"1";Norte;"11";Tâmega e Sousa;11C;Porto;Penafiel;Fonte Arcada;482.23;4.82
"131113";Continente;"1";Norte;"11";Tâmega e Sousa;11C;Porto;Penafiel;Galegos;456.77;4.57
"131115";Continente;"1";Norte;"11";Tâmega e Sousa;11C;Porto;Penafiel;Irivo;317.02;3.17
"131121";Continente;"1";Norte;"11";Tâmega e Sousa;11C;Porto;Penafiel;Oldrões;405.73;4.06
"131122";Continente;"1";Norte;"11";Tâmega e Sousa;11C;Porto;Penafiel;Paço de Sousa;860.42;8.6
"131125";Continente;"1";Norte;"11";Tâmega e Sousa;11C;Porto;Penafiel;Perozelo;399.1;3.99
"131128";Continente;"1";Norte;"11";Tâmega e Sousa;11C;Porto;Penafiel;Rans;305.31;3.05
"131129";Continente;"1";Norte;"11";Tâmega e Sousa;11C;Porto;Penafiel;Rio de Moinhos;821.15;8.21
"131132";Continente;"1";Norte;"11";Tâmega e Sousa;11C;Porto;Penafiel;Recezinhos (São Mamede);425.17;4.25
"131133";Continente;"1";Norte;"11";Tâmega e Sousa;11C;Porto;Penafiel;Recezinhos (São Martinho);523.69;5.24
"131134";Continente;"1";Norte;"11";Tâmega e Sousa;11C;Porto;Penafiel;Sebolido;515.46;5.15
"131136";Continente;"1";Norte;"11";Tâmega e Sousa;11C;Porto;Penafiel;Valpedre;633.35;6.33
"131138";Continente;"1";Norte;"11";Tâmega e Sousa;11C;Porto;Penafiel;Rio Mau;613.32;6.13
"131139";Continente;"1";Norte;"11";Tâmega e Sousa;11C;Porto;Penafiel;Penafiel;2252.29;22.52
"131140";Continente;"1";Norte;"11";Tâmega e Sousa;11C;Porto;Penafiel;Luzim e Vila Cova;1060.3;10.6
"131141";Continente;"1";Norte;"11";Tâmega e Sousa;11C;Porto;Penafiel;Guilhufe e Urrô;732.13;7.32
"131142";Continente;"1";Norte;"11";Tâmega e Sousa;11C;Porto;Penafiel;Lagares e Figueira;1664.17;16.64
"131143";Continente;"1";Norte;"11";Tâmega e Sousa;11C;Porto;Penafiel;Termas de São Vicente;1020.81;10.21
"131202";Continente;"1";Norte;"11";Área Metropolitana do Porto;11A;Porto;Porto;Bonfim;309.63;3.1
"131203";Continente;"1";Norte;"11";Área Metropolitana do Porto;11A;Porto;Porto;Campanhã;804.26;8.04
"131210";Continente;"1";Norte;"11";Área Metropolitana do Porto;11A;Porto;Porto;Paranhos;716.81;7.17
"131211";Continente;"1";Norte;"11";Área Metropolitana do Porto;11A;Porto;Porto;Ramalde;582.5;5.83
"131216";Continente;"1";Norte;"11";Área Metropolitana do Porto;11A;Porto;Porto;"União das freguesias de Aldoar, Foz do Douro e Nevogilde";626.79;6.27
"131217";Continente;"1";Norte;"11";Área Metropolitana do Porto;11A;Porto;Porto;"União das freguesias de Cedofeita, Santo Ildefonso, Sé, Miragaia, São Nicolau e Vitória";543.33;5.43
"131218";Continente;"1";Norte;"11";Área Metropolitana do Porto;11A;Porto;Porto;União das freguesias de Lordelo do Ouro e Massarelos;558.69;5.59
"131305";Continente;"1";Norte;"11";Área Metropolitana do Porto;11A;Porto;Póvoa de Varzim;Balazar;1160.7;11.61
"131307";Continente;"1";Norte;"11";Área Metropolitana do Porto;11A;Porto;Póvoa de Varzim;Estela;1153.64;11.54
"131308";Continente;"1";Norte;"11";Área Metropolitana do Porto;11A;Porto;Póvoa de Varzim;Laundos;852.72;8.53
"131311";Continente;"1";Norte;"11";Área Metropolitana do Porto;11A;Porto;Póvoa de Varzim;Rates;1389.76;13.9
"131316";Continente;"1";Norte;"11";Área Metropolitana do Porto;11A;Porto;Póvoa de Varzim;Aguçadoura;405.27;4.05
"131317";Continente;"1";Norte;"11";Área Metropolitana do Porto;11A;Porto;Póvoa de Varzim;Amorim;478.26;4.78
"131318";Continente;"1";Norte;"11";Área Metropolitana do Porto;11A;Porto;Póvoa de Varzim;Argivai;283.54;2.84
"131319";Continente;"1";Norte;"11";Área Metropolitana do Porto;11A;Porto;Póvoa de Varzim;Aver-o-Mar;514.55;5.15
"131320";Continente;"1";Norte;"11";Área Metropolitana do Porto;11A;Porto;Póvoa de Varzim;Beiriz;486.67;4.87
"131321";Continente;"1";Norte;"11";Área Metropolitana do Porto;11A;Porto;Póvoa de Varzim;Navais;334.72;3.35
"131322";Continente;"1";Norte;"11";Área Metropolitana do Porto;11A;Porto;Póvoa de Varzim;Póvoa de Varzim;489.31;4.89
"131323";Continente;"1";Norte;"11";Área Metropolitana do Porto;11A;Porto;Póvoa de Varzim;Terroso;671.47;6.71
"131401";Continente;"1";Norte;"11";Área Metropolitana do Porto;11A;Porto;Santo Tirso;Agrela;698.68;6.99
"131402";Continente;"1";Norte;"11";Área Metropolitana do Porto;11A;Porto;Santo Tirso;Água Longa;1287.34;12.87
"131405";Continente;"1";Norte;"11";Área Metropolitana do Porto;11A;Porto;Santo Tirso;Aves;611.41;6.11
"131413";Continente;"1";Norte;"11";Área Metropolitana do Porto;11A;Porto;Santo Tirso;Monte Córdova;1679.8;16.8
"131416";Continente;"1";Norte;"11";Área Metropolitana do Porto;11A;Porto;Santo Tirso;Rebordões;421;4.21
"131418";Continente;"1";Norte;"11";Área Metropolitana do Porto;11A;Porto;Santo Tirso;Reguenga;500.43;5
"131419";Continente;"1";Norte;"11";Área Metropolitana do Porto;11A;Porto;Santo Tirso;Roriz;616.97;6.17
"131430";Continente;"1";Norte;"11";Área Metropolitana do Porto;11A;Porto;Santo Tirso;Negrelos (São Tomé);611.64;6.12
"131432";Continente;"1";Norte;"11";Área Metropolitana do Porto;11A;Porto;Santo Tirso;Vilarinho;526.65;5.27
"131433";Continente;"1";Norte;"11";Área Metropolitana do Porto;11A;Porto;Santo Tirso;"União das freguesias de Areias, Sequeiró, Lama e Palmeira";1030.41;10.3
"131434";Continente;"1";Norte;"11";Área Metropolitana do Porto;11A;Porto;Santo Tirso;Vila Nova do Campo;959.59;9.6
"131435";Continente;"1";Norte;"11";Área Metropolitana do Porto;11A;Porto;Santo Tirso;União das freguesias de Carreira e Refojos de Riba de Ave;949;9.49
"131436";Continente;"1";Norte;"11";Área Metropolitana do Porto;11A;Porto;Santo Tirso;União das freguesias de Lamelas e Guimarei;1240.85;12.41
"131437";Continente;"1";Norte;"11";Área Metropolitana do Porto;11A;Porto;Santo Tirso;"União das freguesias de Santo Tirso, Couto (Santa Cristina e São Miguel) e Burgães";2521.75;25.22
"131501";Continente;"1";Norte;"11";Área Metropolitana do Porto;11A;Porto;Valongo;Alfena;1552.03;15.52
"131503";Continente;"1";Norte;"11";Área Metropolitana do Porto;11A;Porto;Valongo;Ermesinde;787.86;7.88
"131505";Continente;"1";Norte;"11";Área Metropolitana do Porto;11A;Porto;Valongo;Valongo;2023.86;20.24
"131507";Continente;"1";Norte;"11";Área Metropolitana do Porto;11A;Porto;Valongo;Campo;1094.56;10.95
"131508";Continente;"1";Norte;"11";Área Metropolitana do Porto;11A;Porto;Valongo;Sobrado;2054.13;20.54
"131602";Continente;"1";Norte;"11";Área Metropolitana do Porto;11A;Porto;Vila do Conde;Árvore;656.04;6.56
"131603";Continente;"1";Norte;"11";Área Metropolitana do Porto;11A;Porto;Vila do Conde;Aveleda;370.17;3.7
"131604";Continente;"1";Norte;"11";Área Metropolitana do Porto;11A;Porto;Vila do Conde;Azurara;216.4;2.16
"131607";Continente;"1";Norte;"11";Área Metropolitana do Porto;11A;Porto;Vila do Conde;Fajozes;596.18;5.96
"131610";Continente;"1";Norte;"11";Área Metropolitana do Porto;11A;Porto;Vila do Conde;Gião;565.75;5.66
"131611";Continente;"1";Norte;"11";Área Metropolitana do Porto;11A;Porto;Vila do Conde;Guilhabreu;645.87;6.46
"131612";Continente;"1";Norte;"11";Área Metropolitana do Porto;11A;Porto;Vila do Conde;Junqueira;682.77;6.83
"131613";Continente;"1";Norte;"11";Área Metropolitana do Porto;11A;Porto;Vila do Conde;Labruge;507.07;5.07
"131614";Continente;"1";Norte;"11";Área Metropolitana do Porto;11A;Porto;Vila do Conde;Macieira da Maia;592.65;5.93
"131616";Continente;"1";Norte;"11";Área Metropolitana do Porto;11A;Porto;Vila do Conde;Mindelo;573.87;5.74
"131617";Continente;"1";Norte;"11";Área Metropolitana do Porto;11A;Porto;Vila do Conde;Modivas;409.93;4.1
"131627";Continente;"1";Norte;"11";Área Metropolitana do Porto;11A;Porto;Vila do Conde;Vila Chã;481.33;4.81
"131628";Continente;"1";Norte;"11";Área Metropolitana do Porto;11A;Porto;Vila do Conde;Vila do Conde;677.88;6.78
"131630";Continente;"1";Norte;"11";Área Metropolitana do Porto;11A;Porto;Vila do Conde;Vilar de Pinheiro;378.36;3.78
"131631";Continente;"1";Norte;"11";Área Metropolitana do Porto;11A;Porto;Vila do Conde;"União das freguesias de Bagunte, Ferreiró, Outeiro Maior e Parada";2186;21.86
"131636";Continente;"1";Norte;"11";Área Metropolitana do Porto;11A;Porto;Vila do Conde;União das freguesias de Touguinha e Touguinhó;772.33;7.72
"131637";Continente;"1";Norte;"11";Área Metropolitana do Porto;11A;Porto;Vila do Conde;União das freguesias de Vilar e Mosteiró;732.91;7.33
"131638";Continente;"1";Norte;"11";Área Metropolitana do Porto;11A;Porto;Vila do Conde;Arcos;581.45;5.81
"131639";Continente;"1";Norte;"11";Área Metropolitana do Porto;11A;Porto;Vila do Conde;Canidelo;334.64;3.35
"131640";Continente;"1";Norte;"11";Área Metropolitana do Porto;11A;Porto;Vila do Conde;Fornelo;628.42;6.28
"131641";Continente;"1";Norte;"11";Área Metropolitana do Porto;11A;Porto;Vila do Conde;Malta;212.48;2.12
"131642";Continente;"1";Norte;"11";Área Metropolitana do Porto;11A;Porto;Vila do Conde;Retorta;320.66;3.21
"131643";Continente;"1";Norte;"11";Área Metropolitana do Porto;11A;Porto;Vila do Conde;Rio Mau;988.24;9.88
"131644";Continente;"1";Norte;"11";Área Metropolitana do Porto;11A;Porto;Vila do Conde;Tougues;334.4;3.34
"131645";Continente;"1";Norte;"11";Área Metropolitana do Porto;11A;Porto;Vila do Conde;Vairão;456.98;4.57
"131701";Continente;"1";Norte;"11";Área Metropolitana do Porto;11A;Porto;Vila Nova de Gaia;Arcozelo;849.54;8.5
"131702";Continente;"1";Norte;"11";Área Metropolitana do Porto;11A;Porto;Vila Nova de Gaia;Avintes;882.14;8.82
"131703";Continente;"1";Norte;"11";Área Metropolitana do Porto;11A;Porto;Vila Nova de Gaia;Canelas;690.13;6.9
"131704";Continente;"1";Norte;"11";Área Metropolitana do Porto;11A;Porto;Vila Nova de Gaia;Canidelo;893.08;8.93
"131709";Continente;"1";Norte;"11";Área Metropolitana do Porto;11A;Porto;Vila Nova de Gaia;Madalena;469.01;4.69
"131712";Continente;"1";Norte;"11";Área Metropolitana do Porto;11A;Porto;Vila Nova de Gaia;Oliveira do Douro;753.62;7.54
"131717";Continente;"1";Norte;"11";Área Metropolitana do Porto;11A;Porto;Vila Nova de Gaia;São Félix da Marinha;792.9;7.93
"131723";Continente;"1";Norte;"11";Área Metropolitana do Porto;11A;Porto;Vila Nova de Gaia;Vilar de Andorinho;706.51;7.07
"131732";Continente;"1";Norte;"11";Área Metropolitana do Porto;11A;Porto;Vila Nova de Gaia;Crestuma;468.38;4.68
"131733";Continente;"1";Norte;"11";Área Metropolitana do Porto;11A;Porto;Vila Nova de Gaia;Grijó;1133.07;11.33
"131734";Continente;"1";Norte;"11";Área Metropolitana do Porto;11A;Porto;Vila Nova de Gaia;Gulpilhares;547.43;5.47
"131735";Continente;"1";Norte;"11";Área Metropolitana do Porto;11A;Porto;Vila Nova de Gaia;Lever;784.34;7.84
"131736";Continente;"1";Norte;"11";Área Metropolitana do Porto;11A;Porto;Vila Nova de Gaia;Mafamude;527.85;5.28
"131737";Continente;"1";Norte;"11";Área Metropolitana do Porto;11A;Porto;Vila Nova de Gaia;Olival;807.2;8.07
"131738";Continente;"1";Norte;"11";Área Metropolitana do Porto;11A;Porto;Vila Nova de Gaia;Pedroso;1943.05;19.43
"131739";Continente;"1";Norte;"11";Área Metropolitana do Porto;11A;Porto;Vila Nova de Gaia;Perosinho;529.2;5.29
"131740";Continente;"1";Norte;"11";Área Metropolitana do Porto;11A;Porto;Vila Nova de Gaia;Sandim;1355.68;13.56
"131741";Continente;"1";Norte;"11";Área Metropolitana do Porto;11A;Porto;Vila Nova de Gaia;Santa Marinha;591.78;5.92
"131742";Continente;"1";Norte;"11";Área Metropolitana do Porto;11A;Porto;Vila Nova de Gaia;São Pedro da Afurada;99.65;1
"131743";Continente;"1";Norte;"11";Área Metropolitana do Porto;11A;Porto;Vila Nova de Gaia;Seixezelo;144.76;1.45
"131744";Continente;"1";Norte;"11";Área Metropolitana do Porto;11A;Porto;Vila Nova de Gaia;Sermonde;165.89;1.66
"131745";Continente;"1";Norte;"11";Área Metropolitana do Porto;11A;Porto;Vila Nova de Gaia;Serzedo;667.78;6.68
"131746";Continente;"1";Norte;"11";Área Metropolitana do Porto;11A;Porto;Vila Nova de Gaia;Valadares;513.8;5.14
"131747";Continente;"1";Norte;"11";Área Metropolitana do Porto;11A;Porto;Vila Nova de Gaia;Vilar do Paraíso;529.65;5.3
"131806";Continente;"1";Norte;"11";Área Metropolitana do Porto;11A;Porto;Trofa;Covelas;1522.27;15.22
"131808";Continente;"1";Norte;"11";Área Metropolitana do Porto;11A;Porto;Trofa;Muro;504.87;5.05
"131810";Continente;"1";Norte;"11";Área Metropolitana do Porto;11A;Porto;Trofa;União das freguesias de Bougado (São Martinho e Santiago);2868.69;28.69
"131811";Continente;"1";Norte;"11";Área Metropolitana do Porto;11A;Porto;Trofa;União das freguesias de Coronado (São Romão e São Mamede);1097.26;10.97
"131812";Continente;"1";Norte;"11";Área Metropolitana do Porto;11A;Porto;Trofa;Alvarelhos;733.83;7.34
"131813";Continente;"1";Norte;"11";Área Metropolitana do Porto;11A;Porto;Trofa;Guidões;473.39;4.73
"140104";Continente;"1";Oeste e Vale do Tejo;1D;Médio Tejo;"1D2";Santarém;Abrantes;Bemposta;18745.35;187.45
"140105";Continente;"1";Oeste e Vale do Tejo;1D;Médio Tejo;"1D2";Santarém;Abrantes;Martinchel;1706.83;17.07
"140106";Continente;"1";Oeste e Vale do Tejo;1D;Médio Tejo;"1D2";Santarém;Abrantes;Mouriscas;3502.27;35.02
"140107";Continente;"1";Oeste e Vale do Tejo;1D;Médio Tejo;"1D2";Santarém;Abrantes;Pego;3604.69;36.05
"140108";Continente;"1";Oeste e Vale do Tejo;1D;Médio Tejo;"1D2";Santarém;Abrantes;Rio de Moinhos;2003.1;20.03
"140115";Continente;"1";Oeste e Vale do Tejo;1D;Médio Tejo;"1D2";Santarém;Abrantes;Tramagal;2410.06;24.1
"140118";Continente;"1";Oeste e Vale do Tejo;1D;Médio Tejo;"1D2";Santarém;Abrantes;Fontes;2848.52;28.49
"140119";Continente;"1";Oeste e Vale do Tejo;1D;Médio Tejo;"1D2";Santarém;Abrantes;Carvalhal;1754.21;17.54
"140120";Continente;"1";Oeste e Vale do Tejo;1D;Médio Tejo;"1D2";Santarém;Abrantes;União das freguesias de Abrantes (São Vicente e São João) e Alferrarede;6446.65;64.47
"140121";Continente;"1";Oeste e Vale do Tejo;1D;Médio Tejo;"1D2";Santarém;Abrantes;União das freguesias de Aldeia do Mato e Souto;4476.8;44.77
"140122";Continente;"1";Oeste e Vale do Tejo;1D;Médio Tejo;"1D2";Santarém;Abrantes;União das freguesias de Alvega e Concavada;7584.96;75.85
"140123";Continente;"1";Oeste e Vale do Tejo;1D;Médio Tejo;"1D2";Santarém;Abrantes;União das freguesias de São Facundo e Vale das Mós;10491.24;104.91
"140124";Continente;"1";Oeste e Vale do Tejo;1D;Médio Tejo;"1D2";Santarém;Abrantes;União das freguesias de São Miguel do Rio Torto e Rossio ao Sul do Tejo;5894.41;58.94
"140202";Continente;"1";Oeste e Vale do Tejo;1D;Médio Tejo;"1D2";Santarém;Alcanena;Bugalhos;1645.82;16.46
"140206";Continente;"1";Oeste e Vale do Tejo;1D;Médio Tejo;"1D2";Santarém;Alcanena;Minde;2114.45;21.14
"140207";Continente;"1";Oeste e Vale do Tejo;1D;Médio Tejo;"1D2";Santarém;Alcanena;Moitas Venda;675.15;6.75
"140208";Continente;"1";Oeste e Vale do Tejo;1D;Médio Tejo;"1D2";Santarém;Alcanena;Monsanto;1846.34;18.46
"140209";Continente;"1";Oeste e Vale do Tejo;1D;Médio Tejo;"1D2";Santarém;Alcanena;Serra de Santo António;1462.08;14.62
"140211";Continente;"1";Oeste e Vale do Tejo;1D;Médio Tejo;"1D2";Santarém;Alcanena;União das freguesias de Alcanena e Vila Moreira;1543.12;15.43
"140212";Continente;"1";Oeste e Vale do Tejo;1D;Médio Tejo;"1D2";Santarém;Alcanena;"União das freguesias de Malhou, Louriceira e Espinheiro";3445.92;34.46
"140301";Continente;"1";Oeste e Vale do Tejo;1D;Lezíria do Tejo;"1D3";Santarém;Almeirim;Almeirim;6913.02;69.13
"140302";Continente;"1";Oeste e Vale do Tejo;1D;Lezíria do Tejo;"1D3";Santarém;Almeirim;Benfica do Ribatejo;2927.02;29.27
"140303";Continente;"1";Oeste e Vale do Tejo;1D;Lezíria do Tejo;"1D3";Santarém;Almeirim;Fazendas de Almeirim;5830.28;58.3
"140304";Continente;"1";Oeste e Vale do Tejo;1D;Lezíria do Tejo;"1D3";Santarém;Almeirim;Raposa;6541.73;65.42
"140401";Continente;"1";Oeste e Vale do Tejo;1D;Lezíria do Tejo;"1D3";Santarém;Alpiarça;Alpiarça;9536.33;95.36
"140501";Continente;"1";Oeste e Vale do Tejo;1D;Lezíria do Tejo;"1D3";Santarém;Benavente;Benavente;13041.01;130.41
"140502";Continente;"1";Oeste e Vale do Tejo;1D;Lezíria do Tejo;"1D3";Santarém;Benavente;Samora Correia;32138.71;321.39
"140503";Continente;"1";Oeste e Vale do Tejo;1D;Lezíria do Tejo;"1D3";Santarém;Benavente;Santo Estêvão;6241.21;62.41
"140504";Continente;"1";Oeste e Vale do Tejo;1D;Lezíria do Tejo;"1D3";Santarém;Benavente;Barrosa;717.47;7.17
"140604";Continente;"1";Oeste e Vale do Tejo;1D;Lezíria do Tejo;"1D3";Santarém;Cartaxo;Pontével;2784.38;27.84
"140605";Continente;"1";Oeste e Vale do Tejo;1D;Lezíria do Tejo;"1D3";Santarém;Cartaxo;Valada;4216.63;42.17
"140607";Continente;"1";Oeste e Vale do Tejo;1D;Lezíria do Tejo;"1D3";Santarém;Cartaxo;Vila Chã de Ourique;3321.9;33.22
"140608";Continente;"1";Oeste e Vale do Tejo;1D;Lezíria do Tejo;"1D3";Santarém;Cartaxo;Vale da Pedra;1409.51;14.1
"140609";Continente;"1";Oeste e Vale do Tejo;1D;Lezíria do Tejo;"1D3";Santarém;Cartaxo;União das freguesias do Cartaxo e Vale da Pinta;2823.1;28.23
"140610";Continente;"1";Oeste e Vale do Tejo;1D;Lezíria do Tejo;"1D3";Santarém;Cartaxo;União das freguesias de Ereira e Lapa;1261.76;12.62
"140704";Continente;"1";Oeste e Vale do Tejo;1D;Lezíria do Tejo;"1D3";Santarém;Chamusca;Ulme;12179.78;121.8
"140705";Continente;"1";Oeste e Vale do Tejo;1D;Lezíria do Tejo;"1D3";Santarém;Chamusca;Vale de Cavalos;12005.03;120.05
"140707";Continente;"1";Oeste e Vale do Tejo;1D;Lezíria do Tejo;"1D3";Santarém;Chamusca;Carregueira;9864.49;98.64
"140708";Continente;"1";Oeste e Vale do Tejo;1D;Lezíria do Tejo;"1D3";Santarém;Chamusca;União das freguesias da Chamusca e Pinheiro Grande;6709.99;67.1
"140709";Continente;"1";Oeste e Vale do Tejo;1D;Lezíria do Tejo;"1D3";Santarém;Chamusca;União das freguesias de Parreira e Chouto;33830.32;338.3
"140801";Continente;"1";Oeste e Vale do Tejo;1D;Médio Tejo;"1D2";Santarém;Constância;Constância;883.15;8.83
"140802";Continente;"1";Oeste e Vale do Tejo;1D;Médio Tejo;"1D2";Santarém;Constância;Montalvo;1281.44;12.81
"140803";Continente;"1";Oeste e Vale do Tejo;1D;Médio Tejo;"1D2";Santarém;Constância;Santa Margarida da Coutada;5871.99;58.72
"140902";Continente;"1";Oeste e Vale do Tejo;1D;Lezíria do Tejo;"1D3";Santarém;Coruche;Couço;34657.82;346.58
"140903";Continente;"1";Oeste e Vale do Tejo;1D;Lezíria do Tejo;"1D3";Santarém;Coruche;São José da Lamarosa;11089.24;110.89
"140905";Continente;"1";Oeste e Vale do Tejo;1D;Lezíria do Tejo;"1D3";Santarém;Coruche;Branca;11734.22;117.34
"140907";Continente;"1";Oeste e Vale do Tejo;1D;Lezíria do Tejo;"1D3";Santarém;Coruche;Biscainho;8136.72;81.37
"140908";Continente;"1";Oeste e Vale do Tejo;1D;Lezíria do Tejo;"1D3";Santarém;Coruche;Santana do Mato;10305.96;103.06
"140910";Continente;"1";Oeste e Vale do Tejo;1D;Lezíria do Tejo;"1D3";Santarém;Coruche;Coruche;24257.04;242.57
"140911";Continente;"1";Oeste e Vale do Tejo;1D;Lezíria do Tejo;"1D3";Santarém;Coruche;Erra;6397.7;63.98
"140912";Continente;"1";Oeste e Vale do Tejo;1D;Lezíria do Tejo;"1D3";Santarém;Coruche;Fajarda;4993.32;49.93
"141001";Continente;"1";Oeste e Vale do Tejo;1D;Médio Tejo;"1D2";Santarém;Entroncamento;São João Baptista;456.05;4.56
"141002";Continente;"1";Oeste e Vale do Tejo;1D;Médio Tejo;"1D2";Santarém;Entroncamento;Nossa Senhora de Fátima;916.76;9.17
"141101";Continente;"1";Oeste e Vale do Tejo;1D;Médio Tejo;"1D2";Santarém;Ferreira do Zêzere;Águas Belas;2213.03;22.13
"141103";Continente;"1";Oeste e Vale do Tejo;1D;Médio Tejo;"1D2";Santarém;Ferreira do Zêzere;Beco;1621.34;16.21
"141104";Continente;"1";Oeste e Vale do Tejo;1D;Médio Tejo;"1D2";Santarém;Ferreira do Zêzere;Chãos;2333.55;23.34
"141106";Continente;"1";Oeste e Vale do Tejo;1D;Médio Tejo;"1D2";Santarém;Ferreira do Zêzere;Ferreira do Zêzere;3793.24;37.93
"141107";Continente;"1";Oeste e Vale do Tejo;1D;Médio Tejo;"1D2";Santarém;Ferreira do Zêzere;Igreja Nova do Sobral;1452.4;14.52
"141110";Continente;"1";Oeste e Vale do Tejo;1D;Médio Tejo;"1D2";Santarém;Ferreira do Zêzere;Nossa Senhora do Pranto;3048.25;30.48
"141111";Continente;"1";Oeste e Vale do Tejo;1D;Médio Tejo;"1D2";Santarém;Ferreira do Zêzere;União das freguesias de Areias e Pias;4576.22;45.76
"141201";Continente;"1";Oeste e Vale do Tejo;1D;Lezíria do Tejo;"1D3";Santarém;Golegã;Azinhaga;3821.38;38.21
"141202";Continente;"1";Oeste e Vale do Tejo;1D;Lezíria do Tejo;"1D3";Santarém;Golegã;Golegã;3840.34;38.4
"141203";Continente;"1";Oeste e Vale do Tejo;1D;Lezíria do Tejo;"1D3";Santarém;Golegã;Pombalinho;769.94;7.7
"141302";Continente;"1";Oeste e Vale do Tejo;1D;Médio Tejo;"1D2";Santarém;Mação;Amêndoa;3760.98;37.61
"141303";Continente;"1";Oeste e Vale do Tejo;1D;Médio Tejo;"1D2";Santarém;Mação;Cardigos;7092.75;70.93
"141304";Continente;"1";Oeste e Vale do Tejo;1D;Médio Tejo;"1D2";Santarém;Mação;Carvoeiro;4891.52;48.92
"141305";Continente;"1";Oeste e Vale do Tejo;1D;Médio Tejo;"1D2";Santarém;Mação;Envendos;9204.84;92.05
"141307";Continente;"1";Oeste e Vale do Tejo;1D;Médio Tejo;"1D2";Santarém;Mação;Ortiga;1636.86;16.37
"141309";Continente;"1";Oeste e Vale do Tejo;1D;Médio Tejo;"1D2";Santarém;Mação;"União das freguesias de Mação, Penhascoso e Aboboreira";13411.04;134.11
"141401";Continente;"1";Oeste e Vale do Tejo;1D;Lezíria do Tejo;"1D3";Santarém;Rio Maior;Alcobertas;3203.01;32.03
"141402";Continente;"1";Oeste e Vale do Tejo;1D;Lezíria do Tejo;"1D3";Santarém;Rio Maior;Arrouquelas;2785.09;27.85
"141405";Continente;"1";Oeste e Vale do Tejo;1D;Lezíria do Tejo;"1D3";Santarém;Rio Maior;Fráguas;1612.18;16.12
"141408";Continente;"1";Oeste e Vale do Tejo;1D;Lezíria do Tejo;"1D3";Santarém;Rio Maior;Rio Maior;9100.31;91
"141410";Continente;"1";Oeste e Vale do Tejo;1D;Lezíria do Tejo;"1D3";Santarém;Rio Maior;Asseiceira;1670.79;16.71
"141411";Continente;"1";Oeste e Vale do Tejo;1D;Lezíria do Tejo;"1D3";Santarém;Rio Maior;São Sebastião;1540.42;15.4
"141415";Continente;"1";Oeste e Vale do Tejo;1D;Lezíria do Tejo;"1D3";Santarém;Rio Maior;União das freguesias de Azambujeira e Malaqueijo;1484.24;14.84
"141416";Continente;"1";Oeste e Vale do Tejo;1D;Lezíria do Tejo;"1D3";Santarém;Rio Maior;União das freguesias de Marmeleira e Assentiz;1415.43;14.15
"141417";Continente;"1";Oeste e Vale do Tejo;1D;Lezíria do Tejo;"1D3";Santarém;Rio Maior;União das freguesias de Outeiro da Cortiçada e Arruda dos Pisões;2448.29;24.48
"141418";Continente;"1";Oeste e Vale do Tejo;1D;Lezíria do Tejo;"1D3";Santarém;Rio Maior;União das freguesias de São João da Ribeira e Ribeira de São João;2016.68;20.17
"141502";Continente;"1";Oeste e Vale do Tejo;1D;Lezíria do Tejo;"1D3";Santarém;Salvaterra de Magos;Marinhais;3787.92;37.88
"141503";Continente;"1";Oeste e Vale do Tejo;1D;Lezíria do Tejo;"1D3";Santarém;Salvaterra de Magos;Muge;4960.51;49.61
"141509";Continente;"1";Oeste e Vale do Tejo;1D;Lezíria do Tejo;"1D3";Santarém;Salvaterra de Magos;Foros de Salvaterra;3844.13;38.44
"141510";Continente;"1";Oeste e Vale do Tejo;1D;Lezíria do Tejo;"1D3";Santarém;Salvaterra de Magos;Glória do Ribatejo;5354.85;53.55
"141511";Continente;"1";Oeste e Vale do Tejo;1D;Lezíria do Tejo;"1D3";Santarém;Salvaterra de Magos;Granho;3110.31;31.1
"141512";Continente;"1";Oeste e Vale do Tejo;1D;Lezíria do Tejo;"1D3";Santarém;Salvaterra de Magos;Salvaterra de Magos;3335.48;33.35
"141601";Continente;"1";Oeste e Vale do Tejo;1D;Lezíria do Tejo;"1D3";Santarém;Santarém;Abitureiras;2368.9;23.69
"141602";Continente;"1";Oeste e Vale do Tejo;1D;Lezíria do Tejo;"1D3";Santarém;Santarém;Abrã;2243.88;22.44
"141604";Continente;"1";Oeste e Vale do Tejo;1D;Lezíria do Tejo;"1D3";Santarém;Santarém;Alcanede;10582.99;105.83
"141605";Continente;"1";Oeste e Vale do Tejo;1D;Lezíria do Tejo;"1D3";Santarém;Santarém;Alcanhões;1145.38;11.45
"141606";Continente;"1";Oeste e Vale do Tejo;1D;Lezíria do Tejo;"1D3";Santarém;Santarém;Almoster;4082.04;40.82
"141607";Continente;"1";Oeste e Vale do Tejo;1D;Lezíria do Tejo;"1D3";Santarém;Santarém;Amiais de Baixo;630.24;6.3
"141608";Continente;"1";Oeste e Vale do Tejo;1D;Lezíria do Tejo;"1D3";Santarém;Santarém;Arneiro das Milhariças;1202.17;12.02
"141613";Continente;"1";Oeste e Vale do Tejo;1D;Lezíria do Tejo;"1D3";Santarém;Santarém;Moçarria;1211.98;12.12
"141614";Continente;"1";Oeste e Vale do Tejo;1D;Lezíria do Tejo;"1D3";Santarém;Santarém;Pernes;1589.07;15.89
"141616";Continente;"1";Oeste e Vale do Tejo;1D;Lezíria do Tejo;"1D3";Santarém;Santarém;Póvoa da Isenta;1390.36;13.9
"141625";Continente;"1";Oeste e Vale do Tejo;1D;Lezíria do Tejo;"1D3";Santarém;Santarém;Vale de Santarém;1019.53;10.2
"141628";Continente;"1";Oeste e Vale do Tejo;1D;Lezíria do Tejo;"1D3";Santarém;Santarém;Gançaria;558.91;5.59
"141629";Continente;"1";Oeste e Vale do Tejo;1D;Lezíria do Tejo;"1D3";Santarém;Santarém;"União das freguesias de Achete, Azoia de Baixo e Póvoa de Santarém";4354.86;43.55
"141630";Continente;"1";Oeste e Vale do Tejo;1D;Lezíria do Tejo;"1D3";Santarém;Santarém;União das freguesias de Azoia de Cima e Tremês;3329.09;33.29
"141631";Continente;"1";Oeste e Vale do Tejo;1D;Lezíria do Tejo;"1D3";Santarém;Santarém;União das freguesias de Casével e Vaqueiros;3678.2;36.78
"141632";Continente;"1";Oeste e Vale do Tejo;1D;Lezíria do Tejo;"1D3";Santarém;Santarém;União das freguesias de Romeira e Várzea;3244.57;32.45
"141633";Continente;"1";Oeste e Vale do Tejo;1D;Lezíria do Tejo;"1D3";Santarém;Santarém;União de freguesias da cidade de Santarém;5551.11;55.51
"141635";Continente;"1";Oeste e Vale do Tejo;1D;Lezíria do Tejo;"1D3";Santarém;Santarém;São Vicente do Paul;4916.03;49.16
"141636";Continente;"1";Oeste e Vale do Tejo;1D;Lezíria do Tejo;"1D3";Santarém;Santarém;Vale de Figueira;2154.27;21.54
"141701";Continente;"1";Oeste e Vale do Tejo;1D;Médio Tejo;"1D2";Santarém;Sardoal;Alcaravela;3677.44;36.77
"141702";Continente;"1";Oeste e Vale do Tejo;1D;Médio Tejo;"1D2";Santarém;Sardoal;Santiago de Montalegre;1699.61;17
"141703";Continente;"1";Oeste e Vale do Tejo;1D;Médio Tejo;"1D2";Santarém;Sardoal;Sardoal;3000.89;30.01
"141704";Continente;"1";Oeste e Vale do Tejo;1D;Médio Tejo;"1D2";Santarém;Sardoal;Valhascos;836.79;8.37
"141802";Continente;"1";Oeste e Vale do Tejo;1D;Médio Tejo;"1D2";Santarém;Tomar;Asseiceira;2907.14;29.07
"141804";Continente;"1";Oeste e Vale do Tejo;1D;Médio Tejo;"1D2";Santarém;Tomar;Carregueiros;1235.08;12.35
"141808";Continente;"1";Oeste e Vale do Tejo;1D;Médio Tejo;"1D2";Santarém;Tomar;Olalhas;3471.79;34.72
"141809";Continente;"1";Oeste e Vale do Tejo;1D;Médio Tejo;"1D2";Santarém;Tomar;Paialvo;2230.62;22.31
"141813";Continente;"1";Oeste e Vale do Tejo;1D;Médio Tejo;"1D2";Santarém;Tomar;São Pedro de Tomar;3665.67;36.66
"141814";Continente;"1";Oeste e Vale do Tejo;1D;Médio Tejo;"1D2";Santarém;Tomar;Sabacheira;3425.5;34.26
"141817";Continente;"1";Oeste e Vale do Tejo;1D;Médio Tejo;"1D2";Santarém;Tomar;União das freguesias de Além da Ribeira e Pedreira;2450.21;24.5
"141818";Continente;"1";Oeste e Vale do Tejo;1D;Médio Tejo;"1D2";Santarém;Tomar;União das freguesias de Casais e Alviobeira;3595.9;35.96
"141819";Continente;"1";Oeste e Vale do Tejo;1D;Médio Tejo;"1D2";Santarém;Tomar;União das freguesias de Madalena e Beselga;4443.79;44.44
"141821";Continente;"1";Oeste e Vale do Tejo;1D;Médio Tejo;"1D2";Santarém;Tomar;União das freguesias de Tomar (São João Baptista) e Santa Maria dos Olivais;3038.09;30.38
"141822";Continente;"1";Oeste e Vale do Tejo;1D;Médio Tejo;"1D2";Santarém;Tomar;Junceira;1305.18;13.05
"141823";Continente;"1";Oeste e Vale do Tejo;1D;Médio Tejo;"1D2";Santarém;Tomar;Serra;3351.48;33.51
"141902";Continente;"1";Oeste e Vale do Tejo;1D;Médio Tejo;"1D2";Santarém;Torres Novas;Assentiz;3282.25;32.82
"141904";Continente;"1";Oeste e Vale do Tejo;1D;Médio Tejo;"1D2";Santarém;Torres Novas;Chancelaria;3537.1;35.37
"141909";Continente;"1";Oeste e Vale do Tejo;1D;Médio Tejo;"1D2";Santarém;Torres Novas;Pedrógão;3933.56;39.34
"141910";Continente;"1";Oeste e Vale do Tejo;1D;Médio Tejo;"1D2";Santarém;Torres Novas;Riachos;1457.08;14.57
"141916";Continente;"1";Oeste e Vale do Tejo;1D;Médio Tejo;"1D2";Santarém;Torres Novas;Zibreira;1050.52;10.51
"141917";Continente;"1";Oeste e Vale do Tejo;1D;Médio Tejo;"1D2";Santarém;Torres Novas;Meia Via;409.03;4.09
"141918";Continente;"1";Oeste e Vale do Tejo;1D;Médio Tejo;"1D2";Santarém;Torres Novas;"União das freguesias de Brogueira, Parceiros de Igreja e Alcorochel";4207.43;42.07
"141919";Continente;"1";Oeste e Vale do Tejo;1D;Médio Tejo;"1D2";Santarém;Torres Novas;União das freguesias de Olaia e Paço;2958.33;29.58
"141920";Continente;"1";Oeste e Vale do Tejo;1D;Médio Tejo;"1D2";Santarém;Torres Novas;"União das freguesias de Torres Novas (Santa Maria, Salvador e Santiago)";3965.11;39.65
"141921";Continente;"1";Oeste e Vale do Tejo;1D;Médio Tejo;"1D2";Santarém;Torres Novas;"União das freguesias de Torres Novas (São Pedro), Lapas e Ribeira Branca";2199.27;21.99
"142001";Continente;"1";Oeste e Vale do Tejo;1D;Médio Tejo;"1D2";Santarém;Vila Nova da Barquinha;Atalaia;1439.6;14.4
"142002";Continente;"1";Oeste e Vale do Tejo;1D;Médio Tejo;"1D2";Santarém;Vila Nova da Barquinha;Praia do Ribatejo;2025.78;20.26
"142003";Continente;"1";Oeste e Vale do Tejo;1D;Médio Tejo;"1D2";Santarém;Vila Nova da Barquinha;Tancos;204.35;2.04
"142006";Continente;"1";Oeste e Vale do Tejo;1D;Médio Tejo;"1D2";Santarém;Vila Nova da Barquinha;Vila Nova da Barquinha;1283.24;12.83
"142101";Continente;"1";Oeste e Vale do Tejo;1D;Médio Tejo;"1D2";Santarém;Ourém;Alburitel;1119.42;11.19
"142102";Continente;"1";Oeste e Vale do Tejo;1D;Médio Tejo;"1D2";Santarém;Ourém;Atouguia;1961.28;19.61
"142104";Continente;"1";Oeste e Vale do Tejo;1D;Médio Tejo;"1D2";Santarém;Ourém;Caxarias;1803.43;18.03
"142105";Continente;"1";Oeste e Vale do Tejo;1D;Médio Tejo;"1D2";Santarém;Ourém;Espite;1977.65;19.78
"142106";Continente;"1";Oeste e Vale do Tejo;1D;Médio Tejo;"1D2";Santarém;Ourém;Fátima;7183.86;71.84
"142111";Continente;"1";Oeste e Vale do Tejo;1D;Médio Tejo;"1D2";Santarém;Ourém;Nossa Senhora das Misericórdias;4067.33;40.67
"142113";Continente;"1";Oeste e Vale do Tejo;1D;Médio Tejo;"1D2";Santarém;Ourém;Seiça;2487.94;24.88
"142114";Continente;"1";Oeste e Vale do Tejo;1D;Médio Tejo;"1D2";Santarém;Ourém;Urqueira;3105.57;31.06
"142115";Continente;"1";Oeste e Vale do Tejo;1D;Médio Tejo;"1D2";Santarém;Ourém;Nossa Senhora da Piedade;2042.32;20.42
"142119";Continente;"1";Oeste e Vale do Tejo;1D;Médio Tejo;"1D2";Santarém;Ourém;"União das freguesias de Freixianda, Ribeira do Fárrio e Formigais";6422.57;64.23
"142123";Continente;"1";Oeste e Vale do Tejo;1D;Médio Tejo;"1D2";Santarém;Ourém;Casal dos Bernardos;2319.97;23.2
"142124";Continente;"1";Oeste e Vale do Tejo;1D;Médio Tejo;"1D2";Santarém;Ourém;Cercal;776.38;7.76
"142125";Continente;"1";Oeste e Vale do Tejo;1D;Médio Tejo;"1D2";Santarém;Ourém;Gondemaria;892.23;8.92
"142126";Continente;"1";Oeste e Vale do Tejo;1D;Médio Tejo;"1D2";Santarém;Ourém;Matas;1298.11;12.98
"142127";Continente;"1";Oeste e Vale do Tejo;1D;Médio Tejo;"1D2";Santarém;Ourém;Olival;2118.65;21.19
"142128";Continente;"1";Oeste e Vale do Tejo;1D;Médio Tejo;"1D2";Santarém;Ourém;Rio de Couros;2091.28;20.91
"150104";Continente;"1";Alentejo;1C;Alentejo Litoral;1C1;Setúbal;Alcácer do Sal;Torrão;37238.81;372.39
"150105";Continente;"1";Alentejo;1C;Alentejo Litoral;1C1;Setúbal;Alcácer do Sal;São Martinho;8859.29;88.59
"150106";Continente;"1";Alentejo;1C;Alentejo Litoral;1C1;Setúbal;Alcácer do Sal;Comporta;15053.97;150.54
"150108";Continente;"1";Alentejo;1C;Alentejo Litoral;1C1;Setúbal;Alcácer do Sal;Alcácer do Sal (Santa Maria do Castelo);43531.31;435.31
"150109";Continente;"1";Alentejo;1C;Alentejo Litoral;1C1;Setúbal;Alcácer do Sal;Alcácer do Sal (Santiago);28682.16;286.82
"150110";Continente;"1";Alentejo;1C;Alentejo Litoral;1C1;Setúbal;Alcácer do Sal;Santa Susana;16621.76;166.22
"150201";Continente;"1";Península de Setúbal;1B;Península de Setúbal;1B0;Setúbal;Alcochete;Alcochete;11944.17;119.44
"150202";Continente;"1";Península de Setúbal;1B;Península de Setúbal;1B0;Setúbal;Alcochete;Samouco;476.14;4.76
"150203";Continente;"1";Península de Setúbal;1B;Península de Setúbal;1B0;Setúbal;Alcochete;São Francisco;416.17;4.16
"150303";Continente;"1";Península de Setúbal;1B;Península de Setúbal;1B0;Setúbal;Almada;Costa da Caparica;1017.82;10.18
"150312";Continente;"1";Península de Setúbal;1B;Península de Setúbal;1B0;Setúbal;Almada;"União das freguesias de Almada, Cova da Piedade, Pragal e Cacilhas";615.45;6.15
"150313";Continente;"1";Península de Setúbal;1B;Península de Setúbal;1B0;Setúbal;Almada;União das freguesias de Caparica e Trafaria;1674.56;16.75
"150314";Continente;"1";Península de Setúbal;1B;Península de Setúbal;1B0;Setúbal;Almada;União das freguesias de Charneca de Caparica e Sobreda;2905.13;29.05
"150315";Continente;"1";Península de Setúbal;1B;Península de Setúbal;1B0;Setúbal;Almada;União das freguesias de Laranjeiro e Feijó;787.93;7.88
"150407";Continente;"1";Península de Setúbal;1B;Península de Setúbal;1B0;Setúbal;Barreiro;Santo António da Charneca;769.67;7.7
"150409";Continente;"1";Península de Setúbal;1B;Península de Setúbal;1B0;Setúbal;Barreiro;"União das freguesias de Alto do Seixalinho, Santo André e Verderena";717.91;7.18
"150410";Continente;"1";Península de Setúbal;1B;Península de Setúbal;1B0;Setúbal;Barreiro;União das freguesias de Barreiro e Lavradio;773.56;7.74
"150411";Continente;"1";Península de Setúbal;1B;Península de Setúbal;1B0;Setúbal;Barreiro;União das freguesias de Palhais e Coina;1377.93;13.78
"150501";Continente;"1";Alentejo;1C;Alentejo Litoral;1C1;Setúbal;Grândola;Azinheira dos Barros e São Mamede do Sádão;17252.07;172.52
"150503";Continente;"1";Alentejo;1C;Alentejo Litoral;1C1;Setúbal;Grândola;Melides;15516.28;155.16
"150505";Continente;"1";Alentejo;1C;Alentejo Litoral;1C1;Setúbal;Grândola;Carvalhal;8199.83;82
"150506";Continente;"1";Alentejo;1C;Alentejo Litoral;1C1;Setúbal;Grândola;União das freguesias de Grândola e Santa Margarida da Serra;41625.49;416.25
"150601";Continente;"1";Península de Setúbal;1B;Península de Setúbal;1B0;Setúbal;Moita;Alhos Vedros;1790.73;17.91
"150603";Continente;"1";Península de Setúbal;1B;Península de Setúbal;1B0;Setúbal;Moita;Moita;1794.15;17.94
"150607";Continente;"1";Península de Setúbal;1B;Península de Setúbal;1B0;Setúbal;Moita;União das freguesias de Baixa da Banheira e Vale da Amoreira;642.05;6.42
"150608";Continente;"1";Península de Setúbal;1B;Península de Setúbal;1B0;Setúbal;Moita;União das freguesias de Gaio-Rosário e Sarilhos Pequenos;1299.05;12.99
"150701";Continente;"1";Península de Setúbal;1B;Península de Setúbal;1B0;Setúbal;Montijo;Canha;21197.12;211.97
"150704";Continente;"1";Península de Setúbal;1B;Península de Setúbal;1B0;Setúbal;Montijo;Sarilhos Grandes;1176.58;11.77
"150709";Continente;"1";Península de Setúbal;1B;Península de Setúbal;1B0;Setúbal;Montijo;União das freguesias de Atalaia e Alto Estanqueiro-Jardia;1364.9;13.65
"150710";Continente;"1";Península de Setúbal;1B;Península de Setúbal;1B0;Setúbal;Montijo;União das freguesias de Montijo e Afonsoeiro;3146;31.46
"150711";Continente;"1";Península de Setúbal;1B;Península de Setúbal;1B0;Setúbal;Montijo;União das freguesias de Pegões;7977.03;79.77
"150802";Continente;"1";Península de Setúbal;1B;Península de Setúbal;1B0;Setúbal;Palmela;Palmela;7743.45;77.43
"150803";Continente;"1";Península de Setúbal;1B;Península de Setúbal;1B0;Setúbal;Palmela;Pinhal Novo;5444.3;54.44
"150804";Continente;"1";Península de Setúbal;1B;Península de Setúbal;1B0;Setúbal;Palmela;Quinta do Anjo;5111.76;51.12
"150806";Continente;"1";Península de Setúbal;1B;Península de Setúbal;1B0;Setúbal;Palmela;União das freguesias de Poceirão e Marateca;28212.51;282.13
"150901";Continente;"1";Alentejo;1C;Alentejo Litoral;1C1;Setúbal;Santiago do Cacém;Abela;13767.91;137.68
"150902";Continente;"1";Alentejo;1C;Alentejo Litoral;1C1;Setúbal;Santiago do Cacém;Alvalade;16182.21;161.82
"150903";Continente;"1";Alentejo;1C;Alentejo Litoral;1C1;Setúbal;Santiago do Cacém;Cercal;13748.53;137.49
"150904";Continente;"1";Alentejo;1C;Alentejo Litoral;1C1;Setúbal;Santiago do Cacém;Ermidas-Sado;8240.04;82.4
"150907";Continente;"1";Alentejo;1C;Alentejo Litoral;1C1;Setúbal;Santiago do Cacém;Santo André;7510.51;75.11
"150910";Continente;"1";Alentejo;1C;Alentejo Litoral;1C1;Setúbal;Santiago do Cacém;São Francisco da Serra;5137.94;51.38
"150912";Continente;"1";Alentejo;1C;Alentejo Litoral;1C1;Setúbal;Santiago do Cacém;"União das freguesias de Santiago do Cacém, Santa Cruz e São Bartolomeu da Serra";20793.49;207.93
"150914";Continente;"1";Alentejo;1C;Alentejo Litoral;1C1;Setúbal;Santiago do Cacém;São Domingos;12978.95;129.79
"150915";Continente;"1";Alentejo;1C;Alentejo Litoral;1C1;Setúbal;Santiago do Cacém;Vale de Água;7609.7;76.1
"151002";Continente;"1";Península de Setúbal;1B;Península de Setúbal;1B0;Setúbal;Seixal;Amora;2433.33;24.33
"151005";Continente;"1";Península de Setúbal;1B;Península de Setúbal;1B0;Setúbal;Seixal;Corroios;1730.97;17.31
"151006";Continente;"1";Península de Setúbal;1B;Península de Setúbal;1B0;Setúbal;Seixal;Fernão Ferro;2390.56;23.91
"151008";Continente;"1";Península de Setúbal;1B;Península de Setúbal;1B0;Setúbal;Seixal;Arrentela;1016.74;10.17
"151009";Continente;"1";Península de Setúbal;1B;Península de Setúbal;1B0;Setúbal;Seixal;Paio Pires;1600.76;16.01
"151010";Continente;"1";Península de Setúbal;1B;Península de Setúbal;1B0;Setúbal;Seixal;Seixal;372.81;3.73
"151101";Continente;"1";Península de Setúbal;1B;Península de Setúbal;1B0;Setúbal;Sesimbra;Sesimbra (Castelo);17932.53;179.33
"151102";Continente;"1";Península de Setúbal;1B;Península de Setúbal;1B0;Setúbal;Sesimbra;Sesimbra (Santiago);201.59;2.02
"151103";Continente;"1";Península de Setúbal;1B;Península de Setúbal;1B0;Setúbal;Sesimbra;Quinta do Conde;1437.63;14.38
"151205";Continente;"1";Península de Setúbal;1B;Península de Setúbal;1B0;Setúbal;Setúbal;Setúbal (São Sebastião);2551.87;25.52
"151207";Continente;"1";Península de Setúbal;1B;Península de Setúbal;1B0;Setúbal;Setúbal;Gâmbia-Pontes-Alto da Guerra;3322.99;33.23
"151208";Continente;"1";Península de Setúbal;1B;Península de Setúbal;1B0;Setúbal;Setúbal;Sado;6548.87;65.49
"151209";Continente;"1";Península de Setúbal;1B;Península de Setúbal;1B0;Setúbal;Setúbal;União das freguesias de Azeitão (São Lourenço e São Simão);6932.25;69.32
"151210";Continente;"1";Península de Setúbal;1B;Península de Setúbal;1B0;Setúbal;Setúbal;"União das freguesias de Setúbal (São Julião, Nossa Senhora da Anunciada e Santa Maria da Graça)";3676.53;36.77
"151301";Continente;"1";Alentejo;1C;Alentejo Litoral;1C1;Setúbal;Sines;Sines;15257.98;152.58
"151302";Continente;"1";Alentejo;1C;Alentejo Litoral;1C1;Setúbal;Sines;Porto Covo;5072.19;50.72
"160101";Continente;"1";Norte;"11";Alto Minho;"111";Viana do Castelo;Arcos de Valdevez;Aboim das Choças;182.81;1.83
"160102";Continente;"1";Norte;"11";Alto Minho;"111";Viana do Castelo;Arcos de Valdevez;Aguiã;380.52;3.81
"160104";Continente;"1";Norte;"11";Alto Minho;"111";Viana do Castelo;Arcos de Valdevez;Ázere;317.76;3.18
"160105";Continente;"1";Norte;"11";Alto Minho;"111";Viana do Castelo;Arcos de Valdevez;Cabana Maior;1340.35;13.4
"160106";Continente;"1";Norte;"11";Alto Minho;"111";Viana do Castelo;Arcos de Valdevez;Cabreiro;4172.05;41.72
"160108";Continente;"1";Norte;"11";Alto Minho;"111";Viana do Castelo;Arcos de Valdevez;Cendufe;315.8;3.16
"160109";Continente;"1";Norte;"11";Alto Minho;"111";Viana do Castelo;Arcos de Valdevez;Couto;578.71;5.79
"160113";Continente;"1";Norte;"11";Alto Minho;"111";Viana do Castelo;Arcos de Valdevez;Gavieira;5771.23;57.71
"160115";Continente;"1";Norte;"11";Alto Minho;"111";Viana do Castelo;Arcos de Valdevez;Gondoriz;3397.18;33.97
"160121";Continente;"1";Norte;"11";Alto Minho;"111";Viana do Castelo;Arcos de Valdevez;Miranda;1002.01;10.02
"160122";Continente;"1";Norte;"11";Alto Minho;"111";Viana do Castelo;Arcos de Valdevez;Monte Redondo;238.3;2.38
"160123";Continente;"1";Norte;"11";Alto Minho;"111";Viana do Castelo;Arcos de Valdevez;Oliveira;320.72;3.21
"160124";Continente;"1";Norte;"11";Alto Minho;"111";Viana do Castelo;Arcos de Valdevez;Paçô;460.27;4.6
"160125";Continente;"1";Norte;"11";Alto Minho;"111";Viana do Castelo;Arcos de Valdevez;Padroso;793.24;7.93
"160128";Continente;"1";Norte;"11";Alto Minho;"111";Viana do Castelo;Arcos de Valdevez;Prozelo;395.59;3.96
"160130";Continente;"1";Norte;"11";Alto Minho;"111";Viana do Castelo;Arcos de Valdevez;Rio Frio;1928.3;19.28
"160131";Continente;"1";Norte;"11";Alto Minho;"111";Viana do Castelo;Arcos de Valdevez;Rio de Moinhos;359.13;3.59
"160133";Continente;"1";Norte;"11";Alto Minho;"111";Viana do Castelo;Arcos de Valdevez;Sabadim;833.02;8.33
"160142";Continente;"1";Norte;"11";Alto Minho;"111";Viana do Castelo;Arcos de Valdevez;Jolda (São Paio);169.99;1.7
"160144";Continente;"1";Norte;"11";Alto Minho;"111";Viana do Castelo;Arcos de Valdevez;Senharei;752.98;7.53
"160145";Continente;"1";Norte;"11";Alto Minho;"111";Viana do Castelo;Arcos de Valdevez;Sistelo;2623.28;26.23
"160146";Continente;"1";Norte;"11";Alto Minho;"111";Viana do Castelo;Arcos de Valdevez;Soajo;5910.09;59.1
"160149";Continente;"1";Norte;"11";Alto Minho;"111";Viana do Castelo;Arcos de Valdevez;Vale;1511.59;15.12
"160152";Continente;"1";Norte;"11";Alto Minho;"111";Viana do Castelo;Arcos de Valdevez;União das freguesias de Alvora e Loureda;1024.04;10.24
"160153";Continente;"1";Norte;"11";Alto Minho;"111";Viana do Castelo;Arcos de Valdevez;União das freguesias de Arcos de Valdevez (São Paio) e Giela;552.03;5.52
"160154";Continente;"1";Norte;"11";Alto Minho;"111";Viana do Castelo;Arcos de Valdevez;"União das freguesias de Arcos de Valdevez (Salvador), Vila Fonche e Parada";527.22;5.27
"160155";Continente;"1";Norte;"11";Alto Minho;"111";Viana do Castelo;Arcos de Valdevez;União das freguesias de Eiras e Mei;600.3;6
"160156";Continente;"1";Norte;"11";Alto Minho;"111";Viana do Castelo;Arcos de Valdevez;União das freguesias de Grade e Carralcova;1395.39;13.95
"160157";Continente;"1";Norte;"11";Alto Minho;"111";Viana do Castelo;Arcos de Valdevez;União das freguesias de Guilhadeses e Santar;390.95;3.91
"160158";Continente;"1";Norte;"11";Alto Minho;"111";Viana do Castelo;Arcos de Valdevez;União das freguesias de Jolda (Madalena) e Rio Cabrão;423.25;4.23
"160159";Continente;"1";Norte;"11";Alto Minho;"111";Viana do Castelo;Arcos de Valdevez;União das freguesias de Padreiro (Salvador e Santa Cristina);442.51;4.43
"160160";Continente;"1";Norte;"11";Alto Minho;"111";Viana do Castelo;Arcos de Valdevez;União das freguesias de Portela e Extremo;1160.93;11.61
"160161";Continente;"1";Norte;"11";Alto Minho;"111";Viana do Castelo;Arcos de Valdevez;União das freguesias de São Jorge e Ermelo;2418.44;24.18
"160162";Continente;"1";Norte;"11";Alto Minho;"111";Viana do Castelo;Arcos de Valdevez;União das freguesias de Souto e Tabaçô;500.51;5.01
"160163";Continente;"1";Norte;"11";Alto Minho;"111";Viana do Castelo;Arcos de Valdevez;União das freguesias de Távora (Santa Maria e São Vicente);673.72;6.74
"160164";Continente;"1";Norte;"11";Alto Minho;"111";Viana do Castelo;Arcos de Valdevez;"União das freguesias de Vilela, São Cosme e São Damião e Sá";895.41;8.95
"160201";Continente;"1";Norte;"11";Alto Minho;"111";Viana do Castelo;Caminha;Âncora;541.73;5.42
"160205";Continente;"1";Norte;"11";Alto Minho;"111";Viana do Castelo;Caminha;Argela;1079.63;10.8
"160209";Continente;"1";Norte;"11";Alto Minho;"111";Viana do Castelo;Caminha;Dem;643.16;6.43
"160211";Continente;"1";Norte;"11";Alto Minho;"111";Viana do Castelo;Caminha;Lanhelas;503.7;5.04
"160214";Continente;"1";Norte;"11";Alto Minho;"111";Viana do Castelo;Caminha;Riba de Âncora;854.2;8.54
"160215";Continente;"1";Norte;"11";Alto Minho;"111";Viana do Castelo;Caminha;Seixas;833.31;8.33
"160217";Continente;"1";Norte;"11";Alto Minho;"111";Viana do Castelo;Caminha;Vila Praia de Âncora;837.28;8.37
"160218";Continente;"1";Norte;"11";Alto Minho;"111";Viana do Castelo;Caminha;Vilar de Mouros;1037.72;10.38
"160220";Continente;"1";Norte;"11";Alto Minho;"111";Viana do Castelo;Caminha;Vile;279.93;2.8
"160221";Continente;"1";Norte;"11";Alto Minho;"111";Viana do Castelo;Caminha;"União das freguesias de Arga (Baixo, Cima e São João)";3087.87;30.88
"160222";Continente;"1";Norte;"11";Alto Minho;"111";Viana do Castelo;Caminha;União das freguesias de Caminha (Matriz) e Vilarelho;673.73;6.74
"160223";Continente;"1";Norte;"11";Alto Minho;"111";Viana do Castelo;Caminha;União das freguesias de Gondar e Orbacém;1106.42;11.06
"160224";Continente;"1";Norte;"11";Alto Minho;"111";Viana do Castelo;Caminha;União das freguesias de Moledo e Cristelo;1035.73;10.36
"160225";Continente;"1";Norte;"11";Alto Minho;"111";Viana do Castelo;Caminha;União das freguesias de Venade e Azevedo;1137.73;11.38
"160301";Continente;"1";Norte;"11";Alto Minho;"111";Viana do Castelo;Melgaço;Alvaredo;436.41;4.36
"160304";Continente;"1";Norte;"11";Alto Minho;"111";Viana do Castelo;Melgaço;Cousso;723.48;7.23
"160305";Continente;"1";Norte;"11";Alto Minho;"111";Viana do Castelo;Melgaço;Cristoval;555.69;5.56
"160307";Continente;"1";Norte;"11";Alto Minho;"111";Viana do Castelo;Melgaço;Fiães;1121.27;11.21
"160308";Continente;"1";Norte;"11";Alto Minho;"111";Viana do Castelo;Melgaço;Gave;1863.93;18.64
"160311";Continente;"1";Norte;"11";Alto Minho;"111";Viana do Castelo;Melgaço;Paderne;1285.02;12.85
"160313";Continente;"1";Norte;"11";Alto Minho;"111";Viana do Castelo;Melgaço;Penso;885.4;8.85
"160317";Continente;"1";Norte;"11";Alto Minho;"111";Viana do Castelo;Melgaço;São Paio;995.17;9.95
"160319";Continente;"1";Norte;"11";Alto Minho;"111";Viana do Castelo;Melgaço;União das freguesias de Castro Laboreiro e Lamas de Mouro;10608.85;106.09
"160320";Continente;"1";Norte;"11";Alto Minho;"111";Viana do Castelo;Melgaço;União das freguesias de Chaviães e Paços;847.9;8.48
"160321";Continente;"1";Norte;"11";Alto Minho;"111";Viana do Castelo;Melgaço;União das freguesias de Parada do Monte e Cubalhão;2983.85;29.84
"160322";Continente;"1";Norte;"11";Alto Minho;"111";Viana do Castelo;Melgaço;União das freguesias de Prado e Remoães;366.75;3.67
"160323";Continente;"1";Norte;"11";Alto Minho;"111";Viana do Castelo;Melgaço;União das freguesias de Vila e Roussas;1150.87;11.51
"160401";Continente;"1";Norte;"11";Alto Minho;"111";Viana do Castelo;Monção;Abedim;772.1;7.72
"160404";Continente;"1";Norte;"11";Alto Minho;"111";Viana do Castelo;Monção;Barbeita;688.33;6.88
"160405";Continente;"1";Norte;"11";Alto Minho;"111";Viana do Castelo;Monção;Barroças e Taias;271.94;2.72
"160406";Continente;"1";Norte;"11";Alto Minho;"111";Viana do Castelo;Monção;Bela;379.22;3.79
"160407";Continente;"1";Norte;"11";Alto Minho;"111";Viana do Castelo;Monção;Cambeses;401.69;4.02
"160410";Continente;"1";Norte;"11";Alto Minho;"111";Viana do Castelo;Monção;Lara;492.98;4.93
"160411";Continente;"1";Norte;"11";Alto Minho;"111";Viana do Castelo;Monção;Longos Vales;1399.64;14
"160415";Continente;"1";Norte;"11";Alto Minho;"111";Viana do Castelo;Monção;Merufe;2851.02;28.51
"160418";Continente;"1";Norte;"11";Alto Minho;"111";Viana do Castelo;Monção;Moreira;372.77;3.73
"160420";Continente;"1";Norte;"11";Alto Minho;"111";Viana do Castelo;Monção;Pias;1112.11;11.12
"160421";Continente;"1";Norte;"11";Alto Minho;"111";Viana do Castelo;Monção;Pinheiros;213.26;2.13
"160422";Continente;"1";Norte;"11";Alto Minho;"111";Viana do Castelo;Monção;Podame;364.9;3.65
"160423";Continente;"1";Norte;"11";Alto Minho;"111";Viana do Castelo;Monção;Portela;811.76;8.12
"160424";Continente;"1";Norte;"11";Alto Minho;"111";Viana do Castelo;Monção;Riba de Mouro;1404.56;14.05
"160427";Continente;"1";Norte;"11";Alto Minho;"111";Viana do Castelo;Monção;Segude;236.85;2.37
"160428";Continente;"1";Norte;"11";Alto Minho;"111";Viana do Castelo;Monção;Tangil;2288.15;22.88
"160431";Continente;"1";Norte;"11";Alto Minho;"111";Viana do Castelo;Monção;Trute;601.8;6.02
"160434";Continente;"1";Norte;"11";Alto Minho;"111";Viana do Castelo;Monção;União das freguesias de Anhões e Luzio;1437.74;14.38
"160435";Continente;"1";Norte;"11";Alto Minho;"111";Viana do Castelo;Monção;União das freguesias de Ceivães e Badim;894.78;8.95
"160436";Continente;"1";Norte;"11";Alto Minho;"111";Viana do Castelo;Monção;União das freguesias de Mazedo e Cortes;1213.12;12.13
"160437";Continente;"1";Norte;"11";Alto Minho;"111";Viana do Castelo;Monção;"União das freguesias de Messegães, Valadares e Sá";824.88;8.25
"160438";Continente;"1";Norte;"11";Alto Minho;"111";Viana do Castelo;Monção;União das freguesias de Monção e Troviscoso;867.61;8.68
"160439";Continente;"1";Norte;"11";Alto Minho;"111";Viana do Castelo;Monção;"União das freguesias de Sago, Lordelo e Parada";833.37;8.33
"160440";Continente;"1";Norte;"11";Alto Minho;"111";Viana do Castelo;Monção;União das freguesias de Troporiz e Lapela;396.29;3.96
"160501";Continente;"1";Norte;"11";Alto Minho;"111";Viana do Castelo;Paredes de Coura;Agualonga;532.29;5.32
"160503";Continente;"1";Norte;"11";Alto Minho;"111";Viana do Castelo;Paredes de Coura;Castanheira;776.45;7.76
"160505";Continente;"1";Norte;"11";Alto Minho;"111";Viana do Castelo;Paredes de Coura;Coura;658.75;6.59
"160507";Continente;"1";Norte;"11";Alto Minho;"111";Viana do Castelo;Paredes de Coura;Cunha;997.61;9.98
"160510";Continente;"1";Norte;"11";Alto Minho;"111";Viana do Castelo;Paredes de Coura;Infesta;588.96;5.89
"160513";Continente;"1";Norte;"11";Alto Minho;"111";Viana do Castelo;Paredes de Coura;Mozelos;336.03;3.36
"160514";Continente;"1";Norte;"11";Alto Minho;"111";Viana do Castelo;Paredes de Coura;Padornelo;666.06;6.66
"160515";Continente;"1";Norte;"11";Alto Minho;"111";Viana do Castelo;Paredes de Coura;Parada;590.07;5.9
"160519";Continente;"1";Norte;"11";Alto Minho;"111";Viana do Castelo;Paredes de Coura;Romarigães;713.25;7.13
"160520";Continente;"1";Norte;"11";Alto Minho;"111";Viana do Castelo;Paredes de Coura;Rubiães;908.17;9.08
"160521";Continente;"1";Norte;"11";Alto Minho;"111";Viana do Castelo;Paredes de Coura;Vascões;621.81;6.22
"160522";Continente;"1";Norte;"11";Alto Minho;"111";Viana do Castelo;Paredes de Coura;União das freguesias de Bico e Cristelo;1168.04;11.68
"160523";Continente;"1";Norte;"11";Alto Minho;"111";Viana do Castelo;Paredes de Coura;União das freguesias de Cossourado e Linhares;963.82;9.64
"160524";Continente;"1";Norte;"11";Alto Minho;"111";Viana do Castelo;Paredes de Coura;União das freguesias de Formariz e Ferreira;1953.94;19.54
"160525";Continente;"1";Norte;"11";Alto Minho;"111";Viana do Castelo;Paredes de Coura;União das freguesias de Insalde e Porreiras;1759.29;17.59
"160526";Continente;"1";Norte;"11";Alto Minho;"111";Viana do Castelo;Paredes de Coura;União das freguesias de Paredes de Coura e Resende;584.06;5.84
"160601";Continente;"1";Norte;"11";Alto Minho;"111";Viana do Castelo;Ponte da Barca;Azias;844.14;8.44
"160602";Continente;"1";Norte;"11";Alto Minho;"111";Viana do Castelo;Ponte da Barca;Boivães;390.63;3.91
"160603";Continente;"1";Norte;"11";Alto Minho;"111";Viana do Castelo;Ponte da Barca;Bravães;417.16;4.17
"160604";Continente;"1";Norte;"11";Alto Minho;"111";Viana do Castelo;Ponte da Barca;Britelo;1289.98;12.9
"160606";Continente;"1";Norte;"11";Alto Minho;"111";Viana do Castelo;Ponte da Barca;Cuide de Vila Verde;381.98;3.82
"160611";Continente;"1";Norte;"11";Alto Minho;"111";Viana do Castelo;Ponte da Barca;Lavradas;675.56;6.76
"160612";Continente;"1";Norte;"11";Alto Minho;"111";Viana do Castelo;Ponte da Barca;Lindoso;4603.26;46.03
"160613";Continente;"1";Norte;"11";Alto Minho;"111";Viana do Castelo;Ponte da Barca;Nogueira;199.35;1.99
"160614";Continente;"1";Norte;"11";Alto Minho;"111";Viana do Castelo;Ponte da Barca;Oleiros;341.02;3.41
"160619";Continente;"1";Norte;"11";Alto Minho;"111";Viana do Castelo;Ponte da Barca;Sampriz;655.79;6.56
"160623";Continente;"1";Norte;"11";Alto Minho;"111";Viana do Castelo;Ponte da Barca;Vade (São Pedro);265.41;2.65
"160624";Continente;"1";Norte;"11";Alto Minho;"111";Viana do Castelo;Ponte da Barca;Vade (São Tomé);157.21;1.57
"160626";Continente;"1";Norte;"11";Alto Minho;"111";Viana do Castelo;Ponte da Barca;"União das freguesias de Crasto, Ruivos e Grovelas";954.19;9.54
"160627";Continente;"1";Norte;"11";Alto Minho;"111";Viana do Castelo;Ponte da Barca;"União das freguesias de Entre Ambos-os-Rios, Ermida e Germil";3867.16;38.67
"160628";Continente;"1";Norte;"11";Alto Minho;"111";Viana do Castelo;Ponte da Barca;"União das freguesias de Ponte da Barca, Vila Nova de Muía e Paço Vedro de Magalhães";883.55;8.84
"160629";Continente;"1";Norte;"11";Alto Minho;"111";Viana do Castelo;Ponte da Barca;União das freguesias de Touvedo (São Lourenço e Salvador);609.06;6.09
"160630";Continente;"1";Norte;"11";Alto Minho;"111";Viana do Castelo;Ponte da Barca;União das freguesias de Vila Chã (São João Baptista e Santiago);1675.93;16.76
"160701";Continente;"1";Norte;"11";Alto Minho;"111";Viana do Castelo;Ponte de Lima;Anais;806.3;8.06
"160703";Continente;"1";Norte;"11";Alto Minho;"111";Viana do Castelo;Ponte de Lima;São Pedro d'Arcos;1505.32;15.05
"160704";Continente;"1";Norte;"11";Alto Minho;"111";Viana do Castelo;Ponte de Lima;Arcozelo;1207.57;12.08
"160707";Continente;"1";Norte;"11";Alto Minho;"111";Viana do Castelo;Ponte de Lima;Beiral do Lima;799.68;8
"160708";Continente;"1";Norte;"11";Alto Minho;"111";Viana do Castelo;Ponte de Lima;Bertiandos;226.68;2.27
"160709";Continente;"1";Norte;"11";Alto Minho;"111";Viana do Castelo;Ponte de Lima;Boalhosa;218.7;2.19
"160710";Continente;"1";Norte;"11";Alto Minho;"111";Viana do Castelo;Ponte de Lima;Brandara;257.69;2.58
"160713";Continente;"1";Norte;"11";Alto Minho;"111";Viana do Castelo;Ponte de Lima;Calheiros;849.93;8.5
"160714";Continente;"1";Norte;"11";Alto Minho;"111";Viana do Castelo;Ponte de Lima;Calvelo;526.42;5.26
"160716";Continente;"1";Norte;"11";Alto Minho;"111";Viana do Castelo;Ponte de Lima;Correlhã;865.54;8.66
"160717";Continente;"1";Norte;"11";Alto Minho;"111";Viana do Castelo;Ponte de Lima;Estorãos;1620.94;16.21
"160718";Continente;"1";Norte;"11";Alto Minho;"111";Viana do Castelo;Ponte de Lima;Facha;1530.77;15.31
"160719";Continente;"1";Norte;"11";Alto Minho;"111";Viana do Castelo;Ponte de Lima;Feitosa;269.38;2.69
"160721";Continente;"1";Norte;"11";Alto Minho;"111";Viana do Castelo;Ponte de Lima;Fontão;482.54;4.83
"160724";Continente;"1";Norte;"11";Alto Minho;"111";Viana do Castelo;Ponte de Lima;Friastelas;391.99;3.92
"160726";Continente;"1";Norte;"11";Alto Minho;"111";Viana do Castelo;Ponte de Lima;Gandra;347.82;3.48
"160727";Continente;"1";Norte;"11";Alto Minho;"111";Viana do Castelo;Ponte de Lima;Gemieira;419.12;4.19
"160728";Continente;"1";Norte;"11";Alto Minho;"111";Viana do Castelo;Ponte de Lima;Gondufe;546.19;5.46
"160729";Continente;"1";Norte;"11";Alto Minho;"111";Viana do Castelo;Ponte de Lima;Labruja;1403.24;14.03
"160734";Continente;"1";Norte;"11";Alto Minho;"111";Viana do Castelo;Ponte de Lima;Poiares;744.01;7.44
"160737";Continente;"1";Norte;"11";Alto Minho;"111";Viana do Castelo;Ponte de Lima;Refóios do Lima;1644.73;16.45
"160739";Continente;"1";Norte;"11";Alto Minho;"111";Viana do Castelo;Ponte de Lima;Ribeira;882.66;8.83
"160740";Continente;"1";Norte;"11";Alto Minho;"111";Viana do Castelo;Ponte de Lima;Sá;279.82;2.8
"160742";Continente;"1";Norte;"11";Alto Minho;"111";Viana do Castelo;Ponte de Lima;Santa Comba;149.91;1.5
"160743";Continente;"1";Norte;"11";Alto Minho;"111";Viana do Castelo;Ponte de Lima;Santa Cruz do Lima;223.34;2.23
"160744";Continente;"1";Norte;"11";Alto Minho;"111";Viana do Castelo;Ponte de Lima;Rebordões (Santa Maria);707.3;7.07
"160745";Continente;"1";Norte;"11";Alto Minho;"111";Viana do Castelo;Ponte de Lima;Seara;363.47;3.63
"160746";Continente;"1";Norte;"11";Alto Minho;"111";Viana do Castelo;Ponte de Lima;Serdedelo;595.26;5.95
"160747";Continente;"1";Norte;"11";Alto Minho;"111";Viana do Castelo;Ponte de Lima;Rebordões (Souto);740.94;7.41
"160750";Continente;"1";Norte;"11";Alto Minho;"111";Viana do Castelo;Ponte de Lima;Vitorino das Donas;446.53;4.47
"160752";Continente;"1";Norte;"11";Alto Minho;"111";Viana do Castelo;Ponte de Lima;Arca e Ponte de Lima;400.6;4.01
"160753";Continente;"1";Norte;"11";Alto Minho;"111";Viana do Castelo;Ponte de Lima;"Ardegão, Freixo e Mato";1071.75;10.72
"160755";Continente;"1";Norte;"11";Alto Minho;"111";Viana do Castelo;Ponte de Lima;Bárrio e Cepões;971.23;9.71
"160756";Continente;"1";Norte;"11";Alto Minho;"111";Viana do Castelo;Ponte de Lima;Cabaços e Fojo Lobal;926.55;9.27
"160757";Continente;"1";Norte;"11";Alto Minho;"111";Viana do Castelo;Ponte de Lima;Cabração e Moreira do Lima;2734.02;27.34
"160758";Continente;"1";Norte;"11";Alto Minho;"111";Viana do Castelo;Ponte de Lima;Fornelos e Queijada;1301.14;13.01
"160759";Continente;"1";Norte;"11";Alto Minho;"111";Viana do Castelo;Ponte de Lima;"Labrujó, Rendufe e Vilar do Monte";1178.77;11.79
"160760";Continente;"1";Norte;"11";Alto Minho;"111";Viana do Castelo;Ponte de Lima;Navió e Vitorino dos Piães;1360.31;13.6
"160761";Continente;"1";Norte;"11";Alto Minho;"111";Viana do Castelo;Ponte de Lima;Gaifar;228.67;2.29
"160762";Continente;"1";Norte;"11";Alto Minho;"111";Viana do Castelo;Ponte de Lima;Sandiães;331.37;3.31
"160763";Continente;"1";Norte;"11";Alto Minho;"111";Viana do Castelo;Ponte de Lima;Vilar das Almas;467.29;4.67
"160802";Continente;"1";Norte;"11";Alto Minho;"111";Viana do Castelo;Valença;Boivão;796.58;7.97
"160803";Continente;"1";Norte;"11";Alto Minho;"111";Viana do Castelo;Valença;Cerdal;1877.7;18.78
"160805";Continente;"1";Norte;"11";Alto Minho;"111";Viana do Castelo;Valença;Fontoura;916.81;9.17
"160806";Continente;"1";Norte;"11";Alto Minho;"111";Viana do Castelo;Valença;Friestas;414.77;4.15
"160808";Continente;"1";Norte;"11";Alto Minho;"111";Viana do Castelo;Valença;Ganfei;947.22;9.47
"160812";Continente;"1";Norte;"11";Alto Minho;"111";Viana do Castelo;Valença;São Pedro da Torre;779.09;7.79
"160816";Continente;"1";Norte;"11";Alto Minho;"111";Viana do Castelo;Valença;Verdoejo;423.38;4.23
"160817";Continente;"1";Norte;"11";Alto Minho;"111";Viana do Castelo;Valença;União das freguesias de Gandra e Taião;2018.72;20.19
"160818";Continente;"1";Norte;"11";Alto Minho;"111";Viana do Castelo;Valença;União das freguesias de Gondomil e Sanfins;1771.65;17.72
"160819";Continente;"1";Norte;"11";Alto Minho;"111";Viana do Castelo;Valença;União das freguesias de São Julião e Silva;818.18;8.18
"160820";Continente;"1";Norte;"11";Alto Minho;"111";Viana do Castelo;Valença;"União das freguesias de Valença, Cristelo Covo e Arão";948.77;9.49
"160901";Continente;"1";Norte;"11";Alto Minho;"111";Viana do Castelo;Viana do Castelo;Afife;1302.84;13.03
"160902";Continente;"1";Norte;"11";Alto Minho;"111";Viana do Castelo;Viana do Castelo;Alvarães;910.69;9.11
"160903";Continente;"1";Norte;"11";Alto Minho;"111";Viana do Castelo;Viana do Castelo;Amonde;624.54;6.25
"160904";Continente;"1";Norte;"11";Alto Minho;"111";Viana do Castelo;Viana do Castelo;Anha;940.05;9.4
"160905";Continente;"1";Norte;"11";Alto Minho;"111";Viana do Castelo;Viana do Castelo;Areosa;1411.18;14.11
"160908";Continente;"1";Norte;"11";Alto Minho;"111";Viana do Castelo;Viana do Castelo;Carreço;1420.46;14.2
"160910";Continente;"1";Norte;"11";Alto Minho;"111";Viana do Castelo;Viana do Castelo;Castelo do Neiva;694.49;6.94
"160911";Continente;"1";Norte;"11";Alto Minho;"111";Viana do Castelo;Viana do Castelo;Darque;901.49;9.01
"160914";Continente;"1";Norte;"11";Alto Minho;"111";Viana do Castelo;Viana do Castelo;Freixieiro de Soutelo;1177.57;11.78
"160915";Continente;"1";Norte;"11";Alto Minho;"111";Viana do Castelo;Viana do Castelo;Lanheses;959.57;9.6
"160920";Continente;"1";Norte;"11";Alto Minho;"111";Viana do Castelo;Viana do Castelo;Montaria;2243.14;22.43
"160922";Continente;"1";Norte;"11";Alto Minho;"111";Viana do Castelo;Viana do Castelo;Mujães;489.86;4.9
"160923";Continente;"1";Norte;"11";Alto Minho;"111";Viana do Castelo;Viana do Castelo;São Romão de Neiva;702.33;7.02
"160925";Continente;"1";Norte;"11";Alto Minho;"111";Viana do Castelo;Viana do Castelo;Outeiro;1882.57;18.83
"160926";Continente;"1";Norte;"11";Alto Minho;"111";Viana do Castelo;Viana do Castelo;Perre;1308.82;13.09
"160928";Continente;"1";Norte;"11";Alto Minho;"111";Viana do Castelo;Viana do Castelo;Santa Marta de Portuzelo;741.22;7.41
"160935";Continente;"1";Norte;"11";Alto Minho;"111";Viana do Castelo;Viana do Castelo;Vila Franca;714.6;7.15
"160938";Continente;"1";Norte;"11";Alto Minho;"111";Viana do Castelo;Viana do Castelo;Vila de Punhe;602.67;6.03
"160940";Continente;"1";Norte;"11";Alto Minho;"111";Viana do Castelo;Viana do Castelo;Chafé;785.09;7.85
"160943";Continente;"1";Norte;"11";Alto Minho;"111";Viana do Castelo;Viana do Castelo;"União das freguesias de Geraz do Lima (Santa Maria, Santa Leocádia e Moreira) e Deão";1906.06;19.06
"160945";Continente;"1";Norte;"11";Alto Minho;"111";Viana do Castelo;Viana do Castelo;"União das freguesias de Nogueira, Meixedo e Vilar de Murteda";2740.94;27.41
"160946";Continente;"1";Norte;"11";Alto Minho;"111";Viana do Castelo;Viana do Castelo;"União das freguesias de Subportela, Deocriste e Portela Susã";1710.15;17.1
"160947";Continente;"1";Norte;"11";Alto Minho;"111";Viana do Castelo;Viana do Castelo;União das freguesias de Torre e Vila Mou;635.45;6.35
"160948";Continente;"1";Norte;"11";Alto Minho;"111";Viana do Castelo;Viana do Castelo;União das freguesias de Viana do Castelo (Santa Maria Maior e Monserrate) e Meadela;1432.49;14.32
"160949";Continente;"1";Norte;"11";Alto Minho;"111";Viana do Castelo;Viana do Castelo;Barroselas;659.08;6.59
"160950";Continente;"1";Norte;"11";Alto Minho;"111";Viana do Castelo;Viana do Castelo;Cardielos;440.62;4.41
"160951";Continente;"1";Norte;"11";Alto Minho;"111";Viana do Castelo;Viana do Castelo;Carvoeiro;1208.47;12.08
"160952";Continente;"1";Norte;"11";Alto Minho;"111";Viana do Castelo;Viana do Castelo;Mazarefes;405.58;4.06
"160953";Continente;"1";Norte;"11";Alto Minho;"111";Viana do Castelo;Viana do Castelo;Serreleis;327.47;3.27
"160954";Continente;"1";Norte;"11";Alto Minho;"111";Viana do Castelo;Viana do Castelo;Vila Fria;622.52;6.23
"161003";Continente;"1";Norte;"11";Alto Minho;"111";Viana do Castelo;Vila Nova de Cerveira;Cornes;615.65;6.16
"161004";Continente;"1";Norte;"11";Alto Minho;"111";Viana do Castelo;Vila Nova de Cerveira;Covas;2860.41;28.6
"161006";Continente;"1";Norte;"11";Alto Minho;"111";Viana do Castelo;Vila Nova de Cerveira;Gondarém;686.22;6.86
"161007";Continente;"1";Norte;"11";Alto Minho;"111";Viana do Castelo;Vila Nova de Cerveira;Loivo;514.64;5.15
"161009";Continente;"1";Norte;"11";Alto Minho;"111";Viana do Castelo;Vila Nova de Cerveira;Mentrestido;470.4;4.7
"161012";Continente;"1";Norte;"11";Alto Minho;"111";Viana do Castelo;Vila Nova de Cerveira;Sapardos;671.56;6.72
"161013";Continente;"1";Norte;"11";Alto Minho;"111";Viana do Castelo;Vila Nova de Cerveira;Sopo;1482.04;14.82
"161016";Continente;"1";Norte;"11";Alto Minho;"111";Viana do Castelo;Vila Nova de Cerveira;União das freguesias de Campos e Vila Meã;875.8;8.76
"161017";Continente;"1";Norte;"11";Alto Minho;"111";Viana do Castelo;Vila Nova de Cerveira;União das freguesias de Candemil e Gondar;1081.66;10.82
"161018";Continente;"1";Norte;"11";Alto Minho;"111";Viana do Castelo;Vila Nova de Cerveira;União das freguesias de Reboreda e Nogueira;898.18;8.98
"161019";Continente;"1";Norte;"11";Alto Minho;"111";Viana do Castelo;Vila Nova de Cerveira;União das freguesias de Vila Nova de Cerveira e Lovelhe;690.1;6.9
"170101";Continente;"1";Norte;"11";Douro;11D;Vila Real;Alijó;Alijó;2936.14;29.36
"170107";Continente;"1";Norte;"11";Douro;11D;Vila Real;Alijó;Favaios;2144.53;21.45
"170108";Continente;"1";Norte;"11";Douro;11D;Vila Real;Alijó;Pegarinhos;1878.1;18.78
"170109";Continente;"1";Norte;"11";Douro;11D;Vila Real;Alijó;Pinhão;299.52;3
"170112";Continente;"1";Norte;"11";Douro;11D;Vila Real;Alijó;Sanfins do Douro;1709.1;17.09
"170113";Continente;"1";Norte;"11";Douro;11D;Vila Real;Alijó;Santa Eugénia;914.3;9.14
"170114";Continente;"1";Norte;"11";Douro;11D;Vila Real;Alijó;São Mamede de Ribatua;2010.88;20.11
"170116";Continente;"1";Norte;"11";Douro;11D;Vila Real;Alijó;Vila Chã;2022.67;20.23
"170117";Continente;"1";Norte;"11";Douro;11D;Vila Real;Alijó;Vila Verde;4208.69;42.09
"170118";Continente;"1";Norte;"11";Douro;11D;Vila Real;Alijó;Vilar de Maçada;2019.48;20.19
"170120";Continente;"1";Norte;"11";Douro;11D;Vila Real;Alijó;União das freguesias de Carlão e Amieiro;3300.73;33.01
"170121";Continente;"1";Norte;"11";Douro;11D;Vila Real;Alijó;União das freguesias de Castedo e Cotas;2891.09;28.91
"170122";Continente;"1";Norte;"11";Douro;11D;Vila Real;Alijó;União das freguesias de Pópulo e Ribalonga;2130.3;21.3
"170123";Continente;"1";Norte;"11";Douro;11D;Vila Real;Alijó;"União das freguesias de Vale de Mendiz, Casal de Loivos e Vilarinho de Cotas";1294.35;12.94
"170203";Continente;"1";Norte;"11";Alto Tâmega e Barroso;11B;Vila Real;Boticas;Beça;2985.88;29.86
"170208";Continente;"1";Norte;"11";Alto Tâmega e Barroso;11B;Vila Real;Boticas;Covas do Barroso;2957.76;29.58
"170210";Continente;"1";Norte;"11";Alto Tâmega e Barroso;11B;Vila Real;Boticas;Dornelas;3657.68;36.58
"170213";Continente;"1";Norte;"11";Alto Tâmega e Barroso;11B;Vila Real;Boticas;Pinho;2236.95;22.37
"170215";Continente;"1";Norte;"11";Alto Tâmega e Barroso;11B;Vila Real;Boticas;Sapiãos;2110;21.1
"170217";Continente;"1";Norte;"11";Alto Tâmega e Barroso;11B;Vila Real;Boticas;Alturas do Barroso e Cerdedo;5663.98;56.64
"170218";Continente;"1";Norte;"11";Alto Tâmega e Barroso;11B;Vila Real;Boticas;Ardãos e Bobadela;3712.25;37.12
"170219";Continente;"1";Norte;"11";Alto Tâmega e Barroso;11B;Vila Real;Boticas;Boticas e Granja;2266.5;22.67
"170220";Continente;"1";Norte;"11";Alto Tâmega e Barroso;11B;Vila Real;Boticas;"Codessoso, Curros e Fiães do Tâmega";3516.7;35.17
"170221";Continente;"1";Norte;"11";Alto Tâmega e Barroso;11B;Vila Real;Boticas;Vilar e Viveiro;3087.96;30.88
"170301";Continente;"1";Norte;"11";Alto Tâmega e Barroso;11B;Vila Real;Chaves;Águas Frias;2877.58;28.78
"170302";Continente;"1";Norte;"11";Alto Tâmega e Barroso;11B;Vila Real;Chaves;Anelhe;1248.51;12.49
"170305";Continente;"1";Norte;"11";Alto Tâmega e Barroso;11B;Vila Real;Chaves;Bustelo;935.14;9.35
"170309";Continente;"1";Norte;"11";Alto Tâmega e Barroso;11B;Vila Real;Chaves;Cimo de Vila da Castanheira;1641.66;16.42
"170310";Continente;"1";Norte;"11";Alto Tâmega e Barroso;11B;Vila Real;Chaves;Curalha;782.16;7.82
"170312";Continente;"1";Norte;"11";Alto Tâmega e Barroso;11B;Vila Real;Chaves;Ervededo;2020.79;20.21
"170313";Continente;"1";Norte;"11";Alto Tâmega e Barroso;11B;Vila Real;Chaves;Faiões;808.69;8.09
"170314";Continente;"1";Norte;"11";Alto Tâmega e Barroso;11B;Vila Real;Chaves;Lama de Arcos;1369.33;13.69
"170316";Continente;"1";Norte;"11";Alto Tâmega e Barroso;11B;Vila Real;Chaves;Mairos;1166.78;11.67
"170317";Continente;"1";Norte;"11";Alto Tâmega e Barroso;11B;Vila Real;Chaves;Moreiras;923.16;9.23
"170318";Continente;"1";Norte;"11";Alto Tâmega e Barroso;11B;Vila Real;Chaves;Nogueira da Montanha;1666.57;16.67
"170320";Continente;"1";Norte;"11";Alto Tâmega e Barroso;11B;Vila Real;Chaves;Oura;1450.73;14.51
"170321";Continente;"1";Norte;"11";Alto Tâmega e Barroso;11B;Vila Real;Chaves;Outeiro Seco;1520.67;15.21
"170322";Continente;"1";Norte;"11";Alto Tâmega e Barroso;11B;Vila Real;Chaves;Paradela;821.54;8.22
"170324";Continente;"1";Norte;"11";Alto Tâmega e Barroso;11B;Vila Real;Chaves;Redondelo;1870.56;18.71
"170327";Continente;"1";Norte;"11";Alto Tâmega e Barroso;11B;Vila Real;Chaves;Sanfins;1769.13;17.69
"170329";Continente;"1";Norte;"11";Alto Tâmega e Barroso;11B;Vila Real;Chaves;Santa Leocádia;1310.43;13.1
"170330";Continente;"1";Norte;"11";Alto Tâmega e Barroso;11B;Vila Real;Chaves;Santo António de Monforte;1177.64;11.78
"170331";Continente;"1";Norte;"11";Alto Tâmega e Barroso;11B;Vila Real;Chaves;Santo Estêvão;867.35;8.67
"170333";Continente;"1";Norte;"11";Alto Tâmega e Barroso;11B;Vila Real;Chaves;São Pedro de Agostém;2670.43;26.7
"170334";Continente;"1";Norte;"11";Alto Tâmega e Barroso;11B;Vila Real;Chaves;São Vicente;3125.79;31.26
"170340";Continente;"1";Norte;"11";Alto Tâmega e Barroso;11B;Vila Real;Chaves;Tronco;854.24;8.54
"170341";Continente;"1";Norte;"11";Alto Tâmega e Barroso;11B;Vila Real;Chaves;Vale de Anta;1017.74;10.18
"170343";Continente;"1";Norte;"11";Alto Tâmega e Barroso;11B;Vila Real;Chaves;Vila Verde da Raia;977.31;9.77
"170344";Continente;"1";Norte;"11";Alto Tâmega e Barroso;11B;Vila Real;Chaves;Vilar de Nantes;727.52;7.28
"170345";Continente;"1";Norte;"11";Alto Tâmega e Barroso;11B;Vila Real;Chaves;Vilarelho da Raia;1803.22;18.03
"170347";Continente;"1";Norte;"11";Alto Tâmega e Barroso;11B;Vila Real;Chaves;Vilas Boas;685.65;6.86
"170348";Continente;"1";Norte;"11";Alto Tâmega e Barroso;11B;Vila Real;Chaves;Vilela Seca;1401.49;14.01
"170349";Continente;"1";Norte;"11";Alto Tâmega e Barroso;11B;Vila Real;Chaves;Vilela do Tâmega;960.73;9.61
"170350";Continente;"1";Norte;"11";Alto Tâmega e Barroso;11B;Vila Real;Chaves;Santa Maria Maior;563.16;5.63
"170353";Continente;"1";Norte;"11";Alto Tâmega e Barroso;11B;Vila Real;Chaves;Planalto de Monforte (União das freguesias de Oucidres e Bobadela);1897.93;18.98
"170354";Continente;"1";Norte;"11";Alto Tâmega e Barroso;11B;Vila Real;Chaves;União das freguesias da Madalena e Samaiões;1399.08;13.99
"170355";Continente;"1";Norte;"11";Alto Tâmega e Barroso;11B;Vila Real;Chaves;"União das freguesias das Eiras, São Julião de Montenegro e Cela";2278.5;22.79
"170356";Continente;"1";Norte;"11";Alto Tâmega e Barroso;11B;Vila Real;Chaves;União das freguesias de Calvão e Soutelinho da Raia;2836.49;28.36
"170357";Continente;"1";Norte;"11";Alto Tâmega e Barroso;11B;Vila Real;Chaves;União das freguesias de Loivos e Póvoa de Agrações;1901.35;19.01
"170358";Continente;"1";Norte;"11";Alto Tâmega e Barroso;11B;Vila Real;Chaves;União das freguesias de Santa Cruz/Trindade e Sanjurge;1338.48;13.38
"170359";Continente;"1";Norte;"11";Alto Tâmega e Barroso;11B;Vila Real;Chaves;União das freguesias de Soutelo e Seara Velha;1811.97;18.12
"170360";Continente;"1";Norte;"11";Alto Tâmega e Barroso;11B;Vila Real;Chaves;União das freguesias de Travancas e Roriz;2186.48;21.86
"170361";Continente;"1";Norte;"11";Alto Tâmega e Barroso;11B;Vila Real;Chaves;"Vidago (União das freguesias de Vidago, Arcossó, Selhariz e Vilarinho das Paranheiras)";2456.98;24.57
"170401";Continente;"1";Norte;"11";Douro;11D;Vila Real;Mesão Frio;Barqueiros;465.5;4.66
"170402";Continente;"1";Norte;"11";Douro;11D;Vila Real;Mesão Frio;Cidadelhe;258.91;2.59
"170403";Continente;"1";Norte;"11";Douro;11D;Vila Real;Mesão Frio;Oliveira;343.85;3.44
"170407";Continente;"1";Norte;"11";Douro;11D;Vila Real;Mesão Frio;Vila Marim;855.44;8.55
"170408";Continente;"1";Norte;"11";Douro;11D;Vila Real;Mesão Frio;Mesão Frio (Santo André);741.17;7.41
"170501";Continente;"1";Norte;"11";Ave;"119";Vila Real;Mondim de Basto;Atei;2467.6;24.68
"170502";Continente;"1";Norte;"11";Ave;"119";Vila Real;Mondim de Basto;Bilhó;2656.83;26.57
"170505";Continente;"1";Norte;"11";Ave;"119";Vila Real;Mondim de Basto;São Cristóvão de Mondim de Basto;1597.03;15.97
"170508";Continente;"1";Norte;"11";Ave;"119";Vila Real;Mondim de Basto;Vilar de Ferreiros;2789.02;27.89
"170509";Continente;"1";Norte;"11";Ave;"119";Vila Real;Mondim de Basto;União das freguesias de Campanhó e Paradança;3003.3;30.03
"170510";Continente;"1";Norte;"11";Ave;"119";Vila Real;Mondim de Basto;União das freguesias de Ermelo e Pardelhas;4693.74;46.94
"170601";Continente;"1";Norte;"11";Alto Tâmega e Barroso;11B;Vila Real;Montalegre;Cabril;7656.38;76.56
"170603";Continente;"1";Norte;"11";Alto Tâmega e Barroso;11B;Vila Real;Montalegre;Cervos;3294.57;32.95
"170604";Continente;"1";Norte;"11";Alto Tâmega e Barroso;11B;Vila Real;Montalegre;Chã;5097.53;50.98
"170607";Continente;"1";Norte;"11";Alto Tâmega e Barroso;11B;Vila Real;Montalegre;Covelo do Gerês;1075.68;10.76
"170609";Continente;"1";Norte;"11";Alto Tâmega e Barroso;11B;Vila Real;Montalegre;Ferral;1528.05;15.28
"170612";Continente;"1";Norte;"11";Alto Tâmega e Barroso;11B;Vila Real;Montalegre;Gralhas;2159.47;21.59
"170616";Continente;"1";Norte;"11";Alto Tâmega e Barroso;11B;Vila Real;Montalegre;Morgade;2114.9;21.15
"170618";Continente;"1";Norte;"11";Alto Tâmega e Barroso;11B;Vila Real;Montalegre;Negrões;2060.92;20.61
"170619";Continente;"1";Norte;"11";Alto Tâmega e Barroso;11B;Vila Real;Montalegre;Outeiro;5231.54;52.32
"170623";Continente;"1";Norte;"11";Alto Tâmega e Barroso;11B;Vila Real;Montalegre;Pitões das Junias;3349.39;33.49
"170625";Continente;"1";Norte;"11";Alto Tâmega e Barroso;11B;Vila Real;Montalegre;Reigoso;1723.33;17.23
"170626";Continente;"1";Norte;"11";Alto Tâmega e Barroso;11B;Vila Real;Montalegre;Salto;7854.89;78.55
"170627";Continente;"1";Norte;"11";Alto Tâmega e Barroso;11B;Vila Real;Montalegre;Santo André;1896.44;18.96
"170629";Continente;"1";Norte;"11";Alto Tâmega e Barroso;11B;Vila Real;Montalegre;Sarraquinhos;3349.46;33.49
"170631";Continente;"1";Norte;"11";Alto Tâmega e Barroso;11B;Vila Real;Montalegre;Solveira;1233.6;12.34
"170632";Continente;"1";Norte;"11";Alto Tâmega e Barroso;11B;Vila Real;Montalegre;Tourém;1703.39;17.03
"170635";Continente;"1";Norte;"11";Alto Tâmega e Barroso;11B;Vila Real;Montalegre;Vila da Ponte;1066.99;10.67
"170636";Continente;"1";Norte;"11";Alto Tâmega e Barroso;11B;Vila Real;Montalegre;"União das freguesias de Cambeses do Rio, Donões e Mourilhe";4530.22;45.3
"170637";Continente;"1";Norte;"11";Alto Tâmega e Barroso;11B;Vila Real;Montalegre;União das freguesias de Meixedo e Padornelos;3575.78;35.76
"170638";Continente;"1";Norte;"11";Alto Tâmega e Barroso;11B;Vila Real;Montalegre;União das freguesias de Montalegre e Padroso;3214.5;32.15
"170639";Continente;"1";Norte;"11";Alto Tâmega e Barroso;11B;Vila Real;Montalegre;"União das freguesias de Paradela, Contim e Fiães";3085.86;30.86
"170640";Continente;"1";Norte;"11";Alto Tâmega e Barroso;11B;Vila Real;Montalegre;União das freguesias de Sezelhe e Covelães;3294.14;32.94
"170641";Continente;"1";Norte;"11";Alto Tâmega e Barroso;11B;Vila Real;Montalegre;União das freguesias de Venda Nova e Pondras;1913.33;19.13
"170642";Continente;"1";Norte;"11";Alto Tâmega e Barroso;11B;Vila Real;Montalegre;União das freguesias de Viade de Baixo e Fervidelas;4830.92;48.31
"170643";Continente;"1";Norte;"11";Alto Tâmega e Barroso;11B;Vila Real;Montalegre;União das freguesias de Vilar de Perdizes e Meixide;3704.45;37.04
"170701";Continente;"1";Norte;"11";Douro;11D;Vila Real;Murça;Candedo;2878.42;28.78
"170703";Continente;"1";Norte;"11";Douro;11D;Vila Real;Murça;Fiolhoso;1619.91;16.2
"170704";Continente;"1";Norte;"11";Douro;11D;Vila Real;Murça;Jou;3729.14;37.29
"170705";Continente;"1";Norte;"11";Douro;11D;Vila Real;Murça;Murça;1395.92;13.96
"170708";Continente;"1";Norte;"11";Douro;11D;Vila Real;Murça;Valongo de Milhais;2211.55;22.12
"170710";Continente;"1";Norte;"11";Douro;11D;Vila Real;Murça;União das freguesias de Carva e Vilares;2930.1;29.3
"170711";Continente;"1";Norte;"11";Douro;11D;Vila Real;Murça;União das freguesias de Noura e Palheiros;4172.06;41.72
"170802";Continente;"1";Norte;"11";Douro;11D;Vila Real;Peso da Régua;Fontelas;323.48;3.23
"170805";Continente;"1";Norte;"11";Douro;11D;Vila Real;Peso da Régua;Loureiro;485.86;4.86
"170809";Continente;"1";Norte;"11";Douro;11D;Vila Real;Peso da Régua;Sedielos;1263.39;12.63
"170810";Continente;"1";Norte;"11";Douro;11D;Vila Real;Peso da Régua;Vilarinho dos Freires;789.58;7.9
"170813";Continente;"1";Norte;"11";Douro;11D;Vila Real;Peso da Régua;União das freguesias de Galafura e Covelinhas;1585.37;15.85
"170814";Continente;"1";Norte;"11";Douro;11D;Vila Real;Peso da Régua;União das freguesias de Moura Morta e Vinhós;1279.84;12.8
"170815";Continente;"1";Norte;"11";Douro;11D;Vila Real;Peso da Régua;União das freguesias de Peso da Régua e Godim;1012.68;10.13
"170817";Continente;"1";Norte;"11";Douro;11D;Vila Real;Peso da Régua;Canelas;1516.05;15.16
"170818";Continente;"1";Norte;"11";Douro;11D;Vila Real;Peso da Régua;Poiares;1229.76;12.3
"170901";Continente;"1";Norte;"11";Alto Tâmega e Barroso;11B;Vila Real;Ribeira de Pena;Alvadia;3373.85;33.74
"170902";Continente;"1";Norte;"11";Alto Tâmega e Barroso;11B;Vila Real;Ribeira de Pena;Canedo;3615.62;36.16
"170906";Continente;"1";Norte;"11";Alto Tâmega e Barroso;11B;Vila Real;Ribeira de Pena;Santa Marinha;3467.95;34.68
"170908";Continente;"1";Norte;"11";Alto Tâmega e Barroso;11B;Vila Real;Ribeira de Pena;União das freguesias de Cerva e Limões;6003.76;60.04
"170909";Continente;"1";Norte;"11";Alto Tâmega e Barroso;11B;Vila Real;Ribeira de Pena;União das freguesias de Ribeira de Pena (Salvador) e Santo Aleixo de Além-Tâmega;5284.8;52.85
"171001";Continente;"1";Norte;"11";Douro;11D;Vila Real;Sabrosa;Celeirós;525.04;5.25
"171002";Continente;"1";Norte;"11";Douro;11D;Vila Real;Sabrosa;Covas do Douro;1967.88;19.68
"171004";Continente;"1";Norte;"11";Douro;11D;Vila Real;Sabrosa;Gouvinhas;1466.34;14.66
"171005";Continente;"1";Norte;"11";Douro;11D;Vila Real;Sabrosa;Parada de Pinhão;572.17;5.72
"171007";Continente;"1";Norte;"11";Douro;11D;Vila Real;Sabrosa;Paços;1708.81;17.09
"171009";Continente;"1";Norte;"11";Douro;11D;Vila Real;Sabrosa;Sabrosa;868.4;8.68
"171011";Continente;"1";Norte;"11";Douro;11D;Vila Real;Sabrosa;São Lourenço de Ribapinhão;1202.57;12.03
"171013";Continente;"1";Norte;"11";Douro;11D;Vila Real;Sabrosa;Souto Maior;918.31;9.18
"171014";Continente;"1";Norte;"11";Douro;11D;Vila Real;Sabrosa;Torre do Pinhão;1461.03;14.61
"171015";Continente;"1";Norte;"11";Douro;11D;Vila Real;Sabrosa;Vilarinho de São Romão;620.18;6.2
"171016";Continente;"1";Norte;"11";Douro;11D;Vila Real;Sabrosa;"União das freguesias de Provesende, Gouvães do Douro e São Cristóvão do Douro";1836.7;18.37
"171017";Continente;"1";Norte;"11";Douro;11D;Vila Real;Sabrosa;União das freguesias de São Martinho de Antas e Paradela de Guiães;2545.02;25.45
"171101";Continente;"1";Norte;"11";Douro;11D;Vila Real;Santa Marta de Penaguião;Alvações do Corgo;434.36;4.34
"171102";Continente;"1";Norte;"11";Douro;11D;Vila Real;Santa Marta de Penaguião;Cumieira;1106.94;11.07
"171103";Continente;"1";Norte;"11";Douro;11D;Vila Real;Santa Marta de Penaguião;Fontes;1567.11;15.67
"171106";Continente;"1";Norte;"11";Douro;11D;Vila Real;Santa Marta de Penaguião;Medrões;514.55;5.15
"171110";Continente;"1";Norte;"11";Douro;11D;Vila Real;Santa Marta de Penaguião;Sever;616.83;6.17
"171112";Continente;"1";Norte;"11";Douro;11D;Vila Real;Santa Marta de Penaguião;União das freguesias de Louredo e Fornelos;1216.93;12.17
"171113";Continente;"1";Norte;"11";Douro;11D;Vila Real;Santa Marta de Penaguião;Lobrigos (São João Baptista);653.69;6.54
"171114";Continente;"1";Norte;"11";Douro;11D;Vila Real;Santa Marta de Penaguião;Lobrigos (São Miguel);458.62;4.59
"171115";Continente;"1";Norte;"11";Douro;11D;Vila Real;Santa Marta de Penaguião;Sanhoane;359.11;3.59
"171201";Continente;"1";Norte;"11";Alto Tâmega e Barroso;11B;Vila Real;Valpaços;Água Revés e Crasto;1898.72;18.99
"171203";Continente;"1";Norte;"11";Alto Tâmega e Barroso;11B;Vila Real;Valpaços;Algeriz;2090.66;20.91
"171205";Continente;"1";Norte;"11";Alto Tâmega e Barroso;11B;Vila Real;Valpaços;Bouçoães;2598.54;25.99
"171206";Continente;"1";Norte;"11";Alto Tâmega e Barroso;11B;Vila Real;Valpaços;Canaveses;1287.21;12.87
"171209";Continente;"1";Norte;"11";Alto Tâmega e Barroso;11B;Vila Real;Valpaços;Ervões;2184.78;21.85
"171211";Continente;"1";Norte;"11";Alto Tâmega e Barroso;11B;Vila Real;Valpaços;Fornos do Pinhal;1039.86;10.4
"171212";Continente;"1";Norte;"11";Alto Tâmega e Barroso;11B;Vila Real;Valpaços;Friões;2816.3;28.16
"171215";Continente;"1";Norte;"11";Alto Tâmega e Barroso;11B;Vila Real;Valpaços;Padrela e Tazem;2311.94;23.12
"171216";Continente;"1";Norte;"11";Alto Tâmega e Barroso;11B;Vila Real;Valpaços;Possacos;1308.78;13.09
"171217";Continente;"1";Norte;"11";Alto Tâmega e Barroso;11B;Vila Real;Valpaços;Rio Torto;3068.83;30.69
"171219";Continente;"1";Norte;"11";Alto Tâmega e Barroso;11B;Vila Real;Valpaços;Santa Maria de Emeres;1657.17;16.57
"171220";Continente;"1";Norte;"11";Alto Tâmega e Barroso;11B;Vila Real;Valpaços;Santa Valha;2724.49;27.24
"171221";Continente;"1";Norte;"11";Alto Tâmega e Barroso;11B;Vila Real;Valpaços;Santiago da Ribeira de Alhariz;2161.2;21.61
"171222";Continente;"1";Norte;"11";Alto Tâmega e Barroso;11B;Vila Real;Valpaços;São João da Corveira;1583.69;15.84
"171223";Continente;"1";Norte;"11";Alto Tâmega e Barroso;11B;Vila Real;Valpaços;São Pedro de Veiga de Lila;1938.27;19.38
"171224";Continente;"1";Norte;"11";Alto Tâmega e Barroso;11B;Vila Real;Valpaços;Serapicos;716.91;7.17
"171227";Continente;"1";Norte;"11";Alto Tâmega e Barroso;11B;Vila Real;Valpaços;Vales;2250.5;22.51
"171229";Continente;"1";Norte;"11";Alto Tâmega e Barroso;11B;Vila Real;Valpaços;Vassal;1314.31;13.14
"171230";Continente;"1";Norte;"11";Alto Tâmega e Barroso;11B;Vila Real;Valpaços;Veiga de Lila;1435.82;14.36
"171231";Continente;"1";Norte;"11";Alto Tâmega e Barroso;11B;Vila Real;Valpaços;Vilarandelo;2016.09;20.16
"171232";Continente;"1";Norte;"11";Alto Tâmega e Barroso;11B;Vila Real;Valpaços;Carrazedo de Montenegro e Curros;4982.58;49.83
"171233";Continente;"1";Norte;"11";Alto Tâmega e Barroso;11B;Vila Real;Valpaços;"Lebução, Fiães e Nozelos";2970.72;29.71
"171234";Continente;"1";Norte;"11";Alto Tâmega e Barroso;11B;Vila Real;Valpaços;Sonim e Barreiros;1778.7;17.79
"171235";Continente;"1";Norte;"11";Alto Tâmega e Barroso;11B;Vila Real;Valpaços;Tinhela e Alvarelhos;2822.43;28.22
"171236";Continente;"1";Norte;"11";Alto Tâmega e Barroso;11B;Vila Real;Valpaços;Valpaços e Sanfins;3915.42;39.15
"171302";Continente;"1";Norte;"11";Alto Tâmega e Barroso;11B;Vila Real;Vila Pouca de Aguiar;Alfarela de Jales;1375.15;13.75
"171303";Continente;"1";Norte;"11";Alto Tâmega e Barroso;11B;Vila Real;Vila Pouca de Aguiar;Bornes de Aguiar;4543.04;45.43
"171304";Continente;"1";Norte;"11";Alto Tâmega e Barroso;11B;Vila Real;Vila Pouca de Aguiar;Bragado;2612.6;26.13
"171305";Continente;"1";Norte;"11";Alto Tâmega e Barroso;11B;Vila Real;Vila Pouca de Aguiar;Capeludos;2141.66;21.42
"171310";Continente;"1";Norte;"11";Alto Tâmega e Barroso;11B;Vila Real;Vila Pouca de Aguiar;Soutelo de Aguiar;1736.64;17.37
"171311";Continente;"1";Norte;"11";Alto Tâmega e Barroso;11B;Vila Real;Vila Pouca de Aguiar;Telões;4521.78;45.22
"171312";Continente;"1";Norte;"11";Alto Tâmega e Barroso;11B;Vila Real;Vila Pouca de Aguiar;Tresminas;5592.31;55.92
"171313";Continente;"1";Norte;"11";Alto Tâmega e Barroso;11B;Vila Real;Vila Pouca de Aguiar;Valoura;1491.38;14.91
"171314";Continente;"1";Norte;"11";Alto Tâmega e Barroso;11B;Vila Real;Vila Pouca de Aguiar;Vila Pouca de Aguiar;2290.62;22.91
"171315";Continente;"1";Norte;"11";Alto Tâmega e Barroso;11B;Vila Real;Vila Pouca de Aguiar;Vreia de Bornes;1773.12;17.73
"171316";Continente;"1";Norte;"11";Alto Tâmega e Barroso;11B;Vila Real;Vila Pouca de Aguiar;Vreia de Jales;4727.83;47.28
"171317";Continente;"1";Norte;"11";Alto Tâmega e Barroso;11B;Vila Real;Vila Pouca de Aguiar;Sabroso de Aguiar;876.99;8.77
"171319";Continente;"1";Norte;"11";Alto Tâmega e Barroso;11B;Vila Real;Vila Pouca de Aguiar;Alvão;5306.63;53.07
"171320";Continente;"1";Norte;"11";Alto Tâmega e Barroso;11B;Vila Real;Vila Pouca de Aguiar;União das freguesias de Pensalvos e Parada de Monteiros;4716.85;47.17
"171401";Continente;"1";Norte;"11";Douro;11D;Vila Real;Vila Real;Abaças;1887.11;18.87
"171403";Continente;"1";Norte;"11";Douro;11D;Vila Real;Vila Real;Andrães;2047.49;20.47
"171404";Continente;"1";Norte;"11";Douro;11D;Vila Real;Vila Real;Arroios;289.15;2.89
"171406";Continente;"1";Norte;"11";Douro;11D;Vila Real;Vila Real;Campeã;2404.79;24.05
"171409";Continente;"1";Norte;"11";Douro;11D;Vila Real;Vila Real;Folhadela;1605.66;16.06
"171410";Continente;"1";Norte;"11";Douro;11D;Vila Real;Vila Real;Guiães;857.13;8.57
"171414";Continente;"1";Norte;"11";Douro;11D;Vila Real;Vila Real;Lordelo;516.31;5.16
"171415";Continente;"1";Norte;"11";Douro;11D;Vila Real;Vila Real;Mateus;413.9;4.14
"171416";Continente;"1";Norte;"11";Douro;11D;Vila Real;Vila Real;Mondrões;1103.76;11.04
"171420";Continente;"1";Norte;"11";Douro;11D;Vila Real;Vila Real;Parada de Cunhos;704.05;7.04
"171426";Continente;"1";Norte;"11";Douro;11D;Vila Real;Vila Real;Torgueda;1443.37;14.43
"171429";Continente;"1";Norte;"11";Douro;11D;Vila Real;Vila Real;Vila Marim;2321.3;23.21
"171431";Continente;"1";Norte;"11";Douro;11D;Vila Real;Vila Real;União das freguesias de Adoufe e Vilarinho de Samardã;3775.87;37.76
"171432";Continente;"1";Norte;"11";Douro;11D;Vila Real;Vila Real;União das freguesias de Borbela e Lamas de Olo;4127.6;41.28
"171433";Continente;"1";Norte;"11";Douro;11D;Vila Real;Vila Real;União das freguesias de Constantim e Vale de Nogueiras;2600.75;26.01
"171434";Continente;"1";Norte;"11";Douro;11D;Vila Real;Vila Real;União das freguesias de Mouçós e Lamares;3223.6;32.24
"171435";Continente;"1";Norte;"11";Douro;11D;Vila Real;Vila Real;União das freguesias de Nogueira e Ermida;1195.72;11.96
"171436";Continente;"1";Norte;"11";Douro;11D;Vila Real;Vila Real;"União das freguesias de Pena, Quintã e Vila Cova";2498.13;24.98
"171437";Continente;"1";Norte;"11";Douro;11D;Vila Real;Vila Real;União das freguesias de São Tomé do Castelo e Justes;4155.52;41.56
"171438";Continente;"1";Norte;"11";Douro;11D;Vila Real;Vila Real;Vila Real;709.07;7.09
"180101";Continente;"1";Norte;"11";Douro;11D;Viseu;Armamar;Aldeias;519.13;5.19
"180104";Continente;"1";Norte;"11";Douro;11D;Viseu;Armamar;Cimbres;607.33;6.07
"180106";Continente;"1";Norte;"11";Douro;11D;Viseu;Armamar;Folgosa;480.32;4.8
"180107";Continente;"1";Norte;"11";Douro;11D;Viseu;Armamar;Fontelo;751.97;7.52
"180109";Continente;"1";Norte;"11";Douro;11D;Viseu;Armamar;Queimada;425.92;4.26
"180110";Continente;"1";Norte;"11";Douro;11D;Viseu;Armamar;Queimadela;248.2;2.48
"180111";Continente;"1";Norte;"11";Douro;11D;Viseu;Armamar;Santa Cruz;788.2;7.88
"180114";Continente;"1";Norte;"11";Douro;11D;Viseu;Armamar;São Cosmado;1395.36;13.95
"180115";Continente;"1";Norte;"11";Douro;11D;Viseu;Armamar;São Martinho das Chãs;966.78;9.67
"180118";Continente;"1";Norte;"11";Douro;11D;Viseu;Armamar;Vacalar;603.84;6.04
"180120";Continente;"1";Norte;"11";Douro;11D;Viseu;Armamar;Armamar;1675.46;16.75
"180121";Continente;"1";Norte;"11";Douro;11D;Viseu;Armamar;União das freguesias de Aricera e Goujoim;1064.94;10.65
"180122";Continente;"1";Norte;"11";Douro;11D;Viseu;Armamar;União das freguesias de São Romão e Santiago;693.32;6.93
"180123";Continente;"1";Norte;"11";Douro;11D;Viseu;Armamar;União das freguesias de Vila Seca e Santo Adrião;1502.95;15.03
"180201";Continente;"1";Centro;"19";Viseu Dão Lafões;"194";Viseu;Carregal do Sal;Beijós;1252.5;12.53
"180202";Continente;"1";Centro;"19";Viseu Dão Lafões;"194";Viseu;Carregal do Sal;Cabanas de Viriato;2146.94;21.47
"180204";Continente;"1";Centro;"19";Viseu Dão Lafões;"194";Viseu;Carregal do Sal;Oliveira do Conde;3524.14;35.24
"180206";Continente;"1";Centro;"19";Viseu Dão Lafões;"194";Viseu;Carregal do Sal;Parada;1166.49;11.66
"180208";Continente;"1";Centro;"19";Viseu Dão Lafões;"194";Viseu;Carregal do Sal;Carregal do Sal;3599.15;35.99
"180301";Continente;"1";Centro;"19";Viseu Dão Lafões;"194";Viseu;Castro Daire;Almofala;1859.59;18.6
"180303";Continente;"1";Centro;"19";Viseu Dão Lafões;"194";Viseu;Castro Daire;Cabril;2201.69;22.02
"180304";Continente;"1";Centro;"19";Viseu Dão Lafões;"194";Viseu;Castro Daire;Castro Daire;3252.82;32.53
"180305";Continente;"1";Centro;"19";Viseu Dão Lafões;"194";Viseu;Castro Daire;Cujó;845.97;8.46
"180309";Continente;"1";Centro;"19";Viseu Dão Lafões;"194";Viseu;Castro Daire;Gosende;2045.81;20.46
"180312";Continente;"1";Centro;"19";Viseu Dão Lafões;"194";Viseu;Castro Daire;Mões;4414.82;44.15
"180313";Continente;"1";Centro;"19";Viseu Dão Lafões;"194";Viseu;Castro Daire;Moledo;4699.35;46.99
"180314";Continente;"1";Centro;"19";Viseu Dão Lafões;"194";Viseu;Castro Daire;Monteiras;2113.33;21.13
"180317";Continente;"1";Centro;"19";Viseu Dão Lafões;"194";Viseu;Castro Daire;Pepim;1193.46;11.93
"180319";Continente;"1";Centro;"19";Viseu Dão Lafões;"194";Viseu;Castro Daire;Pinheiro;1959.57;19.6
"180322";Continente;"1";Centro;"19";Viseu Dão Lafões;"194";Viseu;Castro Daire;São Joaninho;805.7;8.06
"180323";Continente;"1";Centro;"19";Viseu Dão Lafões;"194";Viseu;Castro Daire;"União das freguesias de Mamouros, Alva e Ribolhos";2365.17;23.65
"180324";Continente;"1";Centro;"19";Viseu Dão Lafões;"194";Viseu;Castro Daire;União das freguesias de Mezio e Moura Morta;2265.15;22.65
"180325";Continente;"1";Centro;"19";Viseu Dão Lafões;"194";Viseu;Castro Daire;União das freguesias de Parada de Ester e Ester;4024.75;40.25
"180326";Continente;"1";Centro;"19";Viseu Dão Lafões;"194";Viseu;Castro Daire;União das freguesias de Picão e Ermida;1595.01;15.95
"180327";Continente;"1";Centro;"19";Viseu Dão Lafões;"194";Viseu;Castro Daire;União das freguesias de Reriz e Gafanhão;2261.94;22.62
"180403";Continente;"1";Norte;"11";Tâmega e Sousa;11C;Viseu;Cinfães;Cinfães;2542.46;25.42
"180404";Continente;"1";Norte;"11";Tâmega e Sousa;11C;Viseu;Cinfães;Espadanedo;530.4;5.3
"180405";Continente;"1";Norte;"11";Tâmega e Sousa;11C;Viseu;Cinfães;Ferreiros de Tendais;1599.57;16
"180406";Continente;"1";Norte;"11";Tâmega e Sousa;11C;Viseu;Cinfães;Fornelos;1008.06;10.08
"180408";Continente;"1";Norte;"11";Tâmega e Sousa;11C;Viseu;Cinfães;Moimenta;653.58;6.54
"180409";Continente;"1";Norte;"11";Tâmega e Sousa;11C;Viseu;Cinfães;Nespereira;3599.22;35.99
"180410";Continente;"1";Norte;"11";Tâmega e Sousa;11C;Viseu;Cinfães;Oliveira do Douro;1412.79;14.13
"180412";Continente;"1";Norte;"11";Tâmega e Sousa;11C;Viseu;Cinfães;Santiago de Piães;1759.15;17.59
"180413";Continente;"1";Norte;"11";Tâmega e Sousa;11C;Viseu;Cinfães;São Cristóvão de Nogueira;1815.38;18.15
"180414";Continente;"1";Norte;"11";Tâmega e Sousa;11C;Viseu;Cinfães;Souselo;917.32;9.17
"180415";Continente;"1";Norte;"11";Tâmega e Sousa;11C;Viseu;Cinfães;Tarouquela;664.49;6.64
"180416";Continente;"1";Norte;"11";Tâmega e Sousa;11C;Viseu;Cinfães;Tendais;3177.17;31.77
"180417";Continente;"1";Norte;"11";Tâmega e Sousa;11C;Viseu;Cinfães;Travanca;497.47;4.97
"180418";Continente;"1";Norte;"11";Tâmega e Sousa;11C;Viseu;Cinfães;"União das freguesias de Alhões, Bustelo, Gralheira e Ramires";3751.7;37.52
"180502";Continente;"1";Norte;"11";Douro;11D;Viseu;Lamego;Avões;487.09;4.87
"180504";Continente;"1";Norte;"11";Douro;11D;Viseu;Lamego;Britiande;479.64;4.8
"180505";Continente;"1";Norte;"11";Douro;11D;Viseu;Lamego;Cambres;1127.98;11.28
"180507";Continente;"1";Norte;"11";Douro;11D;Viseu;Lamego;Ferreirim;552.87;5.53
"180508";Continente;"1";Norte;"11";Douro;11D;Viseu;Lamego;Ferreiros de Avões;264.86;2.65
"180509";Continente;"1";Norte;"11";Douro;11D;Viseu;Lamego;Figueira;455.22;4.55
"180510";Continente;"1";Norte;"11";Douro;11D;Viseu;Lamego;Lalim;721.76;7.22
"180511";Continente;"1";Norte;"11";Douro;11D;Viseu;Lamego;Lazarim;1653.84;16.54
"180516";Continente;"1";Norte;"11";Douro;11D;Viseu;Lamego;Penajóia;1012.75;10.13
"180517";Continente;"1";Norte;"11";Douro;11D;Viseu;Lamego;Penude;1281.7;12.82
"180519";Continente;"1";Norte;"11";Douro;11D;Viseu;Lamego;Samodães;308.67;3.09
"180520";Continente;"1";Norte;"11";Douro;11D;Viseu;Lamego;Sande;312.87;3.13
"180523";Continente;"1";Norte;"11";Douro;11D;Viseu;Lamego;Várzea de Abrunhais;584.88;5.85
"180524";Continente;"1";Norte;"11";Douro;11D;Viseu;Lamego;Vila Nova de Souto d'El-Rei;878.86;8.79
"180525";Continente;"1";Norte;"11";Douro;11D;Viseu;Lamego;Lamego (Almacave e Sé);2019.78;20.2
"180526";Continente;"1";Norte;"11";Douro;11D;Viseu;Lamego;"União das freguesias de Bigorne, Magueija e Pretarouca";2014.28;20.14
"180527";Continente;"1";Norte;"11";Douro;11D;Viseu;Lamego;"União das freguesias de Cepões, Meijinhos e Melcões";1095.91;10.96
"180528";Continente;"1";Norte;"11";Douro;11D;Viseu;Lamego;União das freguesias de Parada do Bispo e Valdigem;1289.14;12.89
"180601";Continente;"1";Centro;"19";Viseu Dão Lafões;"194";Viseu;Mangualde;Abrunhosa-a-Velha;1729.94;17.3
"180602";Continente;"1";Centro;"19";Viseu Dão Lafões;"194";Viseu;Mangualde;Alcafache;1287.81;12.88
"180605";Continente;"1";Centro;"19";Viseu Dão Lafões;"194";Viseu;Mangualde;Cunha Baixa;1551.7;15.52
"180606";Continente;"1";Centro;"19";Viseu Dão Lafões;"194";Viseu;Mangualde;Espinho;1455.25;14.55
"180607";Continente;"1";Centro;"19";Viseu Dão Lafões;"194";Viseu;Mangualde;Fornos de Maceira Dão;1624.58;16.25
"180608";Continente;"1";Centro;"19";Viseu Dão Lafões;"194";Viseu;Mangualde;Freixiosa;731.9;7.32
"180614";Continente;"1";Centro;"19";Viseu Dão Lafões;"194";Viseu;Mangualde;Quintela de Azurara;959.33;9.59
"180616";Continente;"1";Centro;"19";Viseu Dão Lafões;"194";Viseu;Mangualde;São João da Fresta;740.91;7.41
"180619";Continente;"1";Centro;"19";Viseu Dão Lafões;"194";Viseu;Mangualde;"União das freguesias de Mangualde, Mesquitela e Cunha Alta";4624.94;46.25
"180620";Continente;"1";Centro;"19";Viseu Dão Lafões;"194";Viseu;Mangualde;União das freguesias de Moimenta de Maceira Dão e Lobelhe do Mato;714.72;7.15
"180621";Continente;"1";Centro;"19";Viseu Dão Lafões;"194";Viseu;Mangualde;União das freguesias de Santiago de Cassurrães e Póvoa de Cervães;3002.81;30.03
"180622";Continente;"1";Centro;"19";Viseu Dão Lafões;"194";Viseu;Mangualde;"União das freguesias de Tavares (Chãs, Várzea e Travanca)";3501.67;35.02
"180702";Continente;"1";Norte;"11";Douro;11D;Viseu;Moimenta da Beira;Alvite;1928.66;19.29
"180703";Continente;"1";Norte;"11";Douro;11D;Viseu;Moimenta da Beira;Arcozelos;950;9.5
"180705";Continente;"1";Norte;"11";Douro;11D;Viseu;Moimenta da Beira;Baldos;444.18;4.44
"180706";Continente;"1";Norte;"11";Douro;11D;Viseu;Moimenta da Beira;Cabaços;1121.22;11.21
"180707";Continente;"1";Norte;"11";Douro;11D;Viseu;Moimenta da Beira;Caria;1671.06;16.71
"180708";Continente;"1";Norte;"11";Douro;11D;Viseu;Moimenta da Beira;Castelo;927.74;9.28
"180709";Continente;"1";Norte;"11";Douro;11D;Viseu;Moimenta da Beira;Leomil;3677.24;36.77
"180710";Continente;"1";Norte;"11";Douro;11D;Viseu;Moimenta da Beira;Moimenta da Beira;926.57;9.27
"180713";Continente;"1";Norte;"11";Douro;11D;Viseu;Moimenta da Beira;Passô;435.23;4.35
"180716";Continente;"1";Norte;"11";Douro;11D;Viseu;Moimenta da Beira;Vila da Rua;966.69;9.67
"180717";Continente;"1";Norte;"11";Douro;11D;Viseu;Moimenta da Beira;Sarzedo;499.28;4.99
"180719";Continente;"1";Norte;"11";Douro;11D;Viseu;Moimenta da Beira;Sever;1003.38;10.03
"180720";Continente;"1";Norte;"11";Douro;11D;Viseu;Moimenta da Beira;Vilar;854.43;8.54
"180721";Continente;"1";Norte;"11";Douro;11D;Viseu;Moimenta da Beira;União das freguesias de Paradinha e Nagosa;1209.42;12.09
"180722";Continente;"1";Norte;"11";Douro;11D;Viseu;Moimenta da Beira;"União das freguesias de Pêra Velha, Aldeia de Nacomba e Ariz";2917.41;29.17
"180723";Continente;"1";Norte;"11";Douro;11D;Viseu;Moimenta da Beira;União das freguesias de Peva e Segões;2464.4;24.64
"180802";Continente;"1";Centro;"19";Região de Coimbra;"192";Viseu;Mortágua;Cercosa;871.52;8.72
"180804";Continente;"1";Centro;"19";Região de Coimbra;"192";Viseu;Mortágua;Espinho;4134.1;41.34
"180805";Continente;"1";Centro;"19";Região de Coimbra;"192";Viseu;Mortágua;Marmeleira;1850.8;18.51
"180807";Continente;"1";Centro;"19";Região de Coimbra;"192";Viseu;Mortágua;Pala;4885.74;48.86
"180808";Continente;"1";Centro;"19";Região de Coimbra;"192";Viseu;Mortágua;Sobral;6415.46;64.15
"180809";Continente;"1";Centro;"19";Região de Coimbra;"192";Viseu;Mortágua;Trezói;1750.58;17.51
"180811";Continente;"1";Centro;"19";Região de Coimbra;"192";Viseu;Mortágua;"União das freguesias de Mortágua, Vale de Remígio, Cortegaça e Almaça";5209.61;52.1
"180901";Continente;"1";Centro;"19";Viseu Dão Lafões;"194";Viseu;Nelas;Canas de Senhorim;2545.26;25.45
"180903";Continente;"1";Centro;"19";Viseu Dão Lafões;"194";Viseu;Nelas;Nelas;2162.75;21.63
"180905";Continente;"1";Centro;"19";Viseu Dão Lafões;"194";Viseu;Nelas;Senhorim;3133.72;31.34
"180906";Continente;"1";Centro;"19";Viseu Dão Lafões;"194";Viseu;Nelas;Vilar Seco;1015.09;10.15
"180908";Continente;"1";Centro;"19";Viseu Dão Lafões;"194";Viseu;Nelas;Lapa do Lobo;732.15;7.32
"180910";Continente;"1";Centro;"19";Viseu Dão Lafões;"194";Viseu;Nelas;União das freguesias de Carvalhal Redondo e Aguieira;1352.06;13.52
"180911";Continente;"1";Centro;"19";Viseu Dão Lafões;"194";Viseu;Nelas;União das freguesias de Santar e Moreira;1630.45;16.3
"181002";Continente;"1";Centro;"19";Viseu Dão Lafões;"194";Viseu;Oliveira de Frades;Arcozelo das Maias;2180.81;21.81
"181005";Continente;"1";Centro;"19";Viseu Dão Lafões;"194";Viseu;Oliveira de Frades;Pinheiro;2161.86;21.62
"181007";Continente;"1";Centro;"19";Viseu Dão Lafões;"194";Viseu;Oliveira de Frades;Ribeiradio;1567.14;15.67
"181008";Continente;"1";Centro;"19";Viseu Dão Lafões;"194";Viseu;Oliveira de Frades;São João da Serra;1240.68;12.41
"181009";Continente;"1";Centro;"19";Viseu Dão Lafões;"194";Viseu;Oliveira de Frades;São Vicente de Lafões;819.92;8.2
"181013";Continente;"1";Centro;"19";Viseu Dão Lafões;"194";Viseu;Oliveira de Frades;União das freguesias de Arca e Varzielas;2036.96;20.37
"181014";Continente;"1";Centro;"19";Viseu Dão Lafões;"194";Viseu;Oliveira de Frades;União das freguesias de Destriz e Reigoso;2275.8;22.76
"181015";Continente;"1";Centro;"19";Viseu Dão Lafões;"194";Viseu;Oliveira de Frades;"União das freguesias de Oliveira de Frades, Souto de Lafões e Sejães";2251.45;22.51
"181102";Continente;"1";Centro;"19";Viseu Dão Lafões;"194";Viseu;Penalva do Castelo;Castelo de Penalva;2716.17;27.16
"181103";Continente;"1";Centro;"19";Viseu Dão Lafões;"194";Viseu;Penalva do Castelo;Esmolfe;1087.06;10.87
"181104";Continente;"1";Centro;"19";Viseu Dão Lafões;"194";Viseu;Penalva do Castelo;Germil;545.92;5.46
"181105";Continente;"1";Centro;"19";Viseu Dão Lafões;"194";Viseu;Penalva do Castelo;Ínsua;943.75;9.44
"181106";Continente;"1";Centro;"19";Viseu Dão Lafões;"194";Viseu;Penalva do Castelo;Lusinde;280.7;2.81
"181109";Continente;"1";Centro;"19";Viseu Dão Lafões;"194";Viseu;Penalva do Castelo;Pindo;1676.43;16.76
"181110";Continente;"1";Centro;"19";Viseu Dão Lafões;"194";Viseu;Penalva do Castelo;Real;469.08;4.69
"181111";Continente;"1";Centro;"19";Viseu Dão Lafões;"194";Viseu;Penalva do Castelo;Sezures;2104.27;21.04
"181112";Continente;"1";Centro;"19";Viseu Dão Lafões;"194";Viseu;Penalva do Castelo;Trancozelos;512.43;5.12
"181114";Continente;"1";Centro;"19";Viseu Dão Lafões;"194";Viseu;Penalva do Castelo;União das freguesias de Antas e Matela;1826.84;18.27
"181115";Continente;"1";Centro;"19";Viseu Dão Lafões;"194";Viseu;Penalva do Castelo;União das freguesias de Vila Cova do Covelo/Mareco;1271.25;12.71
"181202";Continente;"1";Norte;"11";Douro;11D;Viseu;Penedono;Beselga;1476.57;14.77
"181203";Continente;"1";Norte;"11";Douro;11D;Viseu;Penedono;Castainço;1337.02;13.37
"181207";Continente;"1";Norte;"11";Douro;11D;Viseu;Penedono;Penela da Beira;1838.47;18.38
"181208";Continente;"1";Norte;"11";Douro;11D;Viseu;Penedono;Póvoa de Penela;977.48;9.77
"181209";Continente;"1";Norte;"11";Douro;11D;Viseu;Penedono;Souto;1458.41;14.58
"181210";Continente;"1";Norte;"11";Douro;11D;Viseu;Penedono;União das freguesias de Antas e Ourozinho;3006.13;30.06
"181211";Continente;"1";Norte;"11";Douro;11D;Viseu;Penedono;União das freguesias de Penedono e Granja;3276.67;32.77
"181302";Continente;"1";Norte;"11";Tâmega e Sousa;11C;Viseu;Resende;Barrô;1003.65;10.04
"181303";Continente;"1";Norte;"11";Tâmega e Sousa;11C;Viseu;Resende;Cárquere;750.49;7.5
"181310";Continente;"1";Norte;"11";Tâmega e Sousa;11C;Viseu;Resende;Paus;1339.68;13.4
"181311";Continente;"1";Norte;"11";Tâmega e Sousa;11C;Viseu;Resende;Resende;1187.83;11.88
"181312";Continente;"1";Norte;"11";Tâmega e Sousa;11C;Viseu;Resende;São Cipriano;670.38;6.7
"181313";Continente;"1";Norte;"11";Tâmega e Sousa;11C;Viseu;Resende;São João de Fontoura;505.57;5.06
"181314";Continente;"1";Norte;"11";Tâmega e Sousa;11C;Viseu;Resende;São Martinho de Mouros;1440.85;14.41
"181316";Continente;"1";Norte;"11";Tâmega e Sousa;11C;Viseu;Resende;União das freguesias de Anreade e São Romão de Aregos;983.13;9.83
"181317";Continente;"1";Norte;"11";Tâmega e Sousa;11C;Viseu;Resende;União das freguesias de Felgueiras e Feirão;1328.28;13.28
"181318";Continente;"1";Norte;"11";Tâmega e Sousa;11C;Viseu;Resende;União das freguesias de Freigil e Miomães;742.93;7.43
"181319";Continente;"1";Norte;"11";Tâmega e Sousa;11C;Viseu;Resende;União das freguesias de Ovadas e Panchorra;2382.12;23.82
"181403";Continente;"1";Centro;"19";Viseu Dão Lafões;"194";Viseu;Santa Comba Dão;Pinheiro de Ázere;1188.78;11.89
"181405";Continente;"1";Centro;"19";Viseu Dão Lafões;"194";Viseu;Santa Comba Dão;São Joaninho;972.3;9.72
"181406";Continente;"1";Centro;"19";Viseu Dão Lafões;"194";Viseu;Santa Comba Dão;São João de Areias;2151;21.51
"181410";Continente;"1";Centro;"19";Viseu Dão Lafões;"194";Viseu;Santa Comba Dão;União das freguesias de Ovoa e Vimieiro;2246.71;22.47
"181411";Continente;"1";Centro;"19";Viseu Dão Lafões;"194";Viseu;Santa Comba Dão;União das freguesias de Santa Comba Dão e Couto do Mosteiro;2673.75;26.74
"181412";Continente;"1";Centro;"19";Viseu Dão Lafões;"194";Viseu;Santa Comba Dão;União das freguesias de Treixedo e Nagozela;1962.22;19.62
"181501";Continente;"1";Norte;"11";Douro;11D;Viseu;São João da Pesqueira;Castanheiro do Sul;2039.52;20.4
"181502";Continente;"1";Norte;"11";Douro;11D;Viseu;São João da Pesqueira;Ervedosa do Douro;4023.83;40.24
"181504";Continente;"1";Norte;"11";Douro;11D;Viseu;São João da Pesqueira;Nagozelo do Douro;788.7;7.89
"181505";Continente;"1";Norte;"11";Douro;11D;Viseu;São João da Pesqueira;Paredes da Beira;2055.56;20.56
"181507";Continente;"1";Norte;"11";Douro;11D;Viseu;São João da Pesqueira;Riodades;2006.63;20.07
"181509";Continente;"1";Norte;"11";Douro;11D;Viseu;São João da Pesqueira;Soutelo do Douro;1779.97;17.8
"181511";Continente;"1";Norte;"11";Douro;11D;Viseu;São João da Pesqueira;Vale de Figueira;1646.67;16.47
"181512";Continente;"1";Norte;"11";Douro;11D;Viseu;São João da Pesqueira;Valongo dos Azeites;455.68;4.56
"181515";Continente;"1";Norte;"11";Douro;11D;Viseu;São João da Pesqueira;União das freguesias de São João da Pesqueira e Várzea de Trevões;5327.29;53.27
"181516";Continente;"1";Norte;"11";Douro;11D;Viseu;São João da Pesqueira;União das freguesias de Trevões e Espinhosa;3012.63;30.13
"181517";Continente;"1";Norte;"11";Douro;11D;Viseu;São João da Pesqueira;União das freguesias de Vilarouco e Pereiros;3474.36;34.74
"181602";Continente;"1";Centro;"19";Viseu Dão Lafões;"194";Viseu;São Pedro do Sul;Bordonhos;595.05;5.95
"181606";Continente;"1";Centro;"19";Viseu Dão Lafões;"194";Viseu;São Pedro do Sul;Figueiredo de Alva;1468.57;14.69
"181607";Continente;"1";Centro;"19";Viseu Dão Lafões;"194";Viseu;São Pedro do Sul;Manhouce;4040.57;40.41
"181608";Continente;"1";Centro;"19";Viseu Dão Lafões;"194";Viseu;São Pedro do Sul;Pindelo dos Milagres;2389.71;23.9
"181609";Continente;"1";Centro;"19";Viseu Dão Lafões;"194";Viseu;São Pedro do Sul;Pinho;1363.77;13.64
"181612";Continente;"1";Centro;"19";Viseu Dão Lafões;"194";Viseu;São Pedro do Sul;São Félix;319.37;3.19
"181615";Continente;"1";Centro;"19";Viseu Dão Lafões;"194";Viseu;São Pedro do Sul;Serrazes;1323.22;13.23
"181616";Continente;"1";Centro;"19";Viseu Dão Lafões;"194";Viseu;São Pedro do Sul;Sul;5241.19;52.41
"181617";Continente;"1";Centro;"19";Viseu Dão Lafões;"194";Viseu;São Pedro do Sul;Valadares;2076.01;20.76
"181619";Continente;"1";Centro;"19";Viseu Dão Lafões;"194";Viseu;São Pedro do Sul;Vila Maior;1187.49;11.87
"181620";Continente;"1";Centro;"19";Viseu Dão Lafões;"194";Viseu;São Pedro do Sul;União das freguesias de Carvalhais e Candal;4373.17;43.73
"181621";Continente;"1";Centro;"19";Viseu Dão Lafões;"194";Viseu;São Pedro do Sul;União das freguesias de Santa Cruz da Trapa e São Cristóvão de Lafões;2893.77;28.94
"181622";Continente;"1";Centro;"19";Viseu Dão Lafões;"194";Viseu;São Pedro do Sul;União das freguesias de São Martinho das Moitas e Covas do Rio;5368.11;53.68
"181623";Continente;"1";Centro;"19";Viseu Dão Lafões;"194";Viseu;São Pedro do Sul;"União das freguesias de São Pedro do Sul, Várzea e Baiões";2255.09;22.55
"181702";Continente;"1";Centro;"19";Viseu Dão Lafões;"194";Viseu;Sátão;Avelal;815.24;8.15
"181704";Continente;"1";Centro;"19";Viseu Dão Lafões;"194";Viseu;Sátão;Ferreira de Aves;6613.16;66.13
"181706";Continente;"1";Centro;"19";Viseu Dão Lafões;"194";Viseu;Sátão;Mioma;1534.04;15.34
"181707";Continente;"1";Centro;"19";Viseu Dão Lafões;"194";Viseu;Sátão;Rio de Moinhos;1103.88;11.04
"181709";Continente;"1";Centro;"19";Viseu Dão Lafões;"194";Viseu;Sátão;São Miguel de Vila Boa;1288.98;12.89
"181710";Continente;"1";Centro;"19";Viseu Dão Lafões;"194";Viseu;Sátão;Sátão;1857.16;18.57
"181711";Continente;"1";Centro;"19";Viseu Dão Lafões;"194";Viseu;Sátão;Silvã de Cima;688.44;6.88
"181713";Continente;"1";Centro;"19";Viseu Dão Lafões;"194";Viseu;Sátão;União das freguesias de Águas Boas e Forles;1585.99;15.86
"181714";Continente;"1";Centro;"19";Viseu Dão Lafões;"194";Viseu;Sátão;"União das freguesias de Romãs, Decermilo e Vila Longa";4707.21;47.07
"181801";Continente;"1";Norte;"11";Douro;11D;Viseu;Sernancelhe;Arnas;2125.36;21.25
"181802";Continente;"1";Norte;"11";Douro;11D;Viseu;Sernancelhe;Carregal;2076.71;20.77
"181803";Continente;"1";Norte;"11";Douro;11D;Viseu;Sernancelhe;Chosendo;1130.13;11.3
"181804";Continente;"1";Norte;"11";Douro;11D;Viseu;Sernancelhe;Cunha;1702.45;17.02
"181806";Continente;"1";Norte;"11";Douro;11D;Viseu;Sernancelhe;Faia;362.59;3.63
"181810";Continente;"1";Norte;"11";Douro;11D;Viseu;Sernancelhe;Granjal;1372.83;13.73
"181811";Continente;"1";Norte;"11";Douro;11D;Viseu;Sernancelhe;Lamosa;1322.1;13.22
"181814";Continente;"1";Norte;"11";Douro;11D;Viseu;Sernancelhe;Quintela;1377.24;13.77
"181817";Continente;"1";Norte;"11";Douro;11D;Viseu;Sernancelhe;Vila da Ponte;1276.73;12.77
"181818";Continente;"1";Norte;"11";Douro;11D;Viseu;Sernancelhe;União das freguesias de Ferreirim e Macieira;2236.89;22.37
"181819";Continente;"1";Norte;"11";Douro;11D;Viseu;Sernancelhe;União das freguesias de Fonte Arcada e Escurquela;1986.96;19.87
"181820";Continente;"1";Norte;"11";Douro;11D;Viseu;Sernancelhe;União das freguesias de Penso e Freixinho;1413.5;14.14
"181821";Continente;"1";Norte;"11";Douro;11D;Viseu;Sernancelhe;União das freguesias de Sernancelhe e Sarzeda;4477.74;44.78
"181901";Continente;"1";Norte;"11";Douro;11D;Viseu;Tabuaço;Adorigo;922.53;9.23
"181902";Continente;"1";Norte;"11";Douro;11D;Viseu;Tabuaço;Arcos;794.35;7.94
"181904";Continente;"1";Norte;"11";Douro;11D;Viseu;Tabuaço;Chavães;944.73;9.45
"181905";Continente;"1";Norte;"11";Douro;11D;Viseu;Tabuaço;Desejosa;748.84;7.49
"181906";Continente;"1";Norte;"11";Douro;11D;Viseu;Tabuaço;Granja do Tedo;377.15;3.77
"181908";Continente;"1";Norte;"11";Douro;11D;Viseu;Tabuaço;Longa;682.85;6.83
"181913";Continente;"1";Norte;"11";Douro;11D;Viseu;Tabuaço;Sendim;2126.34;21.26
"181914";Continente;"1";Norte;"11";Douro;11D;Viseu;Tabuaço;Tabuaço;1074.48;10.74
"181917";Continente;"1";Norte;"11";Douro;11D;Viseu;Tabuaço;Valença do Douro;928.24;9.28
"181918";Continente;"1";Norte;"11";Douro;11D;Viseu;Tabuaço;União das freguesias de Barcos e Santa Leocádia;1520.88;15.21
"181919";Continente;"1";Norte;"11";Douro;11D;Viseu;Tabuaço;União das freguesias de Paradela e Granjinha;905.15;9.05
"181920";Continente;"1";Norte;"11";Douro;11D;Viseu;Tabuaço;União das freguesias de Pinheiros e Vale de Figueira;1166.21;11.66
"181921";Continente;"1";Norte;"11";Douro;11D;Viseu;Tabuaço;União das freguesias de Távora e Pereiro;1193.93;11.94
"182004";Continente;"1";Norte;"11";Douro;11D;Viseu;Tarouca;Mondim da Beira;707.99;7.08
"182005";Continente;"1";Norte;"11";Douro;11D;Viseu;Tarouca;Salzedas;883.57;8.84
"182006";Continente;"1";Norte;"11";Douro;11D;Viseu;Tarouca;São João de Tarouca;1858.5;18.59
"182009";Continente;"1";Norte;"11";Douro;11D;Viseu;Tarouca;Várzea da Serra;2119.01;21.19
"182012";Continente;"1";Norte;"11";Douro;11D;Viseu;Tarouca;União das freguesias de Granja Nova e Vila Chã da Beira;1353.68;13.54
"182014";Continente;"1";Norte;"11";Douro;11D;Viseu;Tarouca;Dálvares;278.74;2.79
"182015";Continente;"1";Norte;"11";Douro;11D;Viseu;Tarouca;Gouviães;354.89;3.55
"182016";Continente;"1";Norte;"11";Douro;11D;Viseu;Tarouca;Tarouca;1912.92;19.13
"182017";Continente;"1";Norte;"11";Douro;11D;Viseu;Tarouca;Ucanha;539.19;5.39
"182102";Continente;"1";Centro;"19";Viseu Dão Lafões;"194";Viseu;Tondela;Campo de Besteiros;792.53;7.93
"182103";Continente;"1";Centro;"19";Viseu Dão Lafões;"194";Viseu;Tondela;Canas de Santa Maria;1384.61;13.85
"182105";Continente;"1";Centro;"19";Viseu Dão Lafões;"194";Viseu;Tondela;Castelões;1711.85;17.12
"182106";Continente;"1";Centro;"19";Viseu Dão Lafões;"194";Viseu;Tondela;Dardavaz;1369.45;13.69
"182107";Continente;"1";Centro;"19";Viseu Dão Lafões;"194";Viseu;Tondela;Ferreirós do Dão;828.64;8.29
"182108";Continente;"1";Centro;"19";Viseu Dão Lafões;"194";Viseu;Tondela;Guardão;1895.15;18.95
"182109";Continente;"1";Centro;"19";Viseu Dão Lafões;"194";Viseu;Tondela;Lajeosa do Dão;2459.08;24.59
"182110";Continente;"1";Centro;"19";Viseu Dão Lafões;"194";Viseu;Tondela;Lobão da Beira;1409.07;14.09
"182111";Continente;"1";Centro;"19";Viseu Dão Lafões;"194";Viseu;Tondela;Molelos;1549.61;15.5
"182116";Continente;"1";Centro;"19";Viseu Dão Lafões;"194";Viseu;Tondela;Parada de Gonta;672.79;6.73
"182118";Continente;"1";Centro;"19";Viseu Dão Lafões;"194";Viseu;Tondela;Santiago de Besteiros;1575.46;15.75
"182122";Continente;"1";Centro;"19";Viseu Dão Lafões;"194";Viseu;Tondela;Tonda;750.36;7.5
"182128";Continente;"1";Centro;"19";Viseu Dão Lafões;"194";Viseu;Tondela;União das freguesias de Caparrosa e Silvares;2457.36;24.57
"182129";Continente;"1";Centro;"19";Viseu Dão Lafões;"194";Viseu;Tondela;União das freguesias de Mouraz e Vila Nova da Rainha;1552.62;15.53
"182130";Continente;"1";Centro;"19";Viseu Dão Lafões;"194";Viseu;Tondela;União das freguesias de São João do Monte e Mosteirinho;6513.46;65.13
"182132";Continente;"1";Centro;"19";Viseu Dão Lafões;"194";Viseu;Tondela;União das freguesias de Tondela e Nandufe;1575.34;15.75
"182134";Continente;"1";Centro;"19";Viseu Dão Lafões;"194";Viseu;Tondela;Barreiro de Besteiros;3699.2;36.99
"182135";Continente;"1";Centro;"19";Viseu Dão Lafões;"194";Viseu;Tondela;Mosteiro de Fráguas;1028.49;10.28
"182136";Continente;"1";Centro;"19";Viseu Dão Lafões;"194";Viseu;Tondela;Sabugosa;715.7;7.16
"182137";Continente;"1";Centro;"19";Viseu Dão Lafões;"194";Viseu;Tondela;São Miguel do Outeiro;1138.12;11.38
"182138";Continente;"1";Centro;"19";Viseu Dão Lafões;"194";Viseu;Tondela;Tourigo;873.35;8.73
"182139";Continente;"1";Centro;"19";Viseu Dão Lafões;"194";Viseu;Tondela;Vilar de Besteiros;1169.47;11.69
"182203";Continente;"1";Centro;"19";Viseu Dão Lafões;"194";Viseu;Vila Nova de Paiva;Pendilhe;2418.97;24.19
"182204";Continente;"1";Centro;"19";Viseu Dão Lafões;"194";Viseu;Vila Nova de Paiva;Queiriga;3193.74;31.94
"182205";Continente;"1";Centro;"19";Viseu Dão Lafões;"194";Viseu;Vila Nova de Paiva;Touro;5016.66;50.17
"182206";Continente;"1";Centro;"19";Viseu Dão Lafões;"194";Viseu;Vila Nova de Paiva;Vila Cova à Coelheira;3203;32.03
"182208";Continente;"1";Centro;"19";Viseu Dão Lafões;"194";Viseu;Vila Nova de Paiva;"União das freguesias de Vila Nova de Paiva, Alhais e Fráguas";3720.92;37.21
"182301";Continente;"1";Centro;"19";Viseu Dão Lafões;"194";Viseu;Viseu;Abraveses;1222.72;12.23
"182304";Continente;"1";Centro;"19";Viseu Dão Lafões;"194";Viseu;Viseu;Bodiosa;2539.5;25.4
"182305";Continente;"1";Centro;"19";Viseu Dão Lafões;"194";Viseu;Viseu;Calde;3505.68;35.06
"182306";Continente;"1";Centro;"19";Viseu Dão Lafões;"194";Viseu;Viseu;Campo;1624.04;16.24
"182307";Continente;"1";Centro;"19";Viseu Dão Lafões;"194";Viseu;Viseu;Cavernães;1314.39;13.14
"182310";Continente;"1";Centro;"19";Viseu Dão Lafões;"194";Viseu;Viseu;Cota;4154.75;41.55
"182315";Continente;"1";Centro;"19";Viseu Dão Lafões;"194";Viseu;Viseu;Fragosela;1103.83;11.04
"182316";Continente;"1";Centro;"19";Viseu Dão Lafões;"194";Viseu;Viseu;Lordosa;2231.03;22.31
"182317";Continente;"1";Centro;"19";Viseu Dão Lafões;"194";Viseu;Viseu;Silgueiros;3617.33;36.17
"182318";Continente;"1";Centro;"19";Viseu Dão Lafões;"194";Viseu;Viseu;Mundão;1444.6;14.45
"182319";Continente;"1";Centro;"19";Viseu Dão Lafões;"194";Viseu;Viseu;Orgens;890.16;8.9
"182320";Continente;"1";Centro;"19";Viseu Dão Lafões;"194";Viseu;Viseu;Povolide;2080.05;20.8
"182321";Continente;"1";Centro;"19";Viseu Dão Lafões;"194";Viseu;Viseu;Ranhados;623.4;6.23
"182322";Continente;"1";Centro;"19";Viseu Dão Lafões;"194";Viseu;Viseu;Ribafeita;1811.72;18.12
"182323";Continente;"1";Centro;"19";Viseu Dão Lafões;"194";Viseu;Viseu;Rio de Loba;1775.06;17.75
"182325";Continente;"1";Centro;"19";Viseu Dão Lafões;"194";Viseu;Viseu;Santos Evos;1185.7;11.86
"182327";Continente;"1";Centro;"19";Viseu Dão Lafões;"194";Viseu;Viseu;São João de Lourosa;2600.41;26
"182329";Continente;"1";Centro;"19";Viseu Dão Lafões;"194";Viseu;Viseu;São Pedro de France;1875.18;18.75
"182335";Continente;"1";Centro;"19";Viseu Dão Lafões;"194";Viseu;Viseu;União das freguesias de Barreiros e Cepões;3518.8;35.19
"182336";Continente;"1";Centro;"19";Viseu Dão Lafões;"194";Viseu;Viseu;"União das freguesias de Boa Aldeia, Farminhão e Torredeita";3513.37;35.13
"182337";Continente;"1";Centro;"19";Viseu Dão Lafões;"194";Viseu;Viseu;Coutos de Viseu;2440.84;24.41
"182338";Continente;"1";Centro;"19";Viseu Dão Lafões;"194";Viseu;Viseu;Freguesia de Fail e Vila Chã de Sá;1569.76;15.7
"182339";Continente;"1";Centro;"19";Viseu Dão Lafões;"194";Viseu;Viseu;Repeses e São Salvador;1000.7;10.01
"182340";Continente;"1";Centro;"19";Viseu Dão Lafões;"194";Viseu;Viseu;São Cipriano e Vil de Souto;2071.13;20.71
"182341";Continente;"1";Centro;"19";Viseu Dão Lafões;"194";Viseu;Viseu;Viseu;995.99;9.96
"182401";Continente;"1";Centro;"19";Viseu Dão Lafões;"194";Viseu;Vouzela;Alcofra;2896.27;28.96
"182403";Continente;"1";Centro;"19";Viseu Dão Lafões;"194";Viseu;Vouzela;Campia;3926.72;39.27
"182407";Continente;"1";Centro;"19";Viseu Dão Lafões;"194";Viseu;Vouzela;Fornelo do Monte;1508.1;15.08
"182409";Continente;"1";Centro;"19";Viseu Dão Lafões;"194";Viseu;Vouzela;Queirã;2383.47;23.83
"182410";Continente;"1";Centro;"19";Viseu Dão Lafões;"194";Viseu;Vouzela;São Miguel do Mato;900.29;9
"182411";Continente;"1";Centro;"19";Viseu Dão Lafões;"194";Viseu;Vouzela;Ventosa;1833.05;18.33
"182413";Continente;"1";Centro;"19";Viseu Dão Lafões;"194";Viseu;Vouzela;União das freguesias de Cambra e Carvalhal de Vermilhas;3261.21;32.61
"182414";Continente;"1";Centro;"19";Viseu Dão Lafões;"194";Viseu;Vouzela;União das freguesias de Fataunços e Figueiredo das Donas;1265.97;12.66
"182415";Continente;"1";Centro;"19";Viseu Dão Lafões;"194";Viseu;Vouzela;União das freguesias de Vouzela e Paços de Vilharigues;1394.37;13.94
"310101";Região Autónoma da Madeira;"3";Região Autónoma da Madeira;"30";Região Autónoma da Madeira;"300";Ilha da Madeira;Calheta;Arco da Calheta;1470.51;14.71
"310102";Região Autónoma da Madeira;"3";Região Autónoma da Madeira;"30";Região Autónoma da Madeira;"300";Ilha da Madeira;Calheta;Calheta;2344.4;23.44
"310103";Região Autónoma da Madeira;"3";Região Autónoma da Madeira;"30";Região Autónoma da Madeira;"300";Ilha da Madeira;Calheta;Estreito da Calheta;1432.17;14.32
"310104";Região Autónoma da Madeira;"3";Região Autónoma da Madeira;"30";Região Autónoma da Madeira;"300";Ilha da Madeira;Calheta;Fajã da Ovelha;2216.31;22.16
"310105";Região Autónoma da Madeira;"3";Região Autónoma da Madeira;"30";Região Autónoma da Madeira;"300";Ilha da Madeira;Calheta;Jardim do Mar;73.95;0.74
"310106";Região Autónoma da Madeira;"3";Região Autónoma da Madeira;"30";Região Autónoma da Madeira;"300";Ilha da Madeira;Calheta;Paul do Mar;140.06;1.4
"310107";Região Autónoma da Madeira;"3";Região Autónoma da Madeira;"30";Região Autónoma da Madeira;"300";Ilha da Madeira;Calheta;Ponta do Pargo;2471.19;24.71
"310108";Região Autónoma da Madeira;"3";Região Autónoma da Madeira;"30";Região Autónoma da Madeira;"300";Ilha da Madeira;Calheta;Prazeres;1002.55;10.03
"310201";Região Autónoma da Madeira;"3";Região Autónoma da Madeira;"30";Região Autónoma da Madeira;"300";Ilha da Madeira;Câmara de Lobos;Câmara de Lobos;776.71;7.77
"310202";Região Autónoma da Madeira;"3";Região Autónoma da Madeira;"30";Região Autónoma da Madeira;"300";Ilha da Madeira;Câmara de Lobos;Curral das Freiras;2501.71;25.02
"310203";Região Autónoma da Madeira;"3";Região Autónoma da Madeira;"30";Região Autónoma da Madeira;"300";Ilha da Madeira;Câmara de Lobos;Estreito de Câmara de Lobos;787.24;7.87
"310204";Região Autónoma da Madeira;"3";Região Autónoma da Madeira;"30";Região Autónoma da Madeira;"300";Ilha da Madeira;Câmara de Lobos;Quinta Grande;414.82;4.15
"310205";Região Autónoma da Madeira;"3";Região Autónoma da Madeira;"30";Região Autónoma da Madeira;"300";Ilha da Madeira;Câmara de Lobos;Jardim da Serra;736.26;7.36
"310301";Região Autónoma da Madeira;"3";Região Autónoma da Madeira;"30";Região Autónoma da Madeira;"300";Ilha da Madeira;Funchal;Imaculado Coração de Maria;135.92;1.36
"310302";Região Autónoma da Madeira;"3";Região Autónoma da Madeira;"30";Região Autónoma da Madeira;"300";Ilha da Madeira;Funchal;Monte;1858.39;18.58
"310303";Região Autónoma da Madeira;"3";Região Autónoma da Madeira;"30";Região Autónoma da Madeira;"300";Ilha da Madeira;Funchal;Funchal (Santa Luzia);133.74;1.34
"310304";Região Autónoma da Madeira;"3";Região Autónoma da Madeira;"30";Região Autónoma da Madeira;"300";Ilha da Madeira;Funchal;Funchal (Santa Maria Maior);489.71;4.9
"310305";Região Autónoma da Madeira;"3";Região Autónoma da Madeira;"30";Região Autónoma da Madeira;"300";Ilha da Madeira;Funchal;Santo António;2216.02;22.16
"310306";Região Autónoma da Madeira;"3";Região Autónoma da Madeira;"30";Região Autónoma da Madeira;"300";Ilha da Madeira;Funchal;São Gonçalo;708.19;7.08
"310307";Região Autónoma da Madeira;"3";Região Autónoma da Madeira;"30";Região Autónoma da Madeira;"300";Ilha da Madeira;Funchal;São Martinho;798.73;7.99
"310308";Região Autónoma da Madeira;"3";Região Autónoma da Madeira;"30";Região Autónoma da Madeira;"300";Ilha da Madeira;Funchal;Funchal (São Pedro);148.89;1.49
"310309";Região Autónoma da Madeira;"3";Região Autónoma da Madeira;"30";Região Autónoma da Madeira;"300";Ilha da Madeira;Funchal;São Roque;749.91;7.5
"310310";Região Autónoma da Madeira;"3";Região Autónoma da Madeira;"30";Região Autónoma da Madeira;"300";Ilha da Madeira;Funchal;Funchal (Sé);382.71;3.83
"310401";Região Autónoma da Madeira;"3";Região Autónoma da Madeira;"30";Região Autónoma da Madeira;"300";Ilha da Madeira;Machico;Água de Pena;513.86;5.14
"310402";Região Autónoma da Madeira;"3";Região Autónoma da Madeira;"30";Região Autónoma da Madeira;"300";Ilha da Madeira;Machico;Caniçal;1183.36;11.83
"310403";Região Autónoma da Madeira;"3";Região Autónoma da Madeira;"30";Região Autónoma da Madeira;"300";Ilha da Madeira;Machico;Machico;1728.06;17.28
"310404";Região Autónoma da Madeira;"3";Região Autónoma da Madeira;"30";Região Autónoma da Madeira;"300";Ilha da Madeira;Machico;Porto da Cruz;2519.37;25.19
"310405";Região Autónoma da Madeira;"3";Região Autónoma da Madeira;"30";Região Autónoma da Madeira;"300";Ilha da Madeira;Machico;Santo António da Serra;880.56;8.81
"310501";Região Autónoma da Madeira;"3";Região Autónoma da Madeira;"30";Região Autónoma da Madeira;"300";Ilha da Madeira;Ponta do Sol;Canhas;1667.28;16.67
"310502";Região Autónoma da Madeira;"3";Região Autónoma da Madeira;"30";Região Autónoma da Madeira;"300";Ilha da Madeira;Ponta do Sol;Madalena do Mar;207.9;2.08
"310503";Região Autónoma da Madeira;"3";Região Autónoma da Madeira;"30";Região Autónoma da Madeira;"300";Ilha da Madeira;Ponta do Sol;Ponta do Sol;2751.26;27.51
"310601";Região Autónoma da Madeira;"3";Região Autónoma da Madeira;"30";Região Autónoma da Madeira;"300";Ilha da Madeira;Porto Moniz;Achadas da Cruz;788.34;7.88
"310602";Região Autónoma da Madeira;"3";Região Autónoma da Madeira;"30";Região Autónoma da Madeira;"300";Ilha da Madeira;Porto Moniz;Porto Moniz;2020.33;20.2
"310603";Região Autónoma da Madeira;"3";Região Autónoma da Madeira;"30";Região Autónoma da Madeira;"300";Ilha da Madeira;Porto Moniz;Ribeira da Janela;1845.24;18.45
"310604";Região Autónoma da Madeira;"3";Região Autónoma da Madeira;"30";Região Autónoma da Madeira;"300";Ilha da Madeira;Porto Moniz;Seixal;3638.58;36.39
"310701";Região Autónoma da Madeira;"3";Região Autónoma da Madeira;"30";Região Autónoma da Madeira;"300";Ilha da Madeira;Ribeira Brava;Campanário;1176.04;11.76
"310702";Região Autónoma da Madeira;"3";Região Autónoma da Madeira;"30";Região Autónoma da Madeira;"300";Ilha da Madeira;Ribeira Brava;Ribeira Brava;1847.7;18.48
"310703";Região Autónoma da Madeira;"3";Região Autónoma da Madeira;"30";Região Autónoma da Madeira;"300";Ilha da Madeira;Ribeira Brava;Serra de Água;2409.55;24.1
"310704";Região Autónoma da Madeira;"3";Região Autónoma da Madeira;"30";Região Autónoma da Madeira;"300";Ilha da Madeira;Ribeira Brava;Tabua;1112.37;11.12
"310802";Região Autónoma da Madeira;"3";Região Autónoma da Madeira;"30";Região Autónoma da Madeira;"300";Ilha da Madeira;Santa Cruz;Camacha;1975.35;19.75
"310803";Região Autónoma da Madeira;"3";Região Autónoma da Madeira;"30";Região Autónoma da Madeira;"300";Ilha da Madeira;Santa Cruz;Caniço;1200.66;12.01
"310804";Região Autónoma da Madeira;"3";Região Autónoma da Madeira;"30";Região Autónoma da Madeira;"300";Ilha da Madeira;Santa Cruz;Gaula;694.12;6.94
"310805";Região Autónoma da Madeira;"3";Região Autónoma da Madeira;"30";Região Autónoma da Madeira;"300";Ilha da Madeira;Santa Cruz;Santa Cruz;2785.77;27.86
"310806";Região Autónoma da Madeira;"3";Região Autónoma da Madeira;"30";Região Autónoma da Madeira;"300";Ilha da Madeira;Santa Cruz;Santo António da Serra;1475.13;14.75
"310901";Região Autónoma da Madeira;"3";Região Autónoma da Madeira;"30";Região Autónoma da Madeira;"300";Ilha da Madeira;Santana;Arco de São Jorge;336.74;3.37
"310902";Região Autónoma da Madeira;"3";Região Autónoma da Madeira;"30";Região Autónoma da Madeira;"300";Ilha da Madeira;Santana;Faial;2400.59;24.01
"310903";Região Autónoma da Madeira;"3";Região Autónoma da Madeira;"30";Região Autónoma da Madeira;"300";Ilha da Madeira;Santana;Santana;1899.61;19
"310904";Região Autónoma da Madeira;"3";Região Autónoma da Madeira;"30";Região Autónoma da Madeira;"300";Ilha da Madeira;Santana;São Jorge;1931.64;19.32
"310905";Região Autónoma da Madeira;"3";Região Autónoma da Madeira;"30";Região Autónoma da Madeira;"300";Ilha da Madeira;Santana;São Roque do Faial;1560.53;15.61
"310906";Região Autónoma da Madeira;"3";Região Autónoma da Madeira;"30";Região Autónoma da Madeira;"300";Ilha da Madeira;Santana;Ilha;1417.98;14.18
"311001";Região Autónoma da Madeira;"3";Região Autónoma da Madeira;"30";Região Autónoma da Madeira;"300";Ilha da Madeira;São Vicente;Boa Ventura;2531.47;25.31
"311002";Região Autónoma da Madeira;"3";Região Autónoma da Madeira;"30";Região Autónoma da Madeira;"300";Ilha da Madeira;São Vicente;Ponta Delgada;939.22;9.39
"311003";Região Autónoma da Madeira;"3";Região Autónoma da Madeira;"30";Região Autónoma da Madeira;"300";Ilha da Madeira;São Vicente;São Vicente;4413.21;44.13
"320101";Região Autónoma da Madeira;"3";Região Autónoma da Madeira;"30";Região Autónoma da Madeira;"300";Ilha de Porto Santo;Porto Santo;Porto Santo;4268.21;42.68
"410101";Região Autónoma dos Açores;"2";Região Autónoma dos Açores;"20";Região Autónoma dos Açores;"200";Ilha de Santa Maria;Vila do Porto;Almagreira;1121.98;11.22
"410102";Região Autónoma dos Açores;"2";Região Autónoma dos Açores;"20";Região Autónoma dos Açores;"200";Ilha de Santa Maria;Vila do Porto;Santa Bárbara;1527.17;15.27
"410103";Região Autónoma dos Açores;"2";Região Autónoma dos Açores;"20";Região Autónoma dos Açores;"200";Ilha de Santa Maria;Vila do Porto;Santo Espírito;2667.66;26.68
"410104";Região Autónoma dos Açores;"2";Região Autónoma dos Açores;"20";Região Autónoma dos Açores;"200";Ilha de Santa Maria;Vila do Porto;São Pedro;1817.07;18.17
"410105";Região Autónoma dos Açores;"2";Região Autónoma dos Açores;"20";Região Autónoma dos Açores;"200";Ilha de Santa Maria;Vila do Porto;Vila do Porto;2554.87;25.55
"420101";Região Autónoma dos Açores;"2";Região Autónoma dos Açores;"20";Região Autónoma dos Açores;"200";Ilha de São Miguel;Lagoa;Água de Pau;1745.53;17.46
"420102";Região Autónoma dos Açores;"2";Região Autónoma dos Açores;"20";Região Autónoma dos Açores;"200";Ilha de São Miguel;Lagoa;Cabouco;484.68;4.85
"420103";Região Autónoma dos Açores;"2";Região Autónoma dos Açores;"20";Região Autónoma dos Açores;"200";Ilha de São Miguel;Lagoa;Lagoa (Nossa Senhora do Rosário);652.12;6.52
"420104";Região Autónoma dos Açores;"2";Região Autónoma dos Açores;"20";Região Autónoma dos Açores;"200";Ilha de São Miguel;Lagoa;Lagoa (Santa Cruz);1427.27;14.27
"420105";Região Autónoma dos Açores;"2";Região Autónoma dos Açores;"20";Região Autónoma dos Açores;"200";Ilha de São Miguel;Lagoa;Ribeira Chã;249.73;2.5
"420201";Região Autónoma dos Açores;"2";Região Autónoma dos Açores;"20";Região Autónoma dos Açores;"200";Ilha de São Miguel;Nordeste;Achada;1188.64;11.89
"420202";Região Autónoma dos Açores;"2";Região Autónoma dos Açores;"20";Região Autónoma dos Açores;"200";Ilha de São Miguel;Nordeste;Achadinha;1241.27;12.41
"420203";Região Autónoma dos Açores;"2";Região Autónoma dos Açores;"20";Região Autónoma dos Açores;"200";Ilha de São Miguel;Nordeste;Lomba da Fazenda;1477.03;14.77
"420204";Região Autónoma dos Açores;"2";Região Autónoma dos Açores;"20";Região Autónoma dos Açores;"200";Ilha de São Miguel;Nordeste;Nordeste;2313.41;23.13
"420206";Região Autónoma dos Açores;"2";Região Autónoma dos Açores;"20";Região Autónoma dos Açores;"200";Ilha de São Miguel;Nordeste;Salga;770.99;7.71
"420207";Região Autónoma dos Açores;"2";Região Autónoma dos Açores;"20";Região Autónoma dos Açores;"200";Ilha de São Miguel;Nordeste;Santana;611.98;6.12
"420208";Região Autónoma dos Açores;"2";Região Autónoma dos Açores;"20";Região Autónoma dos Açores;"200";Ilha de São Miguel;Nordeste;Algarvia;540.38;5.4
"420209";Região Autónoma dos Açores;"2";Região Autónoma dos Açores;"20";Região Autónoma dos Açores;"200";Ilha de São Miguel;Nordeste;Santo António de Nordestinho;937.63;9.38
"420210";Região Autónoma dos Açores;"2";Região Autónoma dos Açores;"20";Região Autónoma dos Açores;"200";Ilha de São Miguel;Nordeste;São Pedro de Nordestinho;1065.46;10.65
"420301";Região Autónoma dos Açores;"2";Região Autónoma dos Açores;"20";Região Autónoma dos Açores;"200";Ilha de São Miguel;Ponta Delgada;Arrifes;2536.52;25.37
"420303";Região Autónoma dos Açores;"2";Região Autónoma dos Açores;"20";Região Autónoma dos Açores;"200";Ilha de São Miguel;Ponta Delgada;Candelária;863.37;8.63
"420304";Região Autónoma dos Açores;"2";Região Autónoma dos Açores;"20";Região Autónoma dos Açores;"200";Ilha de São Miguel;Ponta Delgada;Capelas;1685.48;16.85
"420305";Região Autónoma dos Açores;"2";Região Autónoma dos Açores;"20";Região Autónoma dos Açores;"200";Ilha de São Miguel;Ponta Delgada;Covoada;903.35;9.03
"420306";Região Autónoma dos Açores;"2";Região Autónoma dos Açores;"20";Região Autónoma dos Açores;"200";Ilha de São Miguel;Ponta Delgada;Fajã de Baixo;406.29;4.06
"420307";Região Autónoma dos Açores;"2";Região Autónoma dos Açores;"20";Região Autónoma dos Açores;"200";Ilha de São Miguel;Ponta Delgada;Fajã de Cima;1189.31;11.89
"420308";Região Autónoma dos Açores;"2";Região Autónoma dos Açores;"20";Região Autónoma dos Açores;"200";Ilha de São Miguel;Ponta Delgada;Fenais da Luz;770.27;7.7
"420309";Região Autónoma dos Açores;"2";Região Autónoma dos Açores;"20";Região Autónoma dos Açores;"200";Ilha de São Miguel;Ponta Delgada;Feteiras;2352.93;23.53
"420310";Região Autónoma dos Açores;"2";Região Autónoma dos Açores;"20";Região Autónoma dos Açores;"200";Ilha de São Miguel;Ponta Delgada;Ginetes;1213.78;12.14
"420311";Região Autónoma dos Açores;"2";Região Autónoma dos Açores;"20";Região Autónoma dos Açores;"200";Ilha de São Miguel;Ponta Delgada;Mosteiros;895.21;8.95
"420312";Região Autónoma dos Açores;"2";Região Autónoma dos Açores;"20";Região Autónoma dos Açores;"200";Ilha de São Miguel;Ponta Delgada;Ponta Delgada (São Sebastião);333.55;3.34
"420313";Região Autónoma dos Açores;"2";Região Autónoma dos Açores;"20";Região Autónoma dos Açores;"200";Ilha de São Miguel;Ponta Delgada;Ponta Delgada (São José);165.81;1.66
"420314";Região Autónoma dos Açores;"2";Região Autónoma dos Açores;"20";Região Autónoma dos Açores;"200";Ilha de São Miguel;Ponta Delgada;Ponta Delgada (São Pedro);289.49;2.89
"420315";Região Autónoma dos Açores;"2";Região Autónoma dos Açores;"20";Região Autónoma dos Açores;"200";Ilha de São Miguel;Ponta Delgada;Relva;1206.56;12.07
"420316";Região Autónoma dos Açores;"2";Região Autónoma dos Açores;"20";Região Autónoma dos Açores;"200";Ilha de São Miguel;Ponta Delgada;Remédios;559.46;5.59
"420317";Região Autónoma dos Açores;"2";Região Autónoma dos Açores;"20";Região Autónoma dos Açores;"200";Ilha de São Miguel;Ponta Delgada;Rosto do Cão (Livramento);558.83;5.59
"420318";Região Autónoma dos Açores;"2";Região Autónoma dos Açores;"20";Região Autónoma dos Açores;"200";Ilha de São Miguel;Ponta Delgada;Rosto do Cão (São Roque);721.1;7.21
"420319";Região Autónoma dos Açores;"2";Região Autónoma dos Açores;"20";Região Autónoma dos Açores;"200";Ilha de São Miguel;Ponta Delgada;Santa Bárbara;871.96;8.72
"420320";Região Autónoma dos Açores;"2";Região Autónoma dos Açores;"20";Região Autónoma dos Açores;"200";Ilha de São Miguel;Ponta Delgada;Santo António;1174.6;11.75
"420321";Região Autónoma dos Açores;"2";Região Autónoma dos Açores;"20";Região Autónoma dos Açores;"200";Ilha de São Miguel;Ponta Delgada;São Vicente Ferreira;1140.65;11.41
"420322";Região Autónoma dos Açores;"2";Região Autónoma dos Açores;"20";Região Autónoma dos Açores;"200";Ilha de São Miguel;Ponta Delgada;Sete Cidades;1919.47;19.19
"420323";Região Autónoma dos Açores;"2";Região Autónoma dos Açores;"20";Região Autónoma dos Açores;"200";Ilha de São Miguel;Ponta Delgada;Ajuda da Bretanha;709.25;7.09
"420324";Região Autónoma dos Açores;"2";Região Autónoma dos Açores;"20";Região Autónoma dos Açores;"200";Ilha de São Miguel;Ponta Delgada;Pilar da Bretanha;607.23;6.07
"420325";Região Autónoma dos Açores;"2";Região Autónoma dos Açores;"20";Região Autónoma dos Açores;"200";Ilha de São Miguel;Ponta Delgada;Santa Clara;224.17;2.24
"420401";Região Autónoma dos Açores;"2";Região Autónoma dos Açores;"20";Região Autónoma dos Açores;"200";Ilha de São Miguel;Povoação;Água Retorta;1255.16;12.55
"420402";Região Autónoma dos Açores;"2";Região Autónoma dos Açores;"20";Região Autónoma dos Açores;"200";Ilha de São Miguel;Povoação;Faial da Terra;1138.33;11.38
"420403";Região Autónoma dos Açores;"2";Região Autónoma dos Açores;"20";Região Autónoma dos Açores;"200";Ilha de São Miguel;Povoação;Furnas;3442.91;34.43
"420404";Região Autónoma dos Açores;"2";Região Autónoma dos Açores;"20";Região Autónoma dos Açores;"200";Ilha de São Miguel;Povoação;Nossa Senhora dos Remédios;1277.54;12.78
"420405";Região Autónoma dos Açores;"2";Região Autónoma dos Açores;"20";Região Autónoma dos Açores;"200";Ilha de São Miguel;Povoação;Povoação;2623.07;26.23
"420406";Região Autónoma dos Açores;"2";Região Autónoma dos Açores;"20";Região Autónoma dos Açores;"200";Ilha de São Miguel;Povoação;Ribeira Quente;903.75;9.04
"420501";Região Autónoma dos Açores;"2";Região Autónoma dos Açores;"20";Região Autónoma dos Açores;"200";Ilha de São Miguel;Ribeira Grande;Calhetas;469.79;4.7
"420502";Região Autónoma dos Açores;"2";Região Autónoma dos Açores;"20";Região Autónoma dos Açores;"200";Ilha de São Miguel;Ribeira Grande;Fenais da Ajuda;1336.12;13.36
"420503";Região Autónoma dos Açores;"2";Região Autónoma dos Açores;"20";Região Autónoma dos Açores;"200";Ilha de São Miguel;Ribeira Grande;Lomba da Maia;2046.85;20.47
"420504";Região Autónoma dos Açores;"2";Região Autónoma dos Açores;"20";Região Autónoma dos Açores;"200";Ilha de São Miguel;Ribeira Grande;Lomba de São Pedro;825.09;8.25
"420505";Região Autónoma dos Açores;"2";Região Autónoma dos Açores;"20";Região Autónoma dos Açores;"200";Ilha de São Miguel;Ribeira Grande;Maia;2197.47;21.97
"420506";Região Autónoma dos Açores;"2";Região Autónoma dos Açores;"20";Região Autónoma dos Açores;"200";Ilha de São Miguel;Ribeira Grande;Pico da Pedra;657.53;6.58
"420507";Região Autónoma dos Açores;"2";Região Autónoma dos Açores;"20";Região Autónoma dos Açores;"200";Ilha de São Miguel;Ribeira Grande;Porto Formoso;1279.49;12.79
"420508";Região Autónoma dos Açores;"2";Região Autónoma dos Açores;"20";Região Autónoma dos Açores;"200";Ilha de São Miguel;Ribeira Grande;Rabo de Peixe;1696.05;16.96
"420509";Região Autónoma dos Açores;"2";Região Autónoma dos Açores;"20";Região Autónoma dos Açores;"200";Ilha de São Miguel;Ribeira Grande;Ribeira Grande (Conceição);1272.99;12.73
"420510";Região Autónoma dos Açores;"2";Região Autónoma dos Açores;"20";Região Autónoma dos Açores;"200";Ilha de São Miguel;Ribeira Grande;Ribeira Grande (Matriz);1084.39;10.84
"420511";Região Autónoma dos Açores;"2";Região Autónoma dos Açores;"20";Região Autónoma dos Açores;"200";Ilha de São Miguel;Ribeira Grande;Ribeira Seca;1259.27;12.59
"420512";Região Autónoma dos Açores;"2";Região Autónoma dos Açores;"20";Região Autónoma dos Açores;"200";Ilha de São Miguel;Ribeira Grande;Ribeirinha;1798.24;17.98
"420513";Região Autónoma dos Açores;"2";Região Autónoma dos Açores;"20";Região Autónoma dos Açores;"200";Ilha de São Miguel;Ribeira Grande;Santa Bárbara;1283.57;12.84
"420514";Região Autónoma dos Açores;"2";Região Autónoma dos Açores;"20";Região Autónoma dos Açores;"200";Ilha de São Miguel;Ribeira Grande;São Brás;808.29;8.08
"420601";Região Autónoma dos Açores;"2";Região Autónoma dos Açores;"20";Região Autónoma dos Açores;"200";Ilha de São Miguel;Vila Franca do Campo;Água de Alto;1841.4;18.41
"420602";Região Autónoma dos Açores;"2";Região Autónoma dos Açores;"20";Região Autónoma dos Açores;"200";Ilha de São Miguel;Vila Franca do Campo;Ponta Garça;2935.43;29.35
"420603";Região Autónoma dos Açores;"2";Região Autónoma dos Açores;"20";Região Autónoma dos Açores;"200";Ilha de São Miguel;Vila Franca do Campo;Ribeira das Tainhas;959.19;9.59
"420604";Região Autónoma dos Açores;"2";Região Autónoma dos Açores;"20";Região Autónoma dos Açores;"200";Ilha de São Miguel;Vila Franca do Campo;Vila Franca do Campo (São Miguel);1259.68;12.6
"420605";Região Autónoma dos Açores;"2";Região Autónoma dos Açores;"20";Região Autónoma dos Açores;"200";Ilha de São Miguel;Vila Franca do Campo;Vila Franca do Campo (São Pedro);248.49;2.48
"420606";Região Autónoma dos Açores;"2";Região Autónoma dos Açores;"20";Região Autónoma dos Açores;"200";Ilha de São Miguel;Vila Franca do Campo;Ribeira Seca;552.63;5.53
"430101";Região Autónoma dos Açores;"2";Região Autónoma dos Açores;"20";Região Autónoma dos Açores;"200";Ilha Terceira;Angra do Heroísmo;Altares;2822.02;28.22
"430102";Região Autónoma dos Açores;"2";Região Autónoma dos Açores;"20";Região Autónoma dos Açores;"200";Ilha Terceira;Angra do Heroísmo;Angra (Nossa Senhora da Conceição);244.07;2.44
"430103";Região Autónoma dos Açores;"2";Região Autónoma dos Açores;"20";Região Autónoma dos Açores;"200";Ilha Terceira;Angra do Heroísmo;Angra (Santa Luzia);125.97;1.26
"430104";Região Autónoma dos Açores;"2";Região Autónoma dos Açores;"20";Região Autónoma dos Açores;"200";Ilha Terceira;Angra do Heroísmo;Angra (São Pedro);365.69;3.66
"430105";Região Autónoma dos Açores;"2";Região Autónoma dos Açores;"20";Região Autónoma dos Açores;"200";Ilha Terceira;Angra do Heroísmo;Angra (Sé);165.01;1.65
"430106";Região Autónoma dos Açores;"2";Região Autónoma dos Açores;"20";Região Autónoma dos Açores;"200";Ilha Terceira;Angra do Heroísmo;Cinco Ribeiras;1079.78;10.8
"430107";Região Autónoma dos Açores;"2";Região Autónoma dos Açores;"20";Região Autónoma dos Açores;"200";Ilha Terceira;Angra do Heroísmo;Doze Ribeiras;1041.21;10.41
"430108";Região Autónoma dos Açores;"2";Região Autónoma dos Açores;"20";Região Autónoma dos Açores;"200";Ilha Terceira;Angra do Heroísmo;Feteira;524.81;5.25
"430109";Região Autónoma dos Açores;"2";Região Autónoma dos Açores;"20";Região Autónoma dos Açores;"200";Ilha Terceira;Angra do Heroísmo;Porto Judeu;3026.62;30.27
"430110";Região Autónoma dos Açores;"2";Região Autónoma dos Açores;"20";Região Autónoma dos Açores;"200";Ilha Terceira;Angra do Heroísmo;Posto Santo;2037.36;20.37
"430111";Região Autónoma dos Açores;"2";Região Autónoma dos Açores;"20";Região Autónoma dos Açores;"200";Ilha Terceira;Angra do Heroísmo;Raminho;1106.61;11.07
"430112";Região Autónoma dos Açores;"2";Região Autónoma dos Açores;"20";Região Autónoma dos Açores;"200";Ilha Terceira;Angra do Heroísmo;Ribeirinha;752.94;7.53
"430113";Região Autónoma dos Açores;"2";Região Autónoma dos Açores;"20";Região Autónoma dos Açores;"200";Ilha Terceira;Angra do Heroísmo;Santa Bárbara;1639.95;16.4
"430114";Região Autónoma dos Açores;"2";Região Autónoma dos Açores;"20";Região Autónoma dos Açores;"200";Ilha Terceira;Angra do Heroísmo;São Bartolomeu de Regatos;2499.55;25
"430115";Região Autónoma dos Açores;"2";Região Autónoma dos Açores;"20";Região Autónoma dos Açores;"200";Ilha Terceira;Angra do Heroísmo;São Bento;1033.9;10.34
"430116";Região Autónoma dos Açores;"2";Região Autónoma dos Açores;"20";Região Autónoma dos Açores;"200";Ilha Terceira;Angra do Heroísmo;São Mateus da Calheta;598.07;5.98
"430117";Região Autónoma dos Açores;"2";Região Autónoma dos Açores;"20";Região Autónoma dos Açores;"200";Ilha Terceira;Angra do Heroísmo;Serreta;1435.61;14.36
"430118";Região Autónoma dos Açores;"2";Região Autónoma dos Açores;"20";Região Autónoma dos Açores;"200";Ilha Terceira;Angra do Heroísmo;Terra Chã;1007.08;10.07
"430119";Região Autónoma dos Açores;"2";Região Autónoma dos Açores;"20";Região Autónoma dos Açores;"200";Ilha Terceira;Angra do Heroísmo;Vila de São Sebastião;2393.41;23.93
"430201";Região Autónoma dos Açores;"2";Região Autónoma dos Açores;"20";Região Autónoma dos Açores;"200";Ilha Terceira;Praia da Vitória;Agualva;3875.43;38.75
"430202";Região Autónoma dos Açores;"2";Região Autónoma dos Açores;"20";Região Autónoma dos Açores;"200";Ilha Terceira;Praia da Vitória;Biscoitos;2705.37;27.05
"430203";Região Autónoma dos Açores;"2";Região Autónoma dos Açores;"20";Região Autónoma dos Açores;"200";Ilha Terceira;Praia da Vitória;Cabo da Praia;318.21;3.18
"430204";Região Autónoma dos Açores;"2";Região Autónoma dos Açores;"20";Região Autónoma dos Açores;"200";Ilha Terceira;Praia da Vitória;Fonte do Bastardo;885.43;8.85
"430205";Região Autónoma dos Açores;"2";Região Autónoma dos Açores;"20";Região Autónoma dos Açores;"200";Ilha Terceira;Praia da Vitória;Fontinhas;1214.42;12.14
"430206";Região Autónoma dos Açores;"2";Região Autónoma dos Açores;"20";Região Autónoma dos Açores;"200";Ilha Terceira;Praia da Vitória;Lajes;1211.37;12.11
"430207";Região Autónoma dos Açores;"2";Região Autónoma dos Açores;"20";Região Autónoma dos Açores;"200";Ilha Terceira;Praia da Vitória;Praia da Vitória (Santa Cruz);3008.92;30.09
"430208";Região Autónoma dos Açores;"2";Região Autónoma dos Açores;"20";Região Autónoma dos Açores;"200";Ilha Terceira;Praia da Vitória;Quatro Ribeiras;1283.23;12.83
"430209";Região Autónoma dos Açores;"2";Região Autónoma dos Açores;"20";Região Autónoma dos Açores;"200";Ilha Terceira;Praia da Vitória;São Brás;467.8;4.68
"430210";Região Autónoma dos Açores;"2";Região Autónoma dos Açores;"20";Região Autónoma dos Açores;"200";Ilha Terceira;Praia da Vitória;Vila Nova;813.67;8.14
"430211";Região Autónoma dos Açores;"2";Região Autónoma dos Açores;"20";Região Autónoma dos Açores;"200";Ilha Terceira;Praia da Vitória;Porto Martins;343.21;3.43
"440101";Região Autónoma dos Açores;"2";Região Autónoma dos Açores;"20";Região Autónoma dos Açores;"200";Ilha da Graciosa;Santa Cruz da Graciosa;Guadalupe;2061.51;20.62
"440102";Região Autónoma dos Açores;"2";Região Autónoma dos Açores;"20";Região Autónoma dos Açores;"200";Ilha da Graciosa;Santa Cruz da Graciosa;Luz;1170.28;11.7
"440103";Região Autónoma dos Açores;"2";Região Autónoma dos Açores;"20";Região Autónoma dos Açores;"200";Ilha da Graciosa;Santa Cruz da Graciosa;São Mateus;1282.35;12.82
"440104";Região Autónoma dos Açores;"2";Região Autónoma dos Açores;"20";Região Autónoma dos Açores;"200";Ilha da Graciosa;Santa Cruz da Graciosa;Santa Cruz da Graciosa;1551.64;15.52
"450101";Região Autónoma dos Açores;"2";Região Autónoma dos Açores;"20";Região Autónoma dos Açores;"200";Ilha de São Jorge;Calheta de São Jorge;Calheta;1881.14;18.81
"450102";Região Autónoma dos Açores;"2";Região Autónoma dos Açores;"20";Região Autónoma dos Açores;"200";Ilha de São Jorge;Calheta de São Jorge;Norte Pequeno;1210.59;12.11
"450103";Região Autónoma dos Açores;"2";Região Autónoma dos Açores;"20";Região Autónoma dos Açores;"200";Ilha de São Jorge;Calheta de São Jorge;Ribeira Seca;5376.9;53.77
"450104";Região Autónoma dos Açores;"2";Região Autónoma dos Açores;"20";Região Autónoma dos Açores;"200";Ilha de São Jorge;Calheta de São Jorge;Santo Antão;3234.06;32.34
"450105";Região Autónoma dos Açores;"2";Região Autónoma dos Açores;"20";Região Autónoma dos Açores;"200";Ilha de São Jorge;Calheta de São Jorge;Topo (Nossa Senhora do Rosário);923.7;9.24
"450201";Região Autónoma dos Açores;"2";Região Autónoma dos Açores;"20";Região Autónoma dos Açores;"200";Ilha de São Jorge;Velas;Manadas (Santa Bárbara);1120.23;11.2
"450202";Região Autónoma dos Açores;"2";Região Autónoma dos Açores;"20";Região Autónoma dos Açores;"200";Ilha de São Jorge;Velas;Norte Grande (Neves);3184.92;31.85
"450203";Região Autónoma dos Açores;"2";Região Autónoma dos Açores;"20";Região Autónoma dos Açores;"200";Ilha de São Jorge;Velas;Rosais;2422.62;24.23
"450204";Região Autónoma dos Açores;"2";Região Autónoma dos Açores;"20";Região Autónoma dos Açores;"200";Ilha de São Jorge;Velas;Santo Amaro;2252.64;22.53
"450205";Região Autónoma dos Açores;"2";Região Autónoma dos Açores;"20";Região Autónoma dos Açores;"200";Ilha de São Jorge;Velas;Urzelina (São Mateus);1368.84;13.69
"450206";Região Autónoma dos Açores;"2";Região Autónoma dos Açores;"20";Região Autónoma dos Açores;"200";Ilha de São Jorge;Velas;Velas (São Jorge);1389.12;13.89
"460101";Região Autónoma dos Açores;"2";Região Autónoma dos Açores;"20";Região Autónoma dos Açores;"200";Ilha do Pico;Lajes do Pico;Calheta de Nesquim;1380.98;13.81
"460102";Região Autónoma dos Açores;"2";Região Autónoma dos Açores;"20";Região Autónoma dos Açores;"200";Ilha do Pico;Lajes do Pico;Lajes do Pico;5309.1;53.09
"460103";Região Autónoma dos Açores;"2";Região Autónoma dos Açores;"20";Região Autónoma dos Açores;"200";Ilha do Pico;Lajes do Pico;Piedade;1281.39;12.81
"460104";Região Autónoma dos Açores;"2";Região Autónoma dos Açores;"20";Região Autónoma dos Açores;"200";Ilha do Pico;Lajes do Pico;Ribeiras;3416.7;34.17
"460105";Região Autónoma dos Açores;"2";Região Autónoma dos Açores;"20";Região Autónoma dos Açores;"200";Ilha do Pico;Lajes do Pico;Ribeirinha;849.31;8.49
"460106";Região Autónoma dos Açores;"2";Região Autónoma dos Açores;"20";Região Autónoma dos Açores;"200";Ilha do Pico;Lajes do Pico;São João;3293.6;32.94
"460201";Região Autónoma dos Açores;"2";Região Autónoma dos Açores;"20";Região Autónoma dos Açores;"200";Ilha do Pico;Madalena;Bandeiras;2221.02;22.21
"460202";Região Autónoma dos Açores;"2";Região Autónoma dos Açores;"20";Região Autónoma dos Açores;"200";Ilha do Pico;Madalena;Candelária;2970.46;29.7
"460203";Região Autónoma dos Açores;"2";Região Autónoma dos Açores;"20";Região Autónoma dos Açores;"200";Ilha do Pico;Madalena;Criação Velha;1836.13;18.36
"460204";Região Autónoma dos Açores;"2";Região Autónoma dos Açores;"20";Região Autónoma dos Açores;"200";Ilha do Pico;Madalena;Madalena;3559.05;35.59
"460205";Região Autónoma dos Açores;"2";Região Autónoma dos Açores;"20";Região Autónoma dos Açores;"200";Ilha do Pico;Madalena;São Caetano;2388.38;23.88
"460206";Região Autónoma dos Açores;"2";Região Autónoma dos Açores;"20";Região Autónoma dos Açores;"200";Ilha do Pico;Madalena;São Mateus;1737.3;17.37
"460301";Região Autónoma dos Açores;"2";Região Autónoma dos Açores;"20";Região Autónoma dos Açores;"200";Ilha do Pico;São Roque do Pico;Prainha;2610.44;26.1
"460302";Região Autónoma dos Açores;"2";Região Autónoma dos Açores;"20";Região Autónoma dos Açores;"200";Ilha do Pico;São Roque do Pico;Santa Luzia;3012.51;30.13
"460303";Região Autónoma dos Açores;"2";Região Autónoma dos Açores;"20";Região Autónoma dos Açores;"200";Ilha do Pico;São Roque do Pico;Santo Amaro;1186.46;11.86
"460304";Região Autónoma dos Açores;"2";Região Autónoma dos Açores;"20";Região Autónoma dos Açores;"200";Ilha do Pico;São Roque do Pico;Santo António;3203.5;32.04
"460305";Região Autónoma dos Açores;"2";Região Autónoma dos Açores;"20";Região Autónoma dos Açores;"200";Ilha do Pico;São Roque do Pico;São Roque do Pico;4223.19;42.23
"470101";Região Autónoma dos Açores;"2";Região Autónoma dos Açores;"20";Região Autónoma dos Açores;"200";Ilha do Faial;Horta;Capelo;2664.24;26.64
"470102";Região Autónoma dos Açores;"2";Região Autónoma dos Açores;"20";Região Autónoma dos Açores;"200";Ilha do Faial;Horta;Castelo Branco;2391.47;23.91
"470103";Região Autónoma dos Açores;"2";Região Autónoma dos Açores;"20";Região Autónoma dos Açores;"200";Ilha do Faial;Horta;Cedros;2453.79;24.54
"470104";Região Autónoma dos Açores;"2";Região Autónoma dos Açores;"20";Região Autónoma dos Açores;"200";Ilha do Faial;Horta;Feteira;1445.63;14.46
"470105";Região Autónoma dos Açores;"2";Região Autónoma dos Açores;"20";Região Autónoma dos Açores;"200";Ilha do Faial;Horta;Flamengos;1462.09;14.62
"470106";Região Autónoma dos Açores;"2";Região Autónoma dos Açores;"20";Região Autónoma dos Açores;"200";Ilha do Faial;Horta;Horta (Angústias);378.85;3.79
"470107";Região Autónoma dos Açores;"2";Região Autónoma dos Açores;"20";Região Autónoma dos Açores;"200";Ilha do Faial;Horta;Horta (Conceição);308.45;3.08
"470108";Região Autónoma dos Açores;"2";Região Autónoma dos Açores;"20";Região Autónoma dos Açores;"200";Ilha do Faial;Horta;Horta (Matriz);180.85;1.81
"470109";Região Autónoma dos Açores;"2";Região Autónoma dos Açores;"20";Região Autónoma dos Açores;"200";Ilha do Faial;Horta;Pedro Miguel;1447.93;14.48
"470110";Região Autónoma dos Açores;"2";Região Autónoma dos Açores;"20";Região Autónoma dos Açores;"200";Ilha do Faial;Horta;Praia do Almoxarife;920.36;9.2
"470111";Região Autónoma dos Açores;"2";Região Autónoma dos Açores;"20";Região Autónoma dos Açores;"200";Ilha do Faial;Horta;Praia do Norte;1385.39;13.85
"470112";Região Autónoma dos Açores;"2";Região Autónoma dos Açores;"20";Região Autónoma dos Açores;"200";Ilha do Faial;Horta;Ribeirinha;1226.01;12.26
"470113";Região Autónoma dos Açores;"2";Região Autónoma dos Açores;"20";Região Autónoma dos Açores;"200";Ilha do Faial;Horta;Salão;1040.47;10.4
"480101";Região Autónoma dos Açores;"2";Região Autónoma dos Açores;"20";Região Autónoma dos Açores;"200";Ilha das Flores;Lajes das Flores;Fajã Grande;1296.84;12.97
"480102";Região Autónoma dos Açores;"2";Região Autónoma dos Açores;"20";Região Autónoma dos Açores;"200";Ilha das Flores;Lajes das Flores;Fajãzinha;615.56;6.16
"480103";Região Autónoma dos Açores;"2";Região Autónoma dos Açores;"20";Região Autónoma dos Açores;"200";Ilha das Flores;Lajes das Flores;Fazenda;947.36;9.47
"480104";Região Autónoma dos Açores;"2";Região Autónoma dos Açores;"20";Região Autónoma dos Açores;"200";Ilha das Flores;Lajes das Flores;Lajedo;679.08;6.79
"480105";Região Autónoma dos Açores;"2";Região Autónoma dos Açores;"20";Região Autónoma dos Açores;"200";Ilha das Flores;Lajes das Flores;Lajes das Flores;1879.13;18.79
"480106";Região Autónoma dos Açores;"2";Região Autónoma dos Açores;"20";Região Autónoma dos Açores;"200";Ilha das Flores;Lajes das Flores;Lomba;987.43;9.87
"480107";Região Autónoma dos Açores;"2";Região Autónoma dos Açores;"20";Região Autónoma dos Açores;"200";Ilha das Flores;Lajes das Flores;Mosteiro;599.39;5.99
"480201";Região Autónoma dos Açores;"2";Região Autónoma dos Açores;"20";Região Autónoma dos Açores;"200";Ilha das Flores;Santa Cruz das Flores;Caveira;328.48;3.28
"480202";Região Autónoma dos Açores;"2";Região Autónoma dos Açores;"20";Região Autónoma dos Açores;"200";Ilha das Flores;Santa Cruz das Flores;Cedros;1029.82;10.3
"480203";Região Autónoma dos Açores;"2";Região Autónoma dos Açores;"20";Região Autónoma dos Açores;"200";Ilha das Flores;Santa Cruz das Flores;Ponta Delgada;1765.18;17.65
"480204";Região Autónoma dos Açores;"2";Região Autónoma dos Açores;"20";Região Autónoma dos Açores;"200";Ilha das Flores;Santa Cruz das Flores;Santa Cruz das Flores;3967.96;39.68
"490101";Região Autónoma dos Açores;"2";Região Autónoma dos Açores;"20";Região Autónoma dos Açores;"200";Ilha do Corvo;Corvo;Corvo;1711.45;17.11
