Data;Ano;Mês;Distrito;Concelho;Tipo ACC/CER;Contagem Tipo ACC/CER;Código Distrito;Código Concelho;Código Freguesia
2026-08;2026;08;Braga;Cabeceiras de Basto;ACC;1;03;0304;030401
2026-08;2026;08;Porto;Penafiel;ACC;2;13;1311;131101
2026-08;2026;08;Porto;Santo Tirso;ACC;1;13;1314;131402
2026-08;2026;08;Viseu;Viseu;ACC;1;18;1823;182301
2026-08;2026;08;Lisboa;Torres Vedras;ACC;2;11;1113;111327
2026-08;2026;08;Lisboa;Amadora;ACC;1;11;1115;111513
2026-08;2026;08;Lisboa;Cascais;ACC;10;11;1105;110501
2026-08;2026;08;Aveiro;Águeda;ACC;1;01;0101;010112
2026-08;2026;08;Faro;Albufeira;ACC;3;08;0801;080106
2026-08;2026;08;Castelo Branco;Castelo Branco;ACC;2;05;0502;050201
2026-08;2026;08;Braga;Cabeceiras de Basto;ACC;1;03;0304;030413
2026-08;2026;08;Braga;Braga;ACC;1;03;0303;030325
2026-08;2026;08;Braga;Barcelos;ACC;1;03;0302;030208
2026-08;2026;08;Braga;Barcelos;ACC;1;03;0302;030212
2026-08;2026;08;Braga;Barcelos;ACC;1;03;0302;030213
2026-08;2026;08;Braga;Barcelos;ACC;1;03;0302;030220
2026-08;2026;08;Braga;Barcelos;ACC;1;03;0302;030237
2026-08;2026;08;Porto;Penafiel;ACC;1;13;1311;131103
2026-08;2026;08;Porto;Penafiel;ACC;2;13;1311;131104
2026-08;2026;08;Porto;Penafiel;ACC;1;13;1311;131109
2026-08;2026;08;Porto;Penafiel;ACC;1;13;1311;131115
2026-08;2026;08;Porto;Penafiel;ACC;2;13;1311;131121
2026-08;2026;08;Porto;Penafiel;ACC;1;13;1311;131122
2026-08;2026;08;Porto;Penafiel;ACC;2;13;1311;131125
2026-08;2026;08;Porto;Santo Tirso;ACC;2;13;1314;131405
2026-08;2026;08;Porto;Maia;ACC;6;13;1306;130619
2026-08;2026;08;Porto;Maia;ACC;6;13;1306;130608
2026-08;2026;08;Porto;Maia;CER;1;13;1306;130617
2026-08;2026;08;Aveiro;Águeda;ACC;1;01;0101;010131
2026-08;2026;08;Santarém;Ferreira do Zêzere;ACC;1;14;1411;141107
2026-08;2026;08;Leiria;Pombal;ACC;1;10;1015;101505
2026-08;2026;08;Leiria;Pombal;ACC;2;10;1015;101508
2026-08;2026;08;Faro;Albufeira;ACC;1;08;0801;080102
2026-08;2026;08;Castelo Branco;Castelo Branco;ACC;7;05;0502;050205
2026-08;2026;08;Castelo Branco;Castelo Branco;ACC;2;05;0502;050233
2026-08;2026;08;Castelo Branco;Castelo Branco;ACC;1;05;0502;050211
2026-08;2026;08;Braga;Guimarães;ACC;3;03;0308;030807
2026-08;2026;08;Braga;Guimarães;ACC;1;03;0308;030895
2026-08;2026;08;Braga;Esposende;ACC;1;03;0306;030625
2026-08;2026;08;Braga;Esposende;ACC;1;03;0306;030608
2026-08;2026;08;Braga;Esposende;ACC;5;03;0306;030626
2026-08;2026;08;Braga;Fafe;ACC;1;03;0307;030730
2026-08;2026;08;Braga;Fafe;ACC;1;03;0307;030712
2026-08;2026;08;Braga;Vila Nova de Famalicão;ACC;2;03;0312;031213
2026-08;2026;08;Braga;Vila Nova de Famalicão;ACC;1;03;0312;031264
2026-08;2026;08;Braga;Vila Nova de Famalicão;ACC;1;03;0312;031216
2026-08;2026;08;Braga;Vila Nova de Famalicão;ACC;1;03;0312;031219
2026-08;2026;08;Braga;Terras de Bouro;ACC;1;03;0310;031003
2026-08;2026;08;Porto;Valongo;ACC;8;13;1315;131501
2026-08;2026;08;Porto;Valongo;ACC;3;13;1315;131507
2026-08;2026;08;Porto;Valongo;CER;1;13;1315;131507
2026-08;2026;08;Porto;Valongo;CER;1;13;1315;131503
2026-08;2026;08;Porto;Marco de Canaveses;ACC;1;13;1307;130732
2026-08;2026;08;Porto;Póvoa de Varzim;ACC;1;13;1313;131318
2026-08;2026;08;Porto;Póvoa de Varzim;ACC;1;13;1313;131307
2026-08;2026;08;Porto;Póvoa de Varzim;ACC;2;13;1313;131308
2026-08;2026;08;Porto;Póvoa de Varzim;ACC;1;13;1313;131321
2026-08;2026;08;Porto;Vila Nova de Gaia;ACC;5;13;1317;131733
2026-08;2026;08;Porto;Vila Nova de Gaia;ACC;7;13;1317;131738
2026-08;2026;08;Porto;Vila do Conde;ACC;3;13;1316;131613
2026-08;2026;08;Porto;Paredes;ACC;7;13;1310;131025
2026-08;2026;08;Porto;Gondomar;CER;1;13;1304;130412
2026-08;2026;08;Porto;Porto;ACC;3;13;1312;131210
2026-08;2026;08;Porto;Lousada;ACC;2;13;1305;130504
2026-08;2026;08;Porto;Paços de Ferreira;ACC;8;13;1309;130902
2026-08;2026;08;Porto;Paços de Ferreira;ACC;2;13;1309;130921
2026-08;2026;08;Porto;Paços de Ferreira;ACC;3;13;1309;130908
2026-08;2026;08;Porto;Matosinhos;ACC;4;13;1308;130815
2026-08;2026;08;Porto;Matosinhos;ACC;1;13;1308;130818
2026-08;2026;08;Viseu;Moimenta da Beira;ACC;1;18;1807;180710
2026-08;2026;08;Viseu;Armamar;ACC;1;18;1801;180120
2026-08;2026;08;Viseu;São Pedro do Sul;ACC;1;18;1816;181602
2026-08;2026;08;Viseu;Nelas;ACC;1;18;1809;180901
2026-08;2026;08;Viseu;Tondela;ACC;1;18;1821;182108
2026-08;2026;08;Viseu;Penalva do Castelo;ACC;2;18;1811;181105
2026-08;2026;08;Viseu;Cinfães;ACC;1;18;1804;180410
2026-08;2026;08;Lisboa;Lisboa;ACC;2;11;1106;110602
2026-08;2026;08;Lisboa;Lisboa;ACC;3;11;1106;110611
2026-08;2026;08;Lisboa;Lisboa;ACC;2;11;1106;110633
2026-08;2026;08;Lisboa;Lisboa;ACC;3;11;1106;110662
2026-08;2026;08;Lisboa;Sintra;ACC;9;11;1111;111102
2026-08;2026;08;Aveiro;Anadia;ACC;1;01;0103;010305
2026-08;2026;08;Lisboa;Sintra;ACC;1;11;1111;111129
2026-08;2026;08;Lisboa;Sintra;ACC;1;11;1111;111131
2026-08;2026;08;Lisboa;Sintra;ACC;2;11;1111;111132
2026-08;2026;08;Lisboa;Lourinhã;ACC;1;11;1108;110816
2026-08;2026;08;Lisboa;Oeiras;ACC;5;11;1110;111002
2026-08;2026;08;Lisboa;Loures;ACC;2;11;1107;110702
2026-08;2026;08;Lisboa;Loures;ACC;6;11;1107;110707
2026-08;2026;08;Lisboa;Mafra;ACC;2;11;1109;110904
2026-08;2026;08;Aveiro;Aveiro;ACC;1;01;0105;010501
2026-08;2026;08;Aveiro;Aveiro;ACC;1;01;0105;010515
2026-08;2026;08;Aveiro;Aveiro;ACC;2;01;0105;010508
2026-08;2026;08;Aveiro;Santa Maria da Feira;ACC;6;01;0109;010901
2026-08;2026;08;Aveiro;Santa Maria da Feira;ACC;1;01;0109;010904
2026-08;2026;08;Aveiro;Santa Maria da Feira;ACC;1;01;0109;010907
2026-08;2026;08;Aveiro;Santa Maria da Feira;ACC;4;01;0109;010919
2026-08;2026;08;Aveiro;Vagos;ACC;1;01;0118;011801
2026-08;2026;08;Aveiro;Oliveira de Azeméis;ACC;2;01;0113;011302
2026-08;2026;08;Aveiro;Oliveira de Azeméis;ACC;2;01;0113;011303
2026-08;2026;08;Aveiro;Ovar;ACC;1;01;0115;011503
2026-08;2026;08;Aveiro;Ílhavo;ACC;1;01;0110;011006
2026-08;2026;08;Aveiro;Mealhada;ACC;2;01;0111;011111
2026-08;2026;08;Aveiro;Oliveira do Bairro;ACC;5;01;0114;011403
2026-08;2026;08;Santarém;Santarém;ACC;4;14;1416;141604
2026-08;2026;08;Santarém;Alpiarça;ACC;2;14;1404;140401
2026-08;2026;08;Santarém;Tomar;ACC;1;14;1418;141802
2026-08;2026;08;Santarém;Ourém;ACC;6;14;1421;142106
2026-08;2026;08;Santarém;Golegã;ACC;1;14;1412;141201
2026-08;2026;08;Santarém;Golegã;ACC;1;14;1412;141202
2026-08;2026;08;Santarém;Alcanena;ACC;1;14;1402;140207
2026-08;2026;08;Santarém;Mação;ACC;1;14;1413;141303
2026-08;2026;08;Santarém;Coruche;ACC;2;14;1409;140902
2026-08;2026;08;Santarém;Salvaterra de Magos;ACC;1;14;1415;141503
2026-08;2026;08;Santarém;Constância;ACC;1;14;1408;140802
2026-08;2026;08;Santarém;Entroncamento;ACC;2;14;1410;141002
2026-08;2026;08;Leiria;Alcobaça;ACC;1;10;1001;100104
2026-08;2026;08;Leiria;Alcobaça;ACC;2;10;1001;100105
2026-08;2026;08;Leiria;Caldas da Rainha;ACC;1;10;1006;100606
2026-08;2026;08;Leiria;Leiria;ACC;3;10;1009;100907
2026-08;2026;08;Leiria;Leiria;ACC;1;10;1009;100943
2026-08;2026;08;Leiria;Peniche;ACC;1;10;1014;101407
2026-08;2026;08;Leiria;Batalha;ACC;3;10;1004;100401
2026-08;2026;08;Leiria;Batalha;ACC;3;10;1004;100404
2026-08;2026;08;Leiria;Óbidos;ACC;3;10;1012;101208
2026-08;2026;08;Faro;Silves;ACC;1;08;0813;081312
2026-08;2026;08;Faro;Aljezur;ACC;1;08;0803;080302
2026-08;2026;08;Faro;Loulé;ACC;5;08;0808;080808
2026-08;2026;08;Faro;Portimão;ACC;1;08;0811;081101
2026-08;2026;08;Faro;Faro;ACC;1;08;0805;080506
2026-08;2026;08;Faro;Olhão;ACC;3;08;0810;081008
2026-08;2026;08;Faro;Olhão;ACC;2;08;0810;081003
2026-08;2026;08;Faro;Vila Real de Santo António;ACC;1;08;0816;081603
2026-08;2026;08;Setúbal;Seixal;ACC;10;15;1510;151002
2026-08;2026;08;Setúbal;Seixal;ACC;9;15;1510;151008
2026-08;2026;08;Setúbal;Seixal;ACC;19;15;1510;151005
2026-08;2026;08;Setúbal;Almada;ACC;1;15;1503;150303
2026-08;2026;08;Évora;Estremoz;ACC;1;07;0704;070401
2026-08;2026;08;Évora;Borba;ACC;1;07;0703;070301
2026-08;2026;08;Évora;Évora;ACC;1;07;0705;070502
2026-08;2026;08;Évora;Reguengos de Monsaraz;ACC;2;07;0711;071102
2026-08;2026;08;Guarda;Guarda;ACC;1;09;0907;090703
2026-08;2026;08;Guarda;Guarda;ACC;2;09;0907;090758
2026-08;2026;08;Guarda;Fornos de Algodres;ACC;1;09;0905;090504
2026-08;2026;08;Guarda;Pinhel;ACC;1;09;0910;091010
2026-08;2026;08;Beja;Aljustrel;ACC;1;02;0201;020107
2026-08;2026;08;Beja;Beja;ACC;1;02;0205;020502
2026-08;2026;08;Beja;Ourique;ACC;1;02;0212;021203
2026-08;2026;08;Portalegre;Nisa;ACC;3;12;1212;121201
2026-08;2026;08;Portalegre;Alter do Chão;ACC;1;12;1201;120101
2026-08;2026;08;Portalegre;Arronches;ACC;1;12;1202;120201
2026-08;2026;08;Portalegre;Fronteira;ACC;1;12;1208;120801
2026-08;2026;08;Portalegre;Sousel;ACC;1;12;1215;121501
2026-08;2026;08;Portalegre;Ponte de Sor;ACC;2;12;1213;121305
2026-08;2026;08;Portalegre;Ponte de Sor;ACC;1;12;1213;121302
2026-08;2026;08;Coimbra;Cantanhede;ACC;1;06;0602;060201
2026-08;2026;08;Coimbra;Montemor-o-Velho;ACC;3;06;0610;061002
2026-08;2026;08;Coimbra;Oliveira do Hospital;ACC;1;06;0611;061104
2026-08;2026;08;Coimbra;Coimbra;ACC;1;06;0603;060312
2026-08;2026;08;Coimbra;Penacova;ACC;1;06;0613;061307
2026-08;2026;08;Coimbra;Lousã;ACC;1;06;0607;060709
2026-08;2026;08;Viana do Castelo;Ponte de Lima;ACC;1;16;1607;160719
2026-08;2026;08;Viana do Castelo;Ponte de Lima;ACC;1;16;1607;160721
2026-08;2026;08;Viana do Castelo;Viana do Castelo;ACC;1;16;1609;160905
2026-08;2026;08;Viana do Castelo;Viana do Castelo;ACC;1;16;1609;160950
2026-08;2026;08;Vila Real;Sabrosa;ACC;1;17;1710;171001
2026-08;2026;08;Vila Real;Santa Marta de Penaguião;ACC;1;17;1711;171114
2026-08;2026;08;Vila Real;Murça;ACC;1;17;1707;170705
2026-08;2026;08;Bragança;Carrazeda de Ansiães;ACC;2;04;0403;040304
2026-08;2026;08;Bragança;Bragança;ACC;2;04;0402;040218
2026-08;2026;08;Bragança;Macedo de Cavaleiros;ACC;1;04;0405;040518
2026-08;2026;08;Bragança;Miranda do douro;ACC;2;04;0406;040608
2026-08;2026;08;Guarda;Pinhel;ACC;1;09;0910;091017
2026-08;2026;08;Vila Real;Vila Pouca de Aguiar;ACC;4;17;1713;171314
2026-08;2026;08;Braga;Guimarães;ACC;1;03;0308;030898
2026-08;2026;08;Braga;Guimarães;ACC;5;03;0308;030854
2026-08;2026;08;Braga;Guimarães;ACC;1;03;0308;030866
2026-08;2026;08;Braga;Guimarães;ACC;1;03;0308;030877
2026-08;2026;08;Braga;Guimarães;ACC;1;03;0308;030878
2026-08;2026;08;Braga;Guimarães;ACC;3;03;0308;030881
2026-08;2026;08;Braga;Vila Verde;ACC;1;03;0313;031363
2026-08;2026;08;Braga;Barcelos;ACC;3;03;0302;030261
2026-08;2026;08;Braga;Barcelos;ACC;1;03;0302;030292
2026-08;2026;08;Braga;Barcelos;ACC;1;03;0302;0302FL
2026-08;2026;08;Braga;Barcelos;ACC;3;03;0302;0302FN
2026-08;2026;08;Braga;Fafe;ACC;5;03;0307;030722
2026-08;2026;08;Braga;Fafe;ACC;1;03;0307;030724
2026-08;2026;08;Braga;Vila Nova de Famalicão;ACC;1;03;0312;031251
2026-08;2026;08;Braga;Braga;ACC;1;03;0303;030364
2026-08;2026;08;Braga;Braga;ACC;6;03;0303;030367
2026-08;2026;08;Braga;Braga;ACC;1;03;0303;030373
2026-08;2026;08;Braga;Braga;ACC;9;03;0303;030375
2026-08;2026;08;Braga;Braga;ACC;2;03;0303;030377
2026-08;2026;08;Braga;Braga;ACC;2;03;0303;030381
2026-08;2026;08;Braga;Amares;ACC;2;03;0301;030127
2026-08;2026;08;Braga;Celorico de Basto;ACC;2;03;0305;030523
2026-08;2026;08;Leiria;Pombal;ACC;3;10;1015;101513
2026-08;2026;08;Leiria;Porto de Mós;ACC;2;10;1016;101614
2026-08;2026;08;Leiria;Porto de Mós;ACC;1;10;1016;101610
2026-08;2026;08;Leiria;Leiria;ACC;3;10;1009;100921
2026-08;2026;08;Leiria;Batalha;ACC;1;10;1004;100403
2026-08;2026;08;Leiria;Alcobaça;ACC;1;10;1001;100121
2026-08;2026;08;Leiria;Alcobaça;ACC;1;10;1001;100122
2026-08;2026;08;Leiria;Caldas da Rainha;ACC;5;10;1006;100619
2026-08;2026;08;Porto;Paços de Ferreira;ACC;1;13;1309;130914
2026-08;2026;08;Porto;Porto;CER;1;13;1312;131216
2026-08;2026;08;Porto;Porto;CER;1;13;1312;131217
2026-08;2026;08;Porto;Paredes;ACC;2;13;1310;131021
2026-08;2026;08;Porto;Penafiel;ACC;3;13;1311;131129
2026-08;2026;08;Porto;Penafiel;ACC;1;13;1311;131138
2026-08;2026;08;Porto;Matosinhos;ACC;1;13;1308;130822
2026-08;2026;08;Porto;Maia;ACC;1;13;1306;130613
2026-08;2026;08;Porto;Lousada;ACC;2;13;1305;130529
2026-08;2026;08;Porto;Lousada;ACC;2;13;1305;130531
2026-08;2026;08;Porto;Amarante;ACC;1;13;1301;130139
2026-08;2026;08;Porto;Santo Tirso;ACC;3;13;1314;131434
2026-08;2026;08;Porto;Vila do Conde;ACC;5;13;1316;131628
2026-08;2026;08;Portalegre;Ponte de Sor;ACC;4;12;1213;121309
2026-08;2026;08;Portalegre;Portalegre;ACC;1;12;1214;121413
2026-08;2026;08;Portalegre;Portalegre;ACC;4;12;1214;121411
2026-08;2026;08;Lisboa;Torres Vedras;ACC;2;11;1113;111311
2026-08;2026;08;Lisboa;Torres Vedras;ACC;11;11;1113;111326
2026-08;2026;08;Lisboa;Torres Vedras;ACC;1;11;1113;111325
2026-08;2026;08;Lisboa;Oeiras;ACC;4;11;1110;111009
2026-08;2026;08;Lisboa;Oeiras;ACC;5;11;1110;111014
2026-08;2026;08;Lisboa;Sintra;ACC;2;11;1111;111133
2026-08;2026;08;Lisboa;Sintra;ACC;2;11;1111;111134
2026-08;2026;08;Lisboa;Sintra;ACC;21;11;1111;111128
2026-08;2026;08;Lisboa;Mafra;ACC;2;11;1109;110918
2026-08;2026;08;Lisboa;Mafra;ACC;1;11;1109;110919
2026-08;2026;08;Lisboa;Mafra;ACC;4;11;1109;110920
2026-08;2026;08;Lisboa;Mafra;ACC;5;11;1109;110922
2026-08;2026;08;Lisboa;Cascais;ACC;3;11;1105;110507
2026-08;2026;08;Lisboa;Arruda dos Vinhos;ACC;3;11;1102;110204
2026-08;2026;08;Lisboa;Loures;ACC;4;11;1107;110731
2026-08;2026;08;Lisboa;Loures;ACC;1;11;1107;110726
2026-08;2026;08;Lisboa;Amadora;ACC;2;11;1115;111517
2026-08;2026;08;Santarém;Torres Novas;ACC;2;14;1419;141910
2026-08;2026;08;Santarém;Torres Novas;ACC;1;14;1419;141919
2026-08;2026;08;Santarém;Rio Maior;ACC;6;14;1414;141408
2026-08;2026;08;Santarém;Benavente;ACC;6;14;1405;140502
2026-08;2026;08;Santarém;Tomar;ACC;1;14;1418;141813
2026-08;2026;08;Santarém;Tomar;ACC;5;14;1418;141821
2026-08;2026;08;Santarém;Abrantes;ACC;1;14;1401;140115
2026-08;2026;08;Santarém;Abrantes;ACC;3;14;1401;140124
2026-08;2026;08;Santarém;Alcanena;ACC;3;14;1402;140211
2026-08;2026;08;Santarém;Santarém;ACC;2;14;1416;141632
2026-08;2026;08;Santarém;Mação;ACC;2;14;1413;141309
2026-08;2026;08;Santarém;Vila Nova da Barquinha;ACC;1;14;1420;142006
2026-08;2026;08;Faro;Loulé;ACC;3;08;0808;080805
2026-08;2026;08;Faro;Silves;ACC;2;08;0813;081305
2026-08;2026;08;Faro;Faro;ACC;7;08;0805;080508
2026-08;2026;08;Évora;Estremoz;ACC;1;07;0704;070413
2026-08;2026;08;Évora;Viana do Alentejo;ACC;1;07;0713;071302
2026-08;2026;08;Beja;Beja;ACC;1;02;0205;020510
2026-08;2026;08;Beja;Beja;ACC;1;02;0205;020516
2026-08;2026;08;Coimbra;Figueira da Foz;ACC;1;06;0605;060530
2026-08;2026;08;Coimbra;Figueira da Foz;ACC;1;06;0605;060512
2026-08;2026;08;Coimbra;Coimbra;ACC;1;06;0603;060334
2026-08;2026;08;Coimbra;Montemor-o-Velho;ACC;1;06;0610;061016
2026-08;2026;08;Coimbra;Penacova;ACC;1;06;0613;061313
2026-08;2026;08;Coimbra;Cantanhede;ACC;1;06;0602;060222
2026-08;2026;08;Coimbra;Cantanhede;ACC;1;06;0602;060223
2026-08;2026;08;Viana do Castelo;Valença;ACC;1;16;1608;160817
2026-08;2026;08;Setúbal;Setúbal;ACC;1;15;1512;151208
2026-08;2026;08;Setúbal;Setúbal;ACC;7;15;1512;151210
2026-08;2026;08;Setúbal;Seixal;ACC;1;15;1510;151010
2026-08;2026;08;Setúbal;Almada;ACC;4;15;1503;150313
2026-08;2026;08;Viseu;Viseu;ACC;4;18;1823;182323
2026-08;2026;08;Viseu;Tarouca;ACC;1;18;1820;182013
2026-08;2026;08;Viseu;Mangualde;ACC;1;18;1806;180621
2026-08;2026;08;Aveiro;Aveiro;ACC;2;01;0105;010513
2026-08;2026;08;Aveiro;Santa Maria da Feira;ACC;2;01;0109;010921
2026-08;2026;08;Aveiro;Santa Maria da Feira;ACC;2;01;0109;010922
2026-08;2026;08;Aveiro;Santa Maria da Feira;ACC;1;01;0109;010945
2026-08;2026;08;Aveiro;Santa Maria da Feira;ACC;8;01;0109;010935
2026-08;2026;08;Aveiro;Águeda;ACC;1;01;0101;010127
2026-07;2026;07;Braga;Vila Nova de Famalicão;ACC;1;03;0312;031216
2026-07;2026;07;Braga;Barcelos;ACC;2;03;0302;030209
2026-07;2026;07;Braga;Barcelos;ACC;3;03;0302;030245
2026-07;2026;07;Porto;Paredes;ACC;2;13;1310;131002
2026-07;2026;07;Porto;Paredes;CER;1;13;1310;131009
2026-07;2026;07;Porto;Paredes;ACC;2;13;1310;131011
2026-07;2026;07;Porto;Paredes;ACC;1;13;1310;131014
2026-07;2026;07;Porto;Paredes;ACC;1;13;1310;131017
2026-07;2026;07;Viseu;Viseu;ACC;1;18;1823;182301
2026-07;2026;07;Viseu;Viseu;ACC;1;18;1823;182304
2026-07;2026;07;Braga;Cabeceiras de Basto;ACC;1;03;0304;030401
2026-07;2026;07;Porto;Penafiel;ACC;2;13;1311;131101
2026-07;2026;07;Porto;Penafiel;ACC;1;13;1311;131103
2026-07;2026;07;Porto;Penafiel;ACC;1;13;1311;131115
2026-07;2026;07;Porto;Penafiel;ACC;1;13;1311;131140
2026-07;2026;07;Porto;Penafiel;ACC;5;13;1311;131139
2026-07;2026;07;Braga;Braga;ACC;1;03;0303;030351
2026-07;2026;07;Braga;Braga;ACC;2;03;0303;030319
2026-07;2026;07;Braga;Braga;ACC;2;03;0303;030331
2026-07;2026;07;Lisboa;Torres Vedras;ACC;2;11;1113;111327
2026-07;2026;07;Porto;Maia;ACC;5;13;1306;130608
2026-07;2026;07;Porto;Maia;ACC;6;13;1306;130620
2026-07;2026;07;Aveiro;Albergaria-a-Velha;ACC;1;01;0102;010204
2026-07;2026;07;Leiria;Pombal;ACC;2;10;1015;101508
2026-07;2026;07;Faro;Albufeira;ACC;1;08;0801;080102
2026-07;2026;07;Setúbal;Alcácer do Sal;ACC;3;15;1501;150108
2026-07;2026;07;Setúbal;Alcácer do Sal;ACC;2;15;1501;150106
2026-07;2026;07;Castelo Branco;Castelo Branco;ACC;7;05;0502;050205
2026-07;2026;07;Santarém;Santarém;ACC;1;14;1416;141614
2026-07;2026;07;Lisboa;Lisboa;ACC;2;11;1106;110602
2026-07;2026;07;Lisboa;Lisboa;ACC;1;11;1106;110656
2026-07;2026;07;Lisboa;Lisboa;ACC;3;11;1106;110607
2026-07;2026;07;Lisboa;Lisboa;ACC;4;11;1106;110658
2026-07;2026;07;Lisboa;Lisboa;CER;1;11;1106;110618
2026-07;2026;07;Lisboa;Lisboa;ACC;1;11;1106;110661
2026-07;2026;07;Lisboa;Lisboa;ACC;3;11;1106;110662
2026-07;2026;07;Braga;Guimarães;ACC;1;03;0308;030801
2026-07;2026;07;Braga;Guimarães;ACC;2;03;0308;030808
2026-07;2026;07;Braga;Guimarães;ACC;1;03;0308;030812
2026-07;2026;07;Braga;Guimarães;ACC;1;03;0308;030815
2026-07;2026;07;Braga;Guimarães;ACC;2;03;0308;030828
2026-07;2026;07;Guarda;Guarda;ACC;2;09;0907;090706
2026-07;2026;07;Guarda;Guarda;ACC;2;09;0907;090758
2026-07;2026;07;Porto;Valongo;ACC;7;13;1315;131501
2026-07;2026;07;Faro;Silves;ACC;1;08;0813;081312
2026-07;2026;07;Faro;Silves;ACC;1;08;0813;081303
2026-07;2026;07;Lisboa;Sintra;ACC;1;11;1111;111105
2026-07;2026;07;Lisboa;Sintra;ACC;1;11;1111;111131
2026-07;2026;07;Lisboa;Sintra;ACC;2;11;1111;111132
2026-07;2026;07;Setúbal;Moita;ACC;4;15;1506;150603
2026-07;2026;07;Beja;Aljustrel;ACC;1;02;0201;020107
2026-07;2026;07;Beja;Aljustrel;ACC;1;02;0201;020103
2026-07;2026;07;Faro;Loulé;ACC;1;08;0808;080804
2026-07;2026;07;Faro;Loulé;ACC;2;08;0808;080809
2026-07;2026;07;Santarém;Almeirim;ACC;6;14;1403;140301
2026-07;2026;07;Beja;Almodôvar;ACC;1;02;0202;020211
2026-07;2026;07;Portalegre;Nisa;ACC;2;12;1212;121201
2026-07;2026;07;Santarém;Alpiarça;ACC;2;14;1404;140401
2026-07;2026;07;Coimbra;Figueira da Foz;ACC;2;06;0605;060508
2026-07;2026;07;Leiria;Caldas da Rainha;ACC;1;10;1006;100602
2026-07;2026;07;Leiria;Caldas da Rainha;ACC;1;10;1006;100606
2026-07;2026;07;Setúbal;Seixal;ACC;6;15;1510;151006
2026-07;2026;07;Setúbal;Seixal;ACC;4;15;1510;151009
2026-07;2026;07;Porto;Póvoa de Varzim;ACC;1;13;1313;131317
2026-07;2026;07;Porto;Póvoa de Varzim;ACC;1;13;1313;131320
2026-07;2026;07;Porto;Póvoa de Varzim;ACC;1;13;1313;131321
2026-07;2026;07;Viana do Castelo;Ponte de Lima;ACC;1;16;1607;160701
2026-07;2026;07;Viana do Castelo;Ponte de Lima;ACC;2;16;1607;160704
2026-07;2026;07;Coimbra;Cantanhede;ACC;1;06;0602;060201
2026-07;2026;07;Coimbra;Cantanhede;ACC;4;06;0602;060225
2026-07;2026;07;Viana do Castelo;Viana do Castelo;ACC;1;16;1609;160905
2026-07;2026;07;Viana do Castelo;Viana do Castelo;ACC;1;16;1609;160910
2026-07;2026;07;Viana do Castelo;Viana do Castelo;ACC;1;16;1609;160911
2026-07;2026;07;Braga;Esposende;ACC;1;03;0306;030621
2026-07;2026;07;Braga;Esposende;ACC;4;03;0306;030626
2026-07;2026;07;Braga;Esposende;ACC;3;03;0306;030628
2026-07;2026;07;Aveiro;Aveiro;ACC;1;01;0105;010515
2026-07;2026;07;Aveiro;Aveiro;ACC;6;01;0105;010505
2026-07;2026;07;Porto;Vila Nova de Gaia;ACC;7;13;1317;131703
2026-07;2026;07;Porto;Vila Nova de Gaia;ACC;1;13;1317;131712
2026-07;2026;07;Aveiro;Santa Maria da Feira;ACC;2;01;0109;010937
2026-07;2026;07;Aveiro;Santa Maria da Feira;ACC;1;01;0109;010904
2026-07;2026;07;Aveiro;Santa Maria da Feira;ACC;1;01;0109;010914
2026-07;2026;07;Viseu;Armamar;ACC;1;18;1801;180120
2026-07;2026;07;Braga;Fafe;ACC;1;03;0307;030726
2026-07;2026;07;Braga;Fafe;ACC;1;03;0307;030730
2026-07;2026;07;Braga;Fafe;ACC;1;03;0307;030712
2026-07;2026;07;Braga;Fafe;ACC;1;03;0307;030716
2026-07;2026;07;Porto;Vila do Conde;ACC;6;13;1316;131602
2026-07;2026;07;Porto;Vila do Conde;ACC;1;13;1316;131604
2026-07;2026;07;Porto;Vila do Conde;ACC;3;13;1316;131613
2026-07;2026;07;Porto;Vila do Conde;ACC;2;13;1316;131616
2026-07;2026;07;Santarém;Torres Novas;ACC;1;14;1419;141902
2026-07;2026;07;Portalegre;Arronches;ACC;1;12;1202;120201
2026-07;2026;07;Portalegre;Elvas;ACC;3;12;1207;120713
2026-07;2026;07;Lisboa;Lourinhã;ACC;1;11;1108;110815
2026-07;2026;07;Santarém;Ourém;ACC;3;14;1421;142102
2026-07;2026;07;Aveiro;Estarreja;ACC;1;01;0108;010810
2026-07;2026;07;Portalegre;Avis;ACC;2;12;1203;120303
2026-07;2026;07;Aveiro;Castelo de Paiva;ACC;2;01;0106;010612
2026-07;2026;07;Lisboa;Oeiras;ACC;5;11;1110;111002
2026-07;2026;07;Coimbra;Oliveira do Hospital;ACC;1;06;0611;061104
2026-07;2026;07;Porto;Porto;CER;1;13;1312;131210
2026-07;2026;07;Viseu;São Pedro do Sul;ACC;1;18;1816;181602
2026-07;2026;07;Vila Real;Vila Pouca de Aguiar;ACC;2;17;1713;171303
2026-07;2026;07;Santarém;Alcanena;ACC;1;14;1402;140207
2026-07;2026;07;Aveiro;Murtosa;ACC;3;01;0112;011201
2026-07;2026;07;Portalegre;Fronteira;ACC;1;12;1208;120801
2026-07;2026;07;Portalegre;Fronteira;ACC;1;12;1208;120802
2026-08;2026;08;Aveiro;Anadia;ACC;1;01;0103;010318
2026-08;2026;08;Aveiro;Ovar;ACC;4;01;0115;011512
2026-08;2026;08;Aveiro;Ovar;ACC;1;01;0115;011507
2026-08;2026;08;Aveiro;Oliveira de Azeméis;ACC;1;01;0113;011318
2026-08;2026;08;Aveiro;Castelo de Paiva;ACC;1;01;0106;010616
2026-08;2026;08;Aveiro;Oliveira do Bairro;ACC;2;01;0114;011407
2026-08;2026;08;Castelo Branco;Covilhã;ACC;1;05;0503;050324
2026-08;2026;08;Castelo Branco;Fundão;ACC;8;05;0504;050434
2026-08;2026;08;Castelo Branco;Fundão;ACC;1;05;0504;050435
2026-08;2026;08;Bragança;Bragança;ACC;1;04;0402;040252
2026-08;2026;08;Bragança;Carrazeda de Ansiães;ACC;1;04;0403;040320
2026-08;2026;08;Guarda;Seia;ACC;1;09;0912;091241
2026-08;2026;08;Guarda;Sabugal;ACC;1;09;0911;091143
2026-08;2026;08;Vila Real;Montalegre;ACC;1;17;1706;170626
2026-08;2026;08;Vila Real;Montalegre;ACC;1;17;1706;170638
2026-08;2026;08;Vila Real;Chaves;ACC;1;17;1703;170340
2026-08;2026;08;Vila Real;Chaves;ACC;5;17;1703;170358
2026-08;2026;08;Braga;Póvoa de Lanhoso;ACC;1;03;0309;030921
2026-08;2026;08;Braga;Póvoa de Lanhoso;ACC;1;03;0309;030934
2026-08;2026;08;Braga;Vizela;ACC;1;03;0314;031410
2026-08;2026;08;Braga;Vizela;ACC;2;03;0314;031408
2026-08;2026;08;Leiria;Bombarral;ACC;2;10;1005;100503
2026-08;2026;08;Porto;Trofa;ACC;4;13;1318;131811
2026-08;2026;08;Porto;Baião;ACC;2;13;1302;130223
2026-08;2026;08;Portalegre;Castelo de Vide;ACC;2;12;1205;120504
2026-08;2026;08;Lisboa;Cadaval;ACC;1;11;1104;110409
2026-08;2026;08;Lisboa;Odivelas;ACC;7;11;1116;111609
2026-08;2026;08;Santarém;Cartaxo;ACC;2;14;1406;140604
2026-08;2026;08;Santarém;Cartaxo;ACC;3;14;1406;140609
2026-08;2026;08;Santarém;Cartaxo;ACC;1;14;1406;140610
2026-08;2026;08;Faro;Lagoa;ACC;2;08;0806;080608
2026-08;2026;08;Faro;Lagos;ACC;3;08;0807;080708
2026-08;2026;08;Évora;Alandroal;ACC;1;07;0701;070107
2026-08;2026;08;Évora;Vendas Novas;ACC;5;07;0712;071201
2026-08;2026;08;Coimbra;Condeixa-a-Nova;ACC;1;06;0604;060412
2026-08;2026;08;Coimbra;Penela;ACC;2;06;0614;061407
2026-08;2026;08;Viana do Castelo;Arcos de Valdevez;ACC;1;16;1601;160128
2026-08;2026;08;Viana do Castelo;Monção;ACC;1;16;1604;160431
2026-08;2026;08;Viana do Castelo;Paredes de Coura;ACC;1;16;1605;160524
2026-08;2026;08;Viana do Castelo;Melgaço;ACC;1;16;1603;160322
2026-08;2026;08;Setúbal;Sesimbra;ACC;6;15;1511;151101
2026-08;2026;08;Setúbal;Barreiro;ACC;3;15;1504;150411
2026-08;2026;08;Setúbal;Montijo;ACC;11;15;1507;150710
2026-08;2026;08;Viseu;Sátão;ACC;3;18;1817;181710
2026-08;2026;08;Viseu;Mortágua;ACC;2;18;1808;180811
2026-08;2026;08;Viseu;Santa Comba Dão;ACC;1;18;1814;181410
2026-08;2026;08;Viseu;Sernancelhe;ACC;1;18;1818;181821
2026-08;2026;08;Castelo Branco;Idanha-a-Nova;ACC;1;05;0505;050512
2026-08;2026;08;Castelo Branco;Proença-a-Nova;ACC;2;05;0508;050807
2026-08;2026;08;Braga;Vila Nova de Famalicão;ACC;2;03;0312;031249
2026-07;2026;07;Coimbra;Condeixa-a-Nova;ACC;1;06;0604;060401
2026-07;2026;07;Porto;Lousada;ACC;3;13;1305;130513
2026-07;2026;07;Porto;Lousada;ACC;1;13;1305;130515
2026-07;2026;07;Aveiro;Vagos;ACC;1;01;0118;011801
2026-07;2026;07;Aveiro;Vagos;ACC;1;01;0118;011816
2026-07;2026;07;Viseu;Vouzela;ACC;1;18;1824;182403
2026-07;2026;07;Braga;Terras de Bouro;ACC;1;03;0310;031003
2026-07;2026;07;Évora;Évora;ACC;1;07;0705;070515
2026-07;2026;07;Évora;Évora;ACC;1;07;0705;070503
2026-07;2026;07;Évora;Évora;ACC;1;07;0705;070502
2026-07;2026;07;Coimbra;Tábua;ACC;1;06;0616;061603
2026-07;2026;07;Santarém;Mação;ACC;1;14;1413;141305
2026-07;2026;07;Vila Real;Valpaços;ACC;1;17;1712;171232
2026-07;2026;07;Porto;Paços de Ferreira;ACC;1;13;1309;130904
2026-07;2026;07;Porto;Paços de Ferreira;ACC;4;13;1309;130905
2026-07;2026;07;Porto;Paços de Ferreira;ACC;3;13;1309;130908
2026-07;2026;07;Bragança;Torre de Moncorvo;ACC;1;04;0409;040910
2026-07;2026;07;Lisboa;Mafra;ACC;1;11;1109;110904
2026-07;2026;07;Lisboa;Mafra;ACC;2;11;1109;110906
2026-07;2026;07;Vila Real;Sabrosa;ACC;1;17;1710;171001
2026-07;2026;07;Aveiro;Ovar;ACC;1;01;0115;011502
2026-07;2026;07;Santarém;Coruche;ACC;2;14;1409;140902
2026-07;2026;07;Porto;Matosinhos;ACC;1;13;1308;130817
2026-07;2026;07;Bragança;Bragança;ACC;1;04;0402;040212
2026-07;2026;07;Bragança;Bragança;ACC;2;04;0402;040218
2026-07;2026;07;Vila Real;Alijó;ACC;1;17;1701;170107
2026-07;2026;07;Coimbra;Penacova;ACC;2;06;0613;061302
2026-07;2026;07;Guarda;Fornos de Algodres;ACC;1;09;0905;090504
2026-07;2026;07;Guarda;Fornos de Algodres;ACC;1;09;0905;090505
2026-07;2026;07;Guarda;Fornos de Algodres;ACC;1;09;0905;090509
2026-07;2026;07;Viana do Castelo;Valença;ACC;1;16;1608;160805
2026-07;2026;07;Viseu;Mangualde;ACC;1;18;1806;180607
2026-07;2026;07;Portalegre;Ponte de Sor;ACC;1;12;1213;121302
2026-07;2026;07;Portalegre;Portalegre;ACC;1;12;1214;121404
2026-07;2026;07;Guarda;Pinhel;ACC;1;09;0910;091010
2026-07;2026;07;Aveiro;Ílhavo;ACC;1;01;0110;011006
2026-07;2026;07;Évora;Mourão;ACC;1;07;0708;070801
2026-07;2026;07;Viseu;Penalva do Castelo;ACC;2;18;1811;181105
2026-07;2026;07;Braga;Amares;ACC;1;03;0301;030113
2026-07;2026;07;Bragança;Macedo de Cavaleiros;ACC;1;04;0405;040520
2026-07;2026;07;Vila Real;Santa Marta de Penaguião;ACC;1;17;1711;171114
2026-07;2026;07;Porto;Amarante;ACC;1;13;1301;130121
2026-07;2026;07;Bragança;Mirandela;ACC;1;04;0407;040720
2026-07;2026;07;Guarda;Mêda;ACC;1;09;0909;090917
2026-07;2026;07;Bragança;Miranda do douro;ACC;2;04;0406;040608
2026-07;2026;07;Faro;Olhão;ACC;3;08;0810;081008
2026-07;2026;07;Faro;Olhão;ACC;2;08;0810;081004
2026-07;2026;07;Portalegre;Monforte;ACC;1;12;1211;121102
2026-07;2026;07;Faro;Vila Real de Santo António;ACC;1;08;0816;081603
2026-07;2026;07;Évora;Mora;ACC;2;07;0707;070703
2026-07;2026;07;Évora;Montemor-o-Novo;ACC;5;07;0706;070615
2026-07;2026;07;Santarém;Entroncamento;ACC;2;14;1410;141002
2026-07;2026;07;Bragança;Mogadouro;ACC;1;04;0408;040812
2026-07;2026;07;Braga;Guimarães;ACC;1;03;0308;030866
2026-07;2026;07;Braga;Guimarães;ACC;1;03;0308;030878
2026-07;2026;07;Braga;Guimarães;ACC;2;03;0308;030884
2026-07;2026;07;Leiria;Pombal;ACC;3;10;1015;101513
2026-07;2026;07;Porto;Felgueiras;ACC;1;13;1303;130315
2026-07;2026;07;Porto;Felgueiras;ACC;5;13;1303;130335
2026-07;2026;07;Porto;Felgueiras;ACC;1;13;1303;130341
2026-07;2026;07;Braga;Vila Verde;ACC;1;03;0313;031337
2026-07;2026;07;Braga;Vila Verde;ACC;1;03;0313;031354
2026-07;2026;07;Braga;Vila Verde;ACC;1;03;0313;031366
2026-07;2026;07;Portalegre;Ponte de Sor;ACC;4;12;1213;121309
2026-07;2026;07;Lisboa;Torres Vedras;ACC;1;11;1113;111325
2026-07;2026;07;Lisboa;Torres Vedras;ACC;2;11;1113;111318
2026-06;2026;06;Lisboa;Torres Vedras;ACC;1;11;1113;111327
2026-07;2026;07;Santarém;Cartaxo;ACC;2;14;1406;140604
2026-07;2026;07;Faro;Lagoa;ACC;1;08;0806;080604
2026-07;2026;07;Évora;Portel;ACC;1;07;0709;070905
2026-07;2026;07;Faro;Portimão;ACC;8;08;0811;081103
2026-07;2026;07;Leiria;Porto de Mós;ACC;1;10;1016;101614
2026-07;2026;07;Lisboa;Oeiras;ACC;4;11;1110;111009
2026-07;2026;07;Braga;Barcelos;ACC;1;03;0302;030277
2026-07;2026;07;Braga;Barcelos;ACC;2;03;0302;030283
2026-07;2026;07;Braga;Barcelos;ACC;3;03;0302;0302FN
2026-07;2026;07;Braga;Barcelos;ACC;1;03;0302;030287
2026-07;2026;07;Braga;Póvoa de Lanhoso;ACC;1;03;0309;030931
2026-07;2026;07;Braga;Póvoa de Lanhoso;ACC;1;03;0309;030934
2026-07;2026;07;Viana do Castelo;Arcos de Valdevez;ACC;1;16;1601;160149
2026-07;2026;07;Faro;Olhão;ACC;5;08;0810;081005
2026-07;2026;07;Lisboa;Sintra;ACC;2;11;1111;111133
2026-07;2026;07;Lisboa;Sintra;ACC;20;11;1111;111128
2026-07;2026;07;Braga;Fafe;ACC;5;03;0307;030722
2026-07;2026;07;Setúbal;Palmela;ACC;3;15;1508;150804
2026-07;2026;07;Porto;Porto;ACC;1;13;1312;131217
2026-07;2026;07;Porto;Porto;CER;1;13;1312;131218
2026-07;2026;07;Porto;Paredes;ACC;1;13;1310;131020
2026-07;2026;07;Porto;Paredes;CER;1;13;1310;131020
2026-07;2026;07;Porto;Paredes;ACC;2;13;1310;131022
2026-07;2026;07;Porto;Paredes;ACC;2;13;1310;131024
2026-07;2026;07;Braga;Cabeceiras de Basto;ACC;1;03;0304;030424
2026-07;2026;07;Leiria;Leiria;ACC;6;10;1009;100933
2026-07;2026;07;Leiria;Leiria;ACC;3;10;1009;100937
2026-07;2026;07;Leiria;Batalha;ACC;1;10;1004;100402
2026-07;2026;07;Viseu;Viseu;ACC;2;18;1823;182341
2026-07;2026;07;Braga;Vila Nova de Famalicão;ACC;3;03;0312;031235
2026-07;2026;07;Braga;Vila Nova de Famalicão;ACC;7;03;0312;031260
2026-07;2026;07;Braga;Vila Nova de Famalicão;ACC;1;03;0312;031247
2026-07;2026;07;Braga;Vila Nova de Famalicão;ACC;2;03;0312;031249
2026-07;2026;07;Santarém;Torres Novas;ACC;1;14;1419;141919
2026-07;2026;07;Porto;Penafiel;ACC;1;13;1311;131134
2026-07;2026;07;Aveiro;Santa Maria da Feira;ACC;4;01;0109;010926
2026-07;2026;07;Porto;Gondomar;ACC;2;13;1304;130408
2026-07;2026;07;Porto;Gondomar;ACC;7;13;1304;130413
2026-07;2026;07;Porto;Gondomar;ACC;1;13;1304;130416
2026-07;2026;07;Leiria;Bombarral;ACC;2;10;1005;100503
2026-07;2026;07;Vila Real;Vila Pouca de Aguiar;ACC;1;17;1713;171310
2026-07;2026;07;Viseu;Tondela;ACC;1;18;1821;182136
2026-07;2026;07;Setúbal;Setúbal;ACC;5;15;1512;151209
2026-07;2026;07;Vila Real;Montalegre;ACC;1;17;1706;170638
2026-07;2026;07;Bragança;Bragança;ACC;1;04;0402;040252
2026-07;2026;07;Santarém;Benavente;ACC;6;14;1405;140502
2026-07;2026;07;Santarém;Benavente;ACC;1;14;1405;140503
2026-07;2026;07;Aveiro;Anadia;ACC;3;01;0103;010317
2026-07;2026;07;Beja;Beja;ACC;1;02;0205;020516
2026-07;2026;07;Porto;Matosinhos;ACC;1;13;1308;130822
2026-07;2026;07;Braga;Vizela;ACC;1;03;0314;031401
2026-07;2026;07;Lisboa;Lisboa;ACC;1;11;1106;110666
2026-07;2026;07;Lisboa;Lisboa;ACC;4;11;1106;110639
2026-07;2026;07;Viana do Castelo;Viana do Castelo;ACC;3;16;1609;160923
2026-07;2026;07;Viana do Castelo;Viana do Castelo;ACC;1;16;1609;160943
2026-07;2026;07;Viana do Castelo;Viana do Castelo;ACC;1;16;1609;160935
2026-07;2026;07;Évora;Alandroal;ACC;1;07;0701;070107
2026-07;2026;07;Setúbal;Barreiro;ACC;3;15;1504;150409
2026-07;2026;07;Coimbra;Coimbra;ACC;1;06;0603;060334
2026-07;2026;07;Coimbra;Coimbra;ACC;1;06;0603;060340
2026-07;2026;07;Lisboa;Mafra;ACC;1;11;1109;110921
2026-07;2026;07;Faro;Silves;ACC;2;08;0813;081305
2026-07;2026;07;Faro;Silves;ACC;1;08;0813;081307
2026-07;2026;07;Évora;Évora;ACC;1;07;0705;070506
2026-07;2026;07;Évora;Évora;ACC;16;07;0705;070524
2026-07;2026;07;Évora;Évora;ACC;1;07;0705;070525
2026-07;2026;07;Évora;Évora;ACC;1;07;0705;070526
2026-07;2026;07;Vila Real;Mondim de Basto;ACC;1;17;1705;170505
2026-07;2026;07;Faro;Lagos;ACC;3;08;0807;080708
2026-07;2026;07;Portalegre;Castelo de Vide;ACC;2;12;1205;120504
2026-07;2026;07;Aveiro;São João da Madeira;ACC;3;01;0116;011601
2026-07;2026;07;Viana do Castelo;Valença;ACC;2;16;1608;160812
2026-07;2026;07;Aveiro;Vale de Cambra;ACC;3;01;0119;011902
2026-07;2026;07;Aveiro;Vale de Cambra;ACC;2;01;0119;011910
2026-07;2026;07;Santarém;Tomar;ACC;1;14;1418;141813
2026-07;2026;07;Aveiro;Oliveira de Azeméis;ACC;2;01;0113;011322
2026-07;2026;07;Aveiro;Oliveira de Azeméis;ACC;3;01;0113;011319
2026-07;2026;07;Castelo Branco;Castelo Branco;ACC;1;05;0502;050222
2026-07;2026;07;Castelo Branco;Castelo Branco;ACC;1;05;0502;050237
2026-07;2026;07;Setúbal;Montijo;ACC;2;15;1507;150709
2026-07;2026;07;Viseu;Sátão;ACC;2;18;1817;181710
2026-07;2026;07;Guarda;Seia;ACC;1;09;0912;091241
2026-07;2026;07;Braga;Braga;ACC;4;03;0303;030371
2026-07;2026;07;Braga;Braga;ACC;2;03;0303;030372
2026-07;2026;07;Braga;Braga;ACC;2;03;0303;030374
2026-07;2026;07;Braga;Braga;ACC;3;03;0303;030378
2026-07;2026;07;Braga;Braga;ACC;4;03;0303;030379
2026-07;2026;07;Castelo Branco;Sertã;ACC;3;05;0509;050912
2026-07;2026;07;Porto;Valongo;ACC;1;13;1315;131508
2026-07;2026;07;Viseu;Mortágua;ACC;2;18;1808;180811
2026-07;2026;07;Lisboa;Sobral de Monte Agraço;ACC;1;11;1112;111203
2026-07;2026;07;Porto;Lousada;ACC;5;13;1305;130528
2026-07;2026;07;Porto;Lousada;ACC;1;13;1305;130526
2026-07;2026;07;Guarda;Sabugal;ACC;1;09;0911;091134
2026-07;2026;07;Guarda;Sabugal;ACC;1;09;0911;091143
2026-07;2026;07;Guarda;Sabugal;ACC;1;09;0911;091145
2026-08;2026;08;Castelo Branco;Vila Velha de Ródão;ACC;1;05;0511;051104
2026-08;2026;08;Bragança;Vimioso;ACC;1;04;0411;041114
2026-07;2026;07;Viseu;Tabuaço;ACC;1;18;1819;181914
2026-07;2026;07;Porto;Amarante;ACC;4;13;1301;130135
2026-07;2026;07;Porto;Amarante;ACC;1;13;1301;130138
2026-07;2026;07;Lisboa;Alenquer;ACC;3;11;1101;110117
2026-07;2026;07;Lisboa;Alenquer;ACC;1;11;1101;110113
2026-07;2026;07;Santarém;Alcanena;ACC;1;14;1402;140212
2026-07;2026;07;Leiria;Alcobaça;ACC;1;10;1001;100121
2026-07;2026;07;Leiria;Alcobaça;ACC;1;10;1001;100123
2026-07;2026;07;Setúbal;Almada;ACC;3;15;1503;150312
2026-07;2026;07;Setúbal;Almada;ACC;4;15;1503;150313
2026-07;2026;07;Setúbal;Almada;ACC;10;15;1503;150314
2026-07;2026;07;Braga;Amares;ACC;2;03;0301;030125
2026-07;2026;07;Braga;Amares;ACC;1;03;0301;030127
2026-07;2026;07;Aveiro;Arouca;ACC;2;01;0104;010421
2026-07;2026;07;Lisboa;Loures;ACC;4;11;1107;110731
2026-07;2026;07;Porto;Trofa;ACC;5;13;1318;131810
2026-07;2026;07;Braga;Celorico de Basto;ACC;2;03;0305;030523
2026-07;2026;07;Braga;Celorico de Basto;ACC;1;03;0305;030527
2026-07;2026;07;Lisboa;Cadaval;ACC;1;11;1104;110409
2026-07;2026;07;Coimbra;Condeixa-a-Nova;ACC;1;06;0604;060412
2026-07;2026;07;Vila Real;Vila Real;ACC;1;17;1714;171433
2026-07;2026;07;Vila Real;Vila Real;ACC;4;17;1714;171438
2026-07;2026;07;Évora;Estremoz;ACC;1;07;0704;070413
2026-07;2026;07;Faro;Faro;CER;1;08;0805;080508
2026-07;2026;07;Viseu;Vouzela;ACC;3;18;1824;182415
2026-07;2026;07;Leiria;Figueiró dos Vinhos;ACC;5;10;1008;100806
2026-07;2026;07;Viana do Castelo;Paredes de Coura;ACC;1;16;1605;160524
2026-07;2026;07;Santarém;Ourém;ACC;2;14;1421;142119
2026-07;2026;07;Castelo Branco;Fundão;ACC;1;05;0504;050435
2026-07;2026;07;Setúbal;Grândola;ACC;5;15;1505;150506
2026-07;2026;07;Viseu;Mangualde;ACC;1;18;1806;180621
2026-07;2026;07;Guarda;Gouveia;ACC;1;09;0906;090626
2026-07;2026;07;Bragança;Mogadouro;ACC;4;04;0408;040830
2026-07;2026;07;Coimbra;Penacova;ACC;1;06;0613;061313
2026-07;2026;07;Viseu;Santa Comba Dão;ACC;1;18;1814;181410
2026-07;2026;07;Lisboa;Odivelas;ACC;8;11;1116;111608
2026-07;2026;07;Lisboa;Odivelas;ACC;7;11;1116;111609
2026-07;2026;07;Aveiro;Águeda;ACC;1;01;0101;010127
2026-07;2026;07;Portalegre;Portalegre;ACC;1;12;1214;121413
2026-07;2026;07;Leiria;Óbidos;ACC;1;10;1012;101209
2026-07;2026;07;Bragança;Macedo de Cavaleiros;ACC;1;04;0405;040534
2026-07;2026;07;Lisboa;Azambuja;ACC;1;11;1103;110306
2026-07;2026;07;Viseu;Lamego;ACC;1;18;1805;180523
2026-06;2026;06;Lisboa;Amadora;ACC;1;11;1115;111513
2026-07;2026;07;Vila Real;Mesão Frio;ACC;1;17;1704;170407
2026-07;2026;07;Castelo Branco;Vila Velha de Ródão;ACC;1;05;0511;051104
2026-06;2026;06;Leiria;Pombal;ACC;1;10;1015;101520
2026-06;2026;06;Lisboa;Cascais;ACC;5;11;1105;110501
2026-06;2026;06;Castelo Branco;Castelo Branco;ACC;1;05;0502;050201
2026-06;2026;06;Setúbal;Alcochete;ACC;2;15;1502;150201
2026-06;2026;06;Porto;Valongo;CER;1;13;1315;131501
2026-06;2026;06;Lisboa;Amadora;ACC;4;11;1115;111512
2026-06;2026;06;Setúbal;Moita;ACC;4;15;1506;150601
2026-06;2026;06;Faro;Loulé;ACC;5;08;0808;080801
2026-06;2026;06;Porto;Marco de Canaveses;ACC;1;13;1307;130732
2026-06;2026;06;Faro;Castro Marim;ACC;1;08;0804;080404
2026-06;2026;06;Braga;Barcelos;ACC;1;03;0302;030208
2026-06;2026;06;Faro;Portimão;ACC;1;08;0811;081101
2026-06;2026;06;Setúbal;Seixal;ACC;8;15;1510;151002
2026-06;2026;06;Viana do Castelo;Ponte de Lima;ACC;1;16;1607;160701
2026-06;2026;06;Coimbra;Condeixa-a-Nova;ACC;1;06;0604;060401
2026-06;2026;06;Évora;Estremoz;ACC;1;07;0704;070401
2026-06;2026;06;Braga;Barcelos;ACC;1;03;0302;030209
2026-06;2026;06;Setúbal;Seixal;ACC;4;15;1510;151008
2026-06;2026;06;Aveiro;Santa Maria da Feira;ACC;1;01;0109;010902
2026-06;2026;06;Lisboa;Arruda dos Vinhos;ACC;2;11;1102;110202
2026-06;2026;06;Porto;Vila do Conde;ACC;3;13;1316;131602
2026-06;2026;06;Portalegre;Elvas;ACC;1;12;1207;120712
2026-06;2026;06;Leiria;Peniche;ACC;1;10;1014;101402
2026-06;2026;06;Aveiro;Estarreja;ACC;2;01;0108;010801
2026-06;2026;06;Lisboa;Lisboa;ACC;2;11;1106;110657
2026-06;2026;06;Porto;Póvoa de Varzim;ACC;2;13;1313;131319
2026-06;2026;06;Lisboa;Azambuja;ACC;1;11;1103;110304
2026-06;2026;06;Leiria;Batalha;ACC;1;10;1004;100401
2026-06;2026;06;Porto;Paredes;ACC;1;13;1310;131004
2026-06;2026;06;Porto;Póvoa de Varzim;ACC;1;13;1313;131320
2026-06;2026;06;Lisboa;Sintra;ACC;1;11;1111;111130
2026-06;2026;06;Lisboa;Lisboa;ACC;4;11;1106;110658
2026-06;2026;06;Santarém;Benavente;ACC;2;14;1405;140501
2026-06;2026;06;Faro;Loulé;ACC;1;08;0808;080804
2026-06;2026;06;Porto;Porto;CER;1;13;1312;131202
2026-06;2026;06;Évora;Borba;ACC;1;07;0703;070301
2026-06;2026;06;Faro;Aljezur;ACC;1;08;0803;080302
2026-06;2026;06;Vila Real;Vila Pouca de Aguiar;ACC;2;17;1713;171303
2026-06;2026;06;Aveiro;Murtosa;ACC;2;01;0112;011201
2026-06;2026;06;Portalegre;Fronteira;ACC;1;12;1208;120801
2026-06;2026;06;Portalegre;Elvas;ACC;1;12;1207;120713
2026-06;2026;06;Porto;Porto;CER;1;13;1312;131203
2026-06;2026;06;Évora;Évora;ACC;1;07;0705;070515
2026-06;2026;06;Porto;Vila Nova de Gaia;ACC;2;13;1317;131704
2026-06;2026;06;Coimbra;Montemor-o-Velho;ACC;1;06;0610;061003
2026-06;2026;06;Aveiro;Oliveira de Azeméis;ACC;2;01;0113;011301
2026-06;2026;06;Porto;Paços de Ferreira;ACC;5;13;1309;130902
2026-06;2026;06;Castelo Branco;Castelo Branco;ACC;4;05;0502;050205
2026-06;2026;06;Porto;Maia;ACC;10;13;1306;130618
2026-06;2026;06;Viseu;Castro daire;ACC;1;18;1803;180304
2026-06;2026;06;Santarém;Ourém;ACC;1;14;1421;142104
2026-06;2026;06;Porto;Paredes;ACC;1;13;1310;131008
2026-06;2026;06;Porto;Maia;ACC;3;13;1306;130619
2026-06;2026;06;Porto;Marco de Canaveses;ACC;2;13;1307;130705
2026-06;2026;06;Santarém;Coruche;ACC;2;14;1409;140902
2026-06;2026;06;Porto;Paredes;CER;1;13;1310;131009
2026-06;2026;06;Braga;Vila Nova de Famalicão;ACC;2;03;0312;031213
2026-06;2026;06;Braga;Vieira do Minho;ACC;1;03;0311;031107
2026-06;2026;06;Aveiro;Ovar;ACC;1;01;0115;011503
2026-06;2026;06;Braga;Esposende;ACC;1;03;0306;030624
2026-06;2026;06;Braga;Fafe;ACC;1;03;0307;030708
2026-06;2026;06;Lisboa;Lisboa;ACC;1;11;1106;110660
2026-06;2026;06;Lisboa;Amadora;ACC;3;11;1115;111515
2026-06;2026;06;Aveiro;Santa Maria da Feira;ACC;1;01;0109;010907
2026-06;2026;06;Porto;Paços de Ferreira;ACC;1;13;1309;130906
2026-06;2026;06;Viseu;Viseu;ACC;1;18;1823;182315
2026-06;2026;06;Portalegre;Fronteira;ACC;1;12;1208;120802
2026-06;2026;06;Braga;Esposende;ACC;3;03;0306;030626
2026-06;2026;06;Santarém;Golegã;ACC;1;14;1412;141202
2026-06;2026;06;Leiria;Batalha;ACC;2;10;1004;100404
2026-06;2026;06;Braga;Guimarães;ACC;1;03;0308;030820
2026-06;2026;06;Braga;Braga;ACC;1;03;0303;030319
2026-06;2026;06;Guarda;Guarda;ACC;2;09;0907;090758
2026-06;2026;06;Leiria;Pombal;ACC;1;10;1015;101521
2026-06;2026;06;Porto;Vila do Conde;ACC;1;13;1316;131611
2026-06;2026;06;Porto;Penafiel;ACC;1;13;1311;131141
2026-06;2026;06;Braga;Vila Nova de Famalicão;ACC;1;03;0312;031219
2026-06;2026;06;Braga;Vila Verde;ACC;1;03;0313;031323
2026-06;2026;06;Bragança;Macedo de Cavaleiros;ACC;1;04;0405;040518
2026-06;2026;06;Vila Real;Santa Marta de Penaguião;ACC;1;17;1711;171114
2026-06;2026;06;Vila Real;Vila Real;ACC;1;17;1714;171414
2026-06;2026;06;Porto;Amarante;ACC;1;13;1301;130121
2026-06;2026;06;Leiria;Leiria;ACC;1;10;1009;100913
2026-06;2026;06;Braga;Barcelos;ACC;1;03;0302;030244
2026-06;2026;06;Lisboa;Mafra;ACC;3;11;1109;110909
2026-06;2026;06;Braga;Barcelos;ACC;2;03;0302;030245
2026-06;2026;06;Santarém;Salvaterra de Magos;ACC;3;14;1415;141502
2026-06;2026;06;Braga;Esposende;ACC;2;03;0306;030628
2026-06;2026;06;Porto;Matosinhos;ACC;1;13;1308;130820
2026-06;2026;06;Braga;Fafe;ACC;1;03;0307;030716
2026-06;2026;06;Porto;Maia;ACC;4;13;1306;130608
2026-06;2026;06;Lisboa;Amadora;ACC;2;11;1115;111516
2026-06;2026;06;Santarém;Alcanena;ACC;1;14;1402;140206
2026-06;2026;06;Coimbra;Miranda do Corvo;ACC;2;06;0609;060902
2026-06;2026;06;Bragança;Mirandela;ACC;4;04;0407;040721
2026-06;2026;06;Porto;Paços de Ferreira;ACC;1;13;1309;130924
2026-06;2026;06;Faro;Vila Real de Santo António;ACC;1;08;0816;081603
2026-06;2026;06;Évora;Mora;ACC;2;07;0707;070703
2026-06;2026;06;Vila Real;Murça;ACC;1;17;1707;170705
2026-06;2026;06;Leiria;Caldas da Rainha;ACC;1;10;1006;100608
2026-06;2026;06;Porto;Póvoa de Varzim;ACC;1;13;1313;131321
2026-06;2026;06;Porto;Maia;ACC;3;13;1306;130620
2026-06;2026;06;Santarém;Ourém;ACC;4;14;1421;142115
2026-06;2026;06;Beja;Beja;ACC;1;02;0205;020506
2026-06;2026;06;Évora;Évora;ACC;1;07;0705;070503
2026-06;2026;06;Évora;Montemor-o-Novo;ACC;1;07;0706;070616
2026-06;2026;06;Faro;Olhão;ACC;1;08;0810;081003
2026-06;2026;06;Leiria;Óbidos;ACC;1;10;1012;101203
2026-06;2026;06;Lisboa;Lisboa;ACC;2;11;1106;110633
2026-06;2026;06;Aveiro;Aveiro;ACC;1;01;0105;010508
2026-06;2026;06;Beja;Ourique;ACC;1;02;0212;021203
2026-06;2026;06;Braga;Braga;CER;1;03;0303;030331
2026-06;2026;06;Porto;Paredes;ACC;4;13;1310;131025
2026-06;2026;06;Lisboa;Lisboa;ACC;3;11;1106;110662
2026-06;2026;06;Faro;Olhão;ACC;2;08;0810;081004
2026-06;2026;06;Porto;Maia;CER;1;13;1306;130617
2026-06;2026;06;Bragança;Mogadouro;ACC;1;04;0408;040812
2026-06;2026;06;Guarda;Seia;ACC;1;09;0912;091209
2026-06;2026;06;Portalegre;Ponte de Sor;ACC;2;12;1213;121309
2026-06;2026;06;Évora;Portel;ACC;1;07;0709;070905
2026-06;2026;06;Beja;Moura;ACC;1;02;0210;021002
2026-06;2026;06;Faro;Loulé;ACC;2;08;0808;080805
2026-06;2026;06;Coimbra;Figueira da Foz;ACC;1;06;0605;060524
2026-06;2026;06;Porto;Porto;CER;1;13;1312;131211
2026-06;2026;06;Évora;Reguengos de Monsaraz;ACC;1;07;0711;071104
2026-06;2026;06;Aveiro;Aveiro;ACC;1;01;0105;010516
2026-06;2026;06;Braga;Vila Nova de Famalicão;ACC;3;03;0312;031233
2026-06;2026;06;Viseu;Resende;ACC;2;18;1813;181311
2026-06;2026;06;Viseu;Viseu;ACC;2;18;1823;182323
2026-06;2026;06;Lisboa;Sintra;ACC;7;11;1111;111108
2026-06;2026;06;Porto;Gondomar;ACC;2;13;1304;130408
2026-06;2026;06;Vila Real;Vila Pouca de Aguiar;ACC;1;17;1713;171317
2026-06;2026;06;Setúbal;Setúbal;ACC;1;15;1512;151208
2026-06;2026;06;Braga;Guimarães;ACC;4;03;0308;0308FA
2026-06;2026;06;Beja;Beja;ACC;1;02;0205;020510
2026-06;2026;06;Aveiro;Aveiro;ACC;1;01;0105;010513
2026-06;2026;06;Leiria;Pombal;ACC;1;10;1015;101524
2026-06;2026;06;Aveiro;Vagos;ACC;1;01;0118;011810
2026-06;2026;06;Lisboa;Lisboa;ACC;1;11;1106;110666
2026-06;2026;06;Coimbra;Coimbra;ACC;5;06;0603;060318
2026-06;2026;06;Faro;São Brás de Alportel;ACC;1;08;0812;081201
2026-06;2026;06;Lisboa;Lisboa;ACC;4;11;1106;110639
2026-06;2026;06;Braga;Fafe;ACC;1;03;0307;030728
2026-06;2026;06;Portalegre;Castelo de Vide;ACC;2;12;1205;120504
2026-06;2026;06;Aveiro;Santa Maria da Feira;ACC;2;01;0109;010926
2026-06;2026;06;Coimbra;Figueira da Foz;ACC;1;06;0605;060530
2026-06;2026;06;Porto;Matosinhos;ACC;1;13;1308;130823
2026-06;2026;06;Beja;Beja;ACC;1;02;0205;020516
2026-06;2026;06;Aveiro;Santa Maria da Feira;ACC;1;01;0109;010945
2026-06;2026;06;Lisboa;Torres Vedras;ACC;2;11;1113;111314
2026-06;2026;06;Viana do Castelo;Valença;ACC;1;16;1608;160812
2026-06;2026;06;Santarém;Tomar;ACC;1;14;1418;141813
2026-06;2026;06;Viana do Castelo;Viana do Castelo;ACC;3;16;1609;160923
2026-06;2026;06;Setúbal;Seixal;ACC;1;15;1510;151010
2026-06;2026;06;Castelo Branco;Sertã;ACC;2;05;0509;050912
2026-06;2026;06;Braga;Guimarães;ACC;1;03;0308;0308FC
2026-06;2026;06;Aveiro;Sever do Vouga;ACC;1;01;0117;011706
2026-06;2026;06;Aveiro;Espinho;ACC;1;01;0107;010705
2026-06;2026;06;Braga;Guimarães;ACC;1;03;0308;030868
2026-06;2026;06;Porto;Paredes;CER;1;13;1310;131020
2026-06;2026;06;Portalegre;Sousel;ACC;1;12;1215;121504
2026-06;2026;06;Braga;Vila Verde;ACC;2;03;0313;031352
2026-06;2026;06;Guarda;Sabugal;ACC;1;09;0911;091134
2026-06;2026;06;Coimbra;Tábua;ACC;3;06;0616;061614
2026-06;2026;06;Aveiro;Sever do Vouga;ACC;1;01;0117;011708
2026-06;2026;06;Braga;Barcelos;ACC;1;03;0302;030277
2026-06;2026;06;Viseu;Tarouca;ACC;1;18;1820;182016
2026-06;2026;06;Coimbra;Figueira da Foz;ACC;1;06;0605;060512
2026-06;2026;06;Lisboa;Alenquer;ACC;1;11;1101;110118
2026-06;2026;06;Santarém;Alcanena;ACC;2;14;1402;140211
2026-06;2026;06;Portalegre;Avis;ACC;1;12;1203;120309
2026-06;2026;06;Lisboa;Vila Franca de Xira;ACC;3;11;1114;111413
2026-06;2026;06;Porto;Amarante;ACC;1;13;1301;130142
2026-06;2026;06;Braga;Amares;ACC;2;03;0301;030125
2026-06;2026;06;Porto;Santo Tirso;ACC;1;13;1314;131433
2026-06;2026;06;Braga;Vila Nova de Famalicão;ACC;1;03;0312;031251
2026-06;2026;06;Aveiro;Arouca;ACC;2;01;0104;010421
2026-06;2026;06;Évora;Évora;ACC;1;07;0705;070522
2026-06;2026;06;Setúbal;Barreiro;ACC;1;15;1504;150410
2026-06;2026;06;Beja;Beja;ACC;6;02;0205;020520
2026-06;2026;06;Leiria;Bombarral;ACC;1;10;1005;100506
2026-06;2026;06;Porto;Trofa;ACC;2;13;1318;131810
2026-06;2026;06;Braga;Braga;ACC;1;03;0303;030364
2026-06;2026;06;Viana do Castelo;Caminha;ACC;1;16;1602;160222
2026-06;2026;06;Porto;Porto;ACC;1;13;1312;131217
2026-06;2026;06;Coimbra;Coimbra;ACC;1;06;0603;060334
2026-06;2026;06;Coimbra;Condeixa-a-Nova;ACC;4;06;0604;060411
2026-06;2026;06;Castelo Branco;Covilhã;ACC;4;05;0503;050335
2026-06;2026;06;Porto;Lousada;ACC;3;13;1305;130528
2026-06;2026;06;Faro;Faro;CER;1;08;0805;080508
2026-06;2026;06;Viseu;Vouzela;ACC;1;18;1824;182414
2026-06;2026;06;Porto;Lousada;ACC;1;13;1305;130529
2026-06;2026;06;Santarém;Ourém;ACC;1;14;1421;142119
2026-06;2026;06;Viana do Castelo;Viana do Castelo;ACC;1;16;1609;160943
2026-06;2026;06;Aveiro;Aveiro;ACC;1;01;0105;010517
2026-06;2026;06;Porto;Gondomar;ACC;3;13;1304;130415
2026-06;2026;06;Porto;Gondomar;CER;1;13;1304;130415
2026-06;2026;06;Setúbal;Grândola;ACC;3;15;1505;150506
2026-06;2026;06;Lisboa;Mafra;ACC;3;11;1109;110920
2026-06;2026;06;Bragança;Bragança;ACC;1;04;0402;040252
2026-06;2026;06;Vila Real;Chaves;ACC;3;17;1703;170354
2026-06;2026;06;Évora;Évora;ACC;10;07;0705;070524
2026-06;2026;06;Viseu;Mangualde;ACC;1;18;1806;180619
2026-06;2026;06;Lisboa;Torres Vedras;ACC;1;11;1113;111325
2026-06;2026;06;Guarda;Gouveia;ACC;1;09;0906;090626
2026-06;2026;06;Bragança;Mogadouro;ACC;2;04;0408;040830
2026-06;2026;06;Coimbra;Montemor-o-Velho;ACC;1;06;0610;061016
2026-06;2026;06;Leiria;Leiria;ACC;1;10;1009;100935
2026-06;2026;06;Braga;Braga;ACC;2;03;0303;030377
2026-06;2026;06;Aveiro;Oliveira de Azeméis;ACC;4;01;0113;011321
2026-06;2026;06;Lisboa;Oeiras;ACC;4;11;1110;111014
2026-06;2026;06;Viseu;Santa Comba Dão;ACC;1;18;1814;181410
2026-06;2026;06;Setúbal;Montijo;ACC;1;15;1507;150711
2026-06;2026;06;Coimbra;Cantanhede;ACC;1;06;0602;060222
2026-06;2026;06;Viana do Castelo;Melgaço;ACC;1;16;1603;160322
2026-06;2026;06;Lisboa;Odivelas;ACC;2;11;1116;111610
2026-06;2026;06;Portalegre;Portalegre;ACC;1;12;1214;121413
2026-06;2026;06;Braga;Guimarães;ACC;1;03;0308;030887
2026-06;2026;06;Lisboa;Loures;ACC;3;11;1107;110730
2026-06;2026;06;Lisboa;Loures;ACC;3;11;1107;110729
2026-06;2026;06;Porto;Santo Tirso;ACC;4;13;1314;131437
2026-06;2026;06;Viseu;Mangualde;ACC;1;18;1806;180621
2026-06;2026;06;Viseu;Santa Comba Dão;ACC;1;18;1814;181411
2026-06;2026;06;Portalegre;Portalegre;ACC;2;12;1214;121411
2026-06;2026;06;Setúbal;Barreiro;ACC;2;15;1504;150409
2026-06;2026;06;Setúbal;Santiago do Cacém;ACC;2;15;1509;150912
2026-06;2026;06;Santarém;Tomar;ACC;2;14;1418;141821
2026-06;2026;06;Viana do Castelo;Valença;ACC;1;16;1608;160820
2026-06;2026;06;Porto;Felgueiras;ACC;1;13;1303;130341
2026-06;2026;06;Lisboa;Azambuja;ACC;1;11;1103;110306
2026-06;2026;06;Porto;Valongo;ACC;5;13;1315;131505
2026-06;2026;06;Viseu;Lamego;ACC;1;18;1805;180523
2026-06;2026;06;Lisboa;Torres Vedras;ACC;1;11;1113;111318
2026-06;2026;06;Braga;Barcelos;ACC;1;03;0302;0302FL
2026-06;2026;06;Porto;Amarante;ACC;1;13;1301;130138
2026-06;2026;06;Santarém;Cartaxo;ACC;2;14;1406;140607
2026-06;2026;06;Porto;Amarante;ACC;1;13;1301;130147
2026-06;2026;06;Porto;Maia;ACC;1;13;1306;130616
2026-06;2026;06;Castelo Branco;Vila Velha de Ródão;ACC;1;05;0511;051104
2026-06;2026;06;Porto;Paredes;ACC;2;13;1310;131024
2026-01;2026;01;Lisboa;Cascais;ACC;2;11;1105;110501
2026-01;2026;01;Lisboa;Lisboa;ACC;2;11;1106;110602
2026-01;2026;01;Setúbal;Alcochete;ACC;1;15;1502;150201
2026-01;2026;01;Porto;Valongo;ACC;4;13;1315;131501
2026-01;2026;01;Lisboa;Sintra;ACC;3;11;1111;111102
2026-01;2026;01;Faro;Loulé;ACC;4;08;0808;080801
2026-01;2026;01;Santarém;Alpiarça;ACC;1;14;1404;140401
2026-01;2026;01;Leiria;Caldas da Rainha;ACC;1;10;1006;100602
2026-01;2026;01;Viana do Castelo;Viana do Castelo;ACC;1;16;1609;160904
2026-01;2026;01;Braga;Fafe;ACC;1;03;0307;030730
2026-01;2026;01;Lisboa;Arruda dos Vinhos;ACC;2;11;1102;110202
2026-01;2026;01;Portalegre;Elvas;ACC;1;12;1207;120712
2026-01;2026;01;Porto;Vila do Conde;ACC;2;13;1316;131603
2026-01;2026;01;Porto;Gondomar;CER;1;13;1304;130412
2026-01;2026;01;Lisboa;Lisboa;ACC;3;11;1106;110607
2026-01;2026;01;Lisboa;Lisboa;ACC;1;11;1106;110658
2026-01;2026;01;Porto;Marco de Canaveses;ACC;1;13;1307;130734
2026-01;2026;01;Viseu;São Pedro do Sul;ACC;1;18;1816;181602
2026-01;2026;01;Aveiro;Murtosa;ACC;2;01;0112;011201
2026-01;2026;01;Portalegre;Elvas;ACC;1;12;1207;120713
2026-01;2026;01;Porto;Lousada;ACC;1;13;1305;130504
2026-01;2026;01;Viana do Castelo;Ponte de Lima;ACC;1;16;1607;160713
2026-01;2026;01;Porto;Porto;CER;1;13;1312;131203
2026-01;2026;01;Porto;Vila Nova de Gaia;ACC;3;13;1317;131703
2026-01;2026;01;Leiria;Leiria;ACC;3;10;1009;100907
2026-01;2026;01;Lisboa;Lisboa;ACC;2;11;1106;110611
2026-01;2026;01;Braga;Barcelos;ACC;1;03;0302;030220
2026-06;2026;06;Porto;Vila Nova de Gaia;ACC;1;13;1317;131726
2026-06;2026;06;Porto;Vila Nova de Gaia;ACC;1;13;1317;131729
2026-06;2026;06;Porto;Vila Nova de Gaia;ACC;2;13;1317;131731
2026-06;2026;06;Porto;Vila Nova de Gaia;ACC;5;13;1317;131730
2026-01;2026;01;Porto;Paredes;ACC;1;13;1310;131008
2026-01;2026;01;Porto;Maia;ACC;2;13;1306;130619
2026-01;2026;01;Viana do Castelo;Vila Nova de Cerveira;ACC;1;16;1610;161003
2026-01;2026;01;Aveiro;Ovar;ACC;1;01;0115;011502
2026-01;2026;01;Porto;Valongo;ACC;5;13;1315;131503
2026-01;2026;01;Porto;Valongo;CER;1;13;1315;131503
2026-01;2026;01;Aveiro;Ovar;ACC;1;01;0115;011503
2026-01;2026;01;Porto;Póvoa de Varzim;ACC;1;13;1313;131307
2026-01;2026;01;Castelo Branco;Covilhã;ACC;1;05;0503;050311
2026-01;2026;01;Porto;Paços de Ferreira;ACC;1;13;1309;130906
2026-01;2026;01;Porto;Maia;ACC;1;13;1306;130603
2026-01;2026;01;Viana do Castelo;Valença;ACC;1;16;1608;160805
2026-01;2026;01;Santarém;Rio Maior;ACC;1;14;1414;141405
2026-01;2026;01;Porto;Paços de Ferreira;ACC;1;13;1309;130917
2026-01;2026;01;Porto;Paços de Ferreira;ACC;1;13;1309;130908
2026-01;2026;01;Portalegre;Fronteira;ACC;1;12;1208;120802
2026-01;2026;01;Braga;Guimarães;ACC;1;03;0308;030820
2026-01;2026;01;Guarda;Gouveia;ACC;1;09;0906;090625
2026-01;2026;01;Porto;Vila do Conde;ACC;1;13;1316;131611
2026-01;2026;01;Viseu;Penalva do Castelo;ACC;2;18;1811;181105
2026-01;2026;01;Braga;Vila Nova de Famalicão;ACC;1;03;0312;031219
2026-01;2026;01;Castelo Branco;Castelo Branco;ACC;1;05;0502;050211
2026-01;2026;01;Vila Real;Vila Real;ACC;1;17;1714;171414
2026-01;2026;01;Coimbra;Penacova;ACC;2;06;0613;061304
2026-01;2026;01;Faro;Loulé;ACC;3;08;0808;080808
2026-01;2026;01;Faro;Loulé;ACC;1;08;0808;080809
2026-01;2026;01;Porto;Amarante;ACC;1;13;1301;130121
2026-01;2026;01;Lisboa;Lisboa;CER;1;11;1106;110618
2026-01;2026;01;Braga;Barcelos;ACC;2;03;0302;030245
2026-01;2026;01;Porto;Marco de Canaveses;ACC;4;13;1307;130736
2026-01;2026;01;Coimbra;Figueira da Foz;ACC;2;06;0605;060508
2026-01;2026;01;Faro;Portimão;ACC;1;08;0811;081102
2026-01;2026;01;Aveiro;Santa Maria da Feira;ACC;1;01;0109;010914
2026-01;2026;01;Bragança;Mirandela;ACC;2;04;0407;040721
2026-01;2026;01;Setúbal;Moita;ACC;2;15;1506;150603
2026-01;2026;01;Santarém;Alcanena;ACC;1;14;1402;140207
2026-01;2026;01;Santarém;Salvaterra de Magos;ACC;1;14;1415;141503
2026-01;2026;01;Porto;Maia;ACC;2;13;1306;130620
2026-01;2026;01;Évora;Évora;ACC;1;07;0705;070503
2026-01;2026;01;Évora;Vila Viçosa;ACC;2;07;0714;071406
2026-01;2026;01;Aveiro;Oliveira do Bairro;ACC;3;01;0114;011403
2026-01;2026;01;Braga;Braga;CER;1;03;0303;030331
2026-01;2026;01;Lisboa;Lisboa;ACC;2;11;1106;110662
2026-01;2026;01;Faro;Olhão;ACC;1;08;0810;081004
2026-01;2026;01;Bragança;Mogadouro;ACC;1;04;0408;040812
2026-01;2026;01;Beja;Serpa;ACC;1;02;0213;021303
2026-01;2026;01;Guarda;Pinhel;ACC;1;09;0910;091017
2026-01;2026;01;Braga;Guimarães;ACC;2;03;0308;030837
2026-01;2026;01;Leiria;Pombal;ACC;3;10;1015;101509
2026-01;2026;01;Faro;Portimão;ACC;4;08;0811;081103
2026-01;2026;01;Braga;Póvoa de Lanhoso;ACC;1;03;0309;030919
2026-01;2026;01;Setúbal;Palmela;ACC;1;15;1508;150804
2026-01;2026;01;Setúbal;Sesimbra;ACC;2;15;1511;151103
2026-01;2026;01;Santarém;Torres Novas;ACC;1;14;1419;141910
2026-01;2026;01;Évora;Borba;ACC;1;07;0703;070303
2026-01;2026;01;Vila Real;Vila Pouca de Aguiar;ACC;1;17;1713;171317
2026-01;2026;01;Braga;Guimarães;ACC;1;03;0308;030858
2026-01;2026;01;Lisboa;Torres Vedras;ACC;4;11;1113;111326
2026-01;2026;01;Viana do Castelo;Viana do Castelo;ACC;1;16;1609;160928
2026-01;2026;01;Évora;Alandroal;ACC;1;07;0701;070103
2026-01;2026;01;Évora;Évora;ACC;1;07;0705;070506
2026-01;2026;01;Faro;São Brás de Alportel;ACC;1;08;0812;081201
2026-01;2026;01;Lisboa;Lisboa;ACC;4;11;1106;110639
2026-01;2026;01;Portalegre;Castelo de Vide;ACC;1;12;1205;120504
2026-01;2026;01;Beja;Aljustrel;ACC;1;02;0201;020104
2026-01;2026;01;Aveiro;Santa Maria da Feira;ACC;2;01;0109;010918
2026-01;2026;01;Viana do Castelo;Valença;ACC;1;16;1608;160812
2026-01;2026;01;Santarém;Tomar;ACC;1;14;1418;141813
2026-01;2026;01;Porto;Maia;ACC;1;13;1306;130613
2026-01;2026;01;Castelo Branco;Castelo Branco;ACC;1;05;0502;050222
2026-01;2026;01;Viseu;Sátão;ACC;2;18;1817;181710
2026-01;2026;01;Braga;Braga;ACC;1;03;0303;030354
2026-01;2026;01;Setúbal;Setúbal;ACC;3;15;1512;151205
2026-01;2026;01;Guarda;Sabugal;ACC;1;09;0911;091134
2026-01;2026;01;Viseu;Tabuaço;ACC;1;18;1819;181914
2026-01;2026;01;Coimbra;Figueira da Foz;ACC;1;06;0605;060512
2026-01;2026;01;Porto;Amarante;ACC;1;13;1301;130135
2026-01;2026;01;Braga;Vila Verde;ACC;1;03;0313;031354
2026-01;2026;01;Santarém;Abrantes;ACC;1;14;1401;140120
2026-01;2026;01;Guarda;Aguiar da Beira;ACC;1;09;0901;090114
2026-01;2026;01;Portalegre;Avis;ACC;1;12;1203;120309
2026-01;2026;01;Braga;Amares;ACC;2;03;0301;030125
2026-01;2026;01;Aveiro;Anadia;ACC;1;01;0103;010317
2026-01;2026;01;Braga;Barcelos;ACC;1;03;0302;030292
2026-01;2026;01;Aveiro;Arouca;ACC;1;01;0104;010421
2026-01;2026;01;Coimbra;Coimbra;ACC;1;06;0603;060333
2026-01;2026;01;Setúbal;Setúbal;ACC;2;15;1512;151209
2026-01;2026;01;Lisboa;Loures;ACC;3;11;1107;110728
2026-01;2026;01;Beja;Beja;ACC;4;02;0205;020520
2026-01;2026;01;Porto;Valongo;CER;1;13;1315;131506
2026-01;2026;01;Santarém;Cartaxo;ACC;2;14;1406;140609
2026-01;2026;01;Lisboa;Cascais;ACC;4;11;1105;110508
2026-01;2026;01;Lisboa;Vila Franca de Xira;ACC;1;11;1114;111414
2026-01;2026;01;Braga;Braga;ACC;1;03;0303;030367
2026-01;2026;01;Santarém;Chamusca;ACC;1;14;1407;140708
2026-01;2026;01;Coimbra;Condeixa-a-Nova;ACC;3;06;0604;060411
2026-01;2026;01;Portalegre;Crato;ACC;1;12;1206;120607
2026-01;2026;01;Faro;Lagoa;ACC;1;08;0806;080607
2026-01;2026;01;Évora;Estremoz;ACC;6;07;0704;070414
2026-01;2026;01;Porto;Gondomar;CER;1;13;1304;130413
2026-01;2026;01;Faro;Faro;CER;1;08;0805;080508
2026-01;2026;01;Viseu;Vouzela;ACC;1;18;1824;182414
2026-01;2026;01;Braga;Braga;ACC;1;03;0303;030371
2026-01;2026;01;Leiria;Figueiró dos Vinhos;ACC;3;10;1008;100806
2026-01;2026;01;Aveiro;Aveiro;ACC;1;01;0105;010517
2026-01;2026;01;Porto;Vila Nova de Gaia;ACC;2;13;1317;131725
2026-01;2026;01;Faro;Lagoa;ACC;1;08;0806;080608
2026-01;2026;01;Setúbal;Almada;ACC;3;15;1503;150315
2026-01;2026;01;Porto;Porto;CER;1;13;1312;131218
2026-01;2026;01;Porto;Felgueiras;ACC;2;13;1303;130335
2026-01;2026;01;Braga;Braga;ACC;1;03;0303;030374
2026-01;2026;01;Aveiro;Oliveira de Azeméis;ACC;3;01;0113;011321
2026-01;2026;01;Lisboa;Oeiras;ACC;4;11;1110;111014
2026-01;2026;01;Coimbra;Oliveira do Hospital;ACC;1;06;0611;061124
2026-01;2026;01;Braga;Guimarães;ACC;2;03;0308;030884
2026-01;2026;01;Aveiro;Oliveira de Azeméis;ACC;1;01;0113;011322
2026-01;2026;01;Setúbal;Montijo;ACC;1;15;1507;150711
2026-01;2026;01;Setúbal;Palmela;ACC;3;15;1508;150806
2026-01;2026;01;Lisboa;Odivelas;ACC;6;11;1116;111608
2026-01;2026;01;Portalegre;Portalegre;ACC;1;12;1214;121413
2026-01;2026;01;Lisboa;Loures;ACC;2;11;1107;110729
2026-01;2026;01;Viseu;Mangualde;ACC;1;18;1806;180621
2026-01;2026;01;Portalegre;Portalegre;ACC;1;12;1214;121411
2026-01;2026;01;Porto;Lousada;ACC;1;13;1305;130532
2026-01;2026;01;Coimbra;Penela;ACC;2;06;0614;061407
2026-01;2026;01;Santarém;Abrantes;ACC;1;14;1401;140124
2026-01;2026;01;Coimbra;Coimbra;ACC;2;06;0603;060339
2026-01;2026;01;Coimbra;Coimbra;ACC;1;06;0603;060340
2026-01;2026;01;Faro;Tavira;ACC;1;08;0814;081412
2026-01;2026;01;Viseu;Tondela;ACC;2;18;1821;182132
2026-01;2026;01;Braga;Celorico de Basto;ACC;1;03;0305;030527
2026-01;2026;01;Viana do Castelo;Vila Nova de Cerveira;ACC;2;16;1610;161019
2026-01;2026;01;Viseu;Vouzela;ACC;1;18;1824;182415
2026-01;2026;01;Lisboa;Mafra;ACC;2;11;1109;110922
2026-01;2026;01;Leiria;Nazaré;ACC;1;10;1011;101103
2026-01;2026;01;Santarém;Cartaxo;ACC;1;14;1406;140608
2026-01;2026;01;Aveiro;Ovar;ACC;1;01;0115;011507
2026-01;2026;01;Lisboa;Amadora;ACC;2;11;1115;111517
2026-01;2026;01;Lisboa;Vila Franca de Xira;ACC;2;11;1114;111408
2026-01;2026;01;Porto;Amarante;ACC;1;13;1301;130139
2026-01;2026;01;Braga;Vila Verde;ACC;2;03;0313;031342
2026-01;2026;01;Castelo Branco;Vila de Rei;ACC;1;05;0510;051003
2026-01;2026;01;Porto;Paços de Ferreira;ACC;1;13;1309;130918
2026-01;2026;01;Lisboa;Sintra;ACC;1;11;1111;111123
2026-01;2026;01;Beja;Almodôvar;ACC;1;02;0202;020209
2026-01;2026;01;Braga;Esposende;ACC;1;03;0306;030616
2026-01;2026;01;Porto;Póvoa de Varzim;ACC;1;13;1313;131313
2026-01;2026;01;Braga;Barcelos;ACC;3;03;0302;030293
2026-01;2026;01;Castelo Branco;Castelo Branco;ACC;1;05;0502;050228
2026-01;2026;01;Braga;Esposende;ACC;5;03;0306;030618
2026-01;2026;01;Aveiro;Vagos;ACC;1;01;0118;011812
2026-01;2026;01;Vila Real;Santa Marta de Penaguião;ACC;1;17;1711;171111
2026-01;2026;01;Porto;Lousada;ACC;1;13;1305;130530
2026-01;2026;01;Faro;Tavira;ACC;1;08;0814;081411
2026-01;2026;01;Lisboa;Sintra;ACC;3;11;1111;111126
2026-01;2026;01;Santarém;Salvaterra de Magos;ACC;1;14;1415;141508
2026-01;2026;01;Aveiro;Santa Maria da Feira;ACC;1;01;0109;010936
2026-01;2026;01;Setúbal;Seixal;ACC;7;15;1510;151007
2026-01;2026;01;Porto;Vila do Conde;ACC;3;13;1316;131628
2026-01;2026;01;Porto;Vila do Conde;CER;1;13;1316;131628
2026-01;2026;01;Vila Real;Vila Pouca de Aguiar;ACC;1;17;1713;171314
2026-02;2026;02;Braga;Braga;ACC;4;03;0303;030301
2026-02;2026;02;Aveiro;Águeda;ACC;1;01;0101;010103
2026-02;2026;02;Porto;Santo Tirso;ACC;1;13;1314;131402
2026-02;2026;02;Lisboa;Cascais;ACC;2;11;1105;110501
2026-02;2026;02;Évora;Viana do Alentejo;ACC;1;07;0713;071301
2026-02;2026;02;Braga;Guimarães;ACC;1;03;0308;030801
2026-02;2026;02;Guarda;Guarda;ACC;1;09;0907;090703
2026-02;2026;02;Porto;Valongo;CER;1;13;1315;131501
2026-02;2026;02;Lisboa;Amadora;ACC;3;11;1115;111512
2026-02;2026;02;Setúbal;Moita;ACC;1;15;1506;150601
2026-02;2026;02;Faro;Aljezur;ACC;2;08;0803;080301
2026-02;2026;02;Leiria;Alcobaça;ACC;1;10;1001;100120
2026-02;2026;02;Santarém;Alpiarça;ACC;1;14;1404;140401
2026-02;2026;02;Aveiro;Arouca;ACC;1;01;0104;010402
2026-02;2026;02;Setúbal;Seixal;ACC;5;15;1510;151002
2026-02;2026;02;Évora;Estremoz;ACC;1;07;0704;070401
2026-02;2026;02;Braga;Fafe;ACC;1;03;0307;030730
2026-02;2026;02;Leiria;Leiria;ACC;2;10;1009;100902
2026-02;2026;02;Évora;Arraiolos;ACC;2;07;0702;070201
2026-02;2026;02;Lisboa;Lisboa;ACC;1;11;1106;110656
2026-02;2026;02;Lisboa;Arruda dos Vinhos;ACC;2;11;1102;110202
2026-02;2026;02;Porto;Vila do Conde;ACC;3;13;1316;131602
2026-02;2026;02;Porto;Vila do Conde;ACC;2;13;1316;131603
2026-02;2026;02;Lisboa;Lisboa;ACC;1;11;1106;110657
2026-02;2026;02;Porto;Gondomar;CER;1;13;1304;130412
2026-02;2026;02;Leiria;Alcobaça;ACC;1;10;1001;100104
2026-02;2026;02;Vila Real;Boticas;ACC;1;17;1702;170203
2026-02;2026;02;Porto;Marco de Canaveses;ACC;1;13;1307;130734
2026-02;2026;02;Faro;Loulé;ACC;1;08;0808;080804
2026-02;2026;02;Porto;Porto;CER;1;13;1312;131202
2026-02;2026;02;Viseu;São Pedro do Sul;ACC;1;18;1816;181602
2026-02;2026;02;Aveiro;Albergaria-a-Velha;ACC;1;01;0102;010204
2026-02;2026;02;Braga;Guimarães;ACC;2;03;0308;030807
2026-02;2026;02;Coimbra;Figueira da Foz;ACC;1;06;0605;060520
2026-02;2026;02;Lisboa;Loures;ACC;1;11;1107;110702
2026-02;2026;02;Porto;Penafiel;ACC;1;13;1311;131103
2026-02;2026;02;Portalegre;Elvas;ACC;1;12;1207;120713
2026-02;2026;02;Braga;Guimarães;ACC;1;03;0308;030808
2026-02;2026;02;Viseu;Nelas;ACC;1;18;1809;180901
2026-02;2026;02;Lisboa;Mafra;ACC;1;11;1109;110902
2026-02;2026;02;Lisboa;Sintra;ACC;1;11;1111;111115
2026-02;2026;02;Vila Real;Sabrosa;ACC;1;17;1710;171001
2026-02;2026;02;Coimbra;Coimbra;ACC;1;06;0603;060312
2026-02;2026;02;Porto;Maia;CER;1;13;1306;130619
2026-02;2026;02;Porto;Marco de Canaveses;ACC;2;13;1307;130705
2026-02;2026;02;Braga;Vieira do Minho;ACC;1;03;0311;031107
2026-02;2026;02;Aveiro;Aveiro;ACC;4;01;0105;010505
2026-02;2026;02;Braga;Fafe;ACC;1;03;0307;030708
2026-02;2026;02;Leiria;Alcobaça;ACC;1;10;1001;100108
2026-02;2026;02;Aveiro;Oliveira de Azeméis;ACC;1;01;0113;011303
2026-02;2026;02;Santarém;Almeirim;ACC;1;14;1403;140303
2026-02;2026;02;Coimbra;Penacova;ACC;2;06;0613;061302
2026-02;2026;02;Porto;Paços de Ferreira;ACC;1;13;1309;130906
2026-02;2026;02;Viseu;Viseu;ACC;1;18;1823;182315
2026-02;2026;02;Porto;Paços de Ferreira;ACC;1;13;1309;130908
2026-02;2026;02;Braga;Vila Verde;ACC;1;03;0313;031316
2026-02;2026;02;Aveiro;Ílhavo;ACC;1;01;0110;011005
2026-02;2026;02;Porto;Paredes;CER;1;13;1310;131011
2026-02;2026;02;Porto;Vila do Conde;ACC;1;13;1316;131610
2026-02;2026;02;Santarém;Golegã;ACC;1;14;1412;141202
2026-02;2026;02;Braga;Guimarães;ACC;1;03;0308;030820
2026-02;2026;02;Guarda;Gouveia;ACC;1;09;0906;090625
2026-02;2026;02;Évora;Mourão;ACC;1;07;0708;070801
2026-02;2026;02;Guarda;Guarda;ACC;1;09;0907;090758
2026-02;2026;02;Portalegre;Ponte de Sor;ACC;1;12;1213;121305
2026-02;2026;02;Braga;Guimarães;ACC;1;03;0308;030828
2026-02;2026;02;Faro;Loulé;ACC;3;08;0808;080808
2026-02;2026;02;Aveiro;Santa Maria da Feira;ACC;1;01;0109;010913
2026-02;2026;02;Porto;Amarante;ACC;1;13;1301;130121
2026-02;2026;02;Bragança;Macedo de Cavaleiros;ACC;1;04;0405;040520
2026-02;2026;02;Braga;Barcelos;ACC;2;03;0302;030245
2026-02;2026;02;Santarém;Salvaterra de Magos;ACC;3;14;1415;141502
2026-02;2026;02;Faro;Portimão;ACC;1;08;0811;081102
2026-02;2026;02;Porto;Maia;ACC;3;13;1306;130608
2026-02;2026;02;Coimbra;Mira;ACC;1;06;0608;060801
2026-02;2026;02;Bragança;Miranda do douro;ACC;1;04;0406;040608
2026-02;2026;02;Bragança;Mirandela;ACC;3;04;0407;040721
2026-02;2026;02;Lisboa;Lisboa;ACC;2;11;1106;110661
2026-02;2026;02;Viseu;Moimenta da Beira;ACC;1;18;1807;180710
2026-02;2026;02;Santarém;Alcanena;ACC;1;14;1402;140207
2026-02;2026;02;Évora;Mora;ACC;1;07;0707;070703
2026-02;2026;02;Vila Real;Murça;ACC;1;17;1707;170705
2026-02;2026;02;Viseu;Nelas;ACC;1;18;1809;180903
2026-02;2026;02;Porto;Lousada;ACC;1;13;1305;130515
2026-02;2026;02;Santarém;Ourém;ACC;3;14;1421;142115
2026-02;2026;02;Évora;Évora;ACC;1;07;0705;070503
2026-02;2026;02;Évora;Vila Viçosa;ACC;2;07;0714;071406
2026-02;2026;02;Leiria;Óbidos;ACC;1;10;1012;101203
2026-02;2026;02;Beja;Ourique;ACC;1;02;0212;021203
2026-02;2026;02;Porto;Paços de Ferreira;ACC;1;13;1309;130918
2026-02;2026;02;Lisboa;Lisboa;ACC;2;11;1106;110662
2026-02;2026;02;Leiria;Pombal;ACC;2;10;1015;101508
2026-02;2026;02;Porto;Penafiel;ACC;2;13;1311;131139
2026-02;2026;02;Leiria;Peniche;ACC;1;10;1014;101407
2026-02;2026;02;Santarém;Santarém;ACC;1;14;1416;141614
2026-02;2026;02;Beja;Serpa;ACC;1;02;0213;021303
2026-02;2026;02;Setúbal;Palmela;ACC;1;15;1508;150803
2026-02;2026;02;Braga;Guimarães;ACC;1;03;0308;030838
2026-02;2026;02;Faro;Lagoa;ACC;1;08;0806;080604
2026-02;2026;02;Faro;Portimão;ACC;4;08;0811;081103
2026-02;2026;02;Leiria;Porto de Mós;ACC;1;10;1016;101614
2026-02;2026;02;Braga;Barcelos;ACC;2;03;0302;030261
2026-02;2026;02;Beja;Moura;ACC;1;02;0210;021002
2026-02;2026;02;Faro;Loulé;ACC;2;08;0808;080805
2026-02;2026;02;Setúbal;Palmela;ACC;1;15;1508;150804
2026-02;2026;02;Porto;Porto;CER;1;13;1312;131211
2026-02;2026;02;Viseu;Resende;ACC;2;18;1813;181311
2026-02;2026;02;Santarém;Torres Novas;ACC;1;14;1419;141910
2026-02;2026;02;Porto;Penafiel;ACC;2;13;1311;131129
2026-02;2026;02;Porto;Gondomar;CER;1;13;1304;130408
2026-02;2026;02;Braga;Guimarães;ACC;1;03;0308;030858
2026-02;2026;02;Beja;Beja;ACC;1;02;0205;020510
2026-02;2026;02;Aveiro;Santa Maria da Feira;ACC;2;01;0109;010925
2026-02;2026;02;Leiria;Porto de Mós;ACC;1;10;1016;101610
2026-02;2026;02;Faro;São Brás de Alportel;ACC;1;08;0812;081201
2026-02;2026;02;Porto;Vila Nova de Gaia;ACC;4;13;1317;131717
2026-02;2026;02;Faro;Lagos;ACC;2;08;0807;080708
2026-02;2026;02;Beja;Aljustrel;ACC;1;02;0201;020104
2026-02;2026;02;Lisboa;Torres Vedras;ACC;2;11;1113;111314
2026-02;2026;02;Viana do Castelo;Valença;ACC;1;16;1608;160812
2026-02;2026;02;Santarém;Tomar;ACC;1;14;1418;141813
2026-02;2026;02;Viana do Castelo;Viana do Castelo;ACC;3;16;1609;160923
2026-02;2026;02;Castelo Branco;Castelo Branco;ACC;1;05;0502;050222
2026-02;2026;02;Santarém;Sardoal;ACC;1;14;1417;141703
2026-02;2026;02;Viseu;Sátão;ACC;2;18;1817;181710
2026-02;2026;02;Braga;Braga;ACC;1;03;0303;030354
2026-02;2026;02;Setúbal;Setúbal;ACC;3;15;1512;151205
2026-02;2026;02;Viseu;Sátão;ACC;1;18;1817;181711
2026-02;2026;02;Lisboa;Sobral de Monte Agraço;ACC;1;11;1112;111203
2026-02;2026;02;Porto;Paredes;CER;1;13;1310;131020
2026-02;2026;02;Portalegre;Sousel;ACC;1;12;1215;121504
2026-02;2026;02;Viseu;Tabuaço;ACC;1;18;1819;181914
2026-02;2026;02;Aveiro;Sever do Vouga;ACC;1;01;0117;011708
2026-02;2026;02;Braga;Barcelos;ACC;1;03;0302;030277
2026-02;2026;02;Porto;Amarante;ACC;1;13;1301;130135
2026-02;2026;02;Braga;Vila Verde;ACC;1;03;0313;031354
2026-02;2026;02;Aveiro;Águeda;ACC;2;01;0101;010121
2026-02;2026;02;Guarda;Aguiar da Beira;ACC;1;09;0901;090114
2026-02;2026;02;Lisboa;Alenquer;ACC;1;11;1101;110119
2026-02;2026;02;Braga;Barcelos;ACC;1;03;0302;030292
2026-02;2026;02;Setúbal;Setúbal;ACC;2;15;1512;151209
2026-02;2026;02;Évora;Évora;ACC;1;07;0705;070522
2026-02;2026;02;Aveiro;Estarreja;ACC;1;01;0108;010808
2026-02;2026;02;Leiria;Bombarral;ACC;1;10;1005;100506
2026-02;2026;02;Porto;Trofa;ACC;2;13;1318;131810
2026-02;2026;02;Porto;Valongo;ACC;1;13;1315;131506
2026-02;2026;02;Porto;Valongo;CER;1;13;1315;131506
2026-02;2026;02;Braga;Guimarães;ACC;2;03;0308;030881
2026-02;2026;02;Aveiro;Santa Maria da Feira;ACC;1;01;0109;010933
2026-02;2026;02;Lisboa;Cascais;ACC;3;11;1105;110507
2026-02;2026;02;Lisboa;Cascais;ACC;4;11;1105;110508
2026-02;2026;02;Lisboa;Vila Franca de Xira;ACC;1;11;1114;111414
2026-02;2026;02;Coimbra;Coimbra;ACC;1;06;0603;060334
2026-02;2026;02;Porto;Trofa;ACC;2;13;1318;131811
2026-02;2026;02;Coimbra;Coimbra;ACC;2;06;0603;060335
2026-02;2026;02;Portalegre;Nisa;ACC;1;12;1212;121212
2026-02;2026;02;Braga;Esposende;ACC;5;03;0306;030618
2026-02;2026;02;Braga;Braga;ACC;1;03;0303;030370
2026-02;2026;02;Évora;Estremoz;ACC;6;07;0704;070414
2026-02;2026;02;Porto;Gondomar;ACC;5;13;1304;130413
2026-02;2026;02;Faro;Faro;ACC;1;08;0805;080508
2026-02;2026;02;Faro;Faro;CER;1;08;0805;080508
2026-02;2026;02;Aveiro;Santa Maria da Feira;ACC;5;01;0109;010935
2026-02;2026;02;Leiria;Figueiró dos Vinhos;ACC;3;10;1008;100806
2026-02;2026;02;Aveiro;Vagos;ACC;1;01;0118;011812
2026-02;2026;02;Castelo Branco;Fundão;ACC;3;05;0504;050434
2026-02;2026;02;Setúbal;Grândola;ACC;1;15;1505;150506
2026-02;2026;02;Leiria;Nazaré;ACC;1;10;1011;101102
2026-02;2026;02;Setúbal;Alcácer do Sal;ACC;2;15;1501;150107
2026-02;2026;02;Leiria;Pombal;ACC;2;10;1015;101518
2026-02;2026;02;Setúbal;Almada;ACC;3;15;1503;150315
2026-02;2026;02;Porto;Porto;ACC;2;13;1312;131218
2026-02;2026;02;Porto;Matosinhos;CER;1;13;1308;130812
2026-02;2026;02;Lisboa;Torres Vedras;ACC;1;11;1113;111325
2026-02;2026;02;Guarda;Gouveia;ACC;1;09;0906;090626
2026-02;2026;02;Braga;Braga;ACC;1;03;0303;030374
2026-02;2026;02;Coimbra;Montemor-o-Velho;ACC;1;06;0610;061016
2026-02;2026;02;Setúbal;Montijo;ACC;4;15;1507;150710
2026-02;2026;02;Castelo Branco;Castelo Branco;ACC;1;05;0502;050230
2026-02;2026;02;Coimbra;Oliveira do Hospital;ACC;1;06;0611;061124
2026-02;2026;02;Viseu;Santa Comba Dão;ACC;1;18;1814;181410
2026-02;2026;02;Leiria;Leiria;ACC;1;10;1009;100937
2026-02;2026;02;Porto;Matosinhos;ACC;4;13;1308;130813
2026-02;2026;02;Portalegre;Ponte de Sor;ACC;2;12;1213;121308
2026-02;2026;02;Castelo Branco;Proença-a-Nova;ACC;2;05;0508;050807
2026-02;2026;02;Braga;Braga;ACC;3;03;0303;030379
2026-02;2026;02;Aveiro;Águeda;ACC;1;01;0101;010124
2026-02;2026;02;Portalegre;Portalegre;ACC;1;12;1214;121413
2026-02;2026;02;Santarém;Santarém;ACC;1;14;1416;141632
2026-02;2026;02;Lisboa;Sintra;ACC;2;11;1111;111127
2026-02;2026;02;Viseu;Mangualde;ACC;1;18;1806;180621
2026-02;2026;02;Portalegre;Portalegre;ACC;1;12;1214;121411
2026-02;2026;02;Braga;Guimarães;ACC;1;03;0308;030888
2026-02;2026;02;Coimbra;Cantanhede;ACC;1;06;0602;060223
2026-02;2026;02;Porto;Vila Nova de Gaia;ACC;2;13;1317;131731
2026-02;2026;02;Setúbal;Setúbal;ACC;4;15;1512;151210
2026-02;2026;02;Coimbra;Penela;ACC;2;06;0614;061407
2026-02;2026;02;Santarém;Abrantes;ACC;1;14;1401;140124
2026-02;2026;02;Coimbra;Coimbra;ACC;2;06;0603;060339
2026-02;2026;02;Leiria;Pombal;ACC;2;10;1015;101519
2026-02;2026;02;Faro;Tavira;ACC;1;08;0814;081412
2026-02;2026;02;Santarém;Torres Novas;ACC;1;14;1419;141920
2026-02;2026;02;Aveiro;Águeda;ACC;2;01;0101;010126
2026-02;2026;02;Braga;Celorico de Basto;ACC;1;03;0305;030527
2026-02;2026;02;Braga;Braga;ACC;1;03;0303;030381
2026-02;2026;02;Aveiro;Vale de Cambra;ACC;1;01;0119;011910
2026-02;2026;02;Braga;Barcelos;ACC;1;03;0302;0302FH
2026-02;2026;02;Beja;Serpa;ACC;1;02;0213;021309
2026-02;2026;02;Viana do Castelo;Arcos de Valdevez;ACC;1;16;1601;160149
2026-02;2026;02;Braga;Vila Nova de Famalicão;ACC;2;03;0312;031241
2026-02;2026;02;Porto;Valongo;CER;1;13;1315;131505
2026-02;2026;02;Santarém;Cartaxo;ACC;2;14;1406;140607
2026-02;2026;02;Viana do Castelo;Viana do Castelo;ACC;1;16;1609;160938
2026-02;2026;02;Castelo Branco;Vila de Rei;ACC;1;05;0510;051003
2026-02;2026;02;Porto;Vila do Conde;ACC;3;13;1316;131628
2026-02;2026;02;Vila Real;Mesão Frio;ACC;1;17;1704;170407
2026-02;2026;02;Lisboa;Cadaval;ACC;1;11;1104;110410
2026-02;2026;02;Porto;Vila do Conde;ACC;2;13;1316;131630
2026-02;2026;02;Castelo Branco;Vila Velha de Ródão;ACC;1;05;0511;051104
2026-02;2026;02;Porto;Paredes;ACC;2;13;1310;131024
2026-02;2026;02;Leiria;Alcobaça;ACC;1;10;1001;100116
2026-02;2026;02;Bragança;Vinhais;ACC;1;04;0412;041235
2026-03;2026;03;Viseu;Viseu;ACC;1;18;1823;182301
2026-03;2026;03;Braga;Braga;ACC;4;03;0303;030301
2026-03;2026;03;Porto;Santo Tirso;ACC;1;13;1314;131402
2026-03;2026;03;Évora;Viana do Alentejo;ACC;1;07;0713;071301
2026-03;2026;03;Santarém;Santarém;ACC;1;14;1416;141604
2026-03;2026;03;Santarém;Rio Maior;ACC;3;14;1414;141401
2026-03;2026;03;Braga;Guimarães;ACC;1;03;0308;030801
2026-03;2026;03;Guarda;Guarda;ACC;1;09;0907;090703
2026-03;2026;03;Porto;Valongo;ACC;4;13;1315;131501
2026-03;2026;03;Lisboa;Amadora;ACC;3;11;1115;111512
2026-03;2026;03;Faro;Loulé;ACC;5;08;0808;080801
2026-03;2026;03;Coimbra;Figueira da Foz;ACC;1;06;0605;060502
2026-03;2026;03;Faro;Portimão;ACC;1;08;0811;081101
2026-03;2026;03;Viana do Castelo;Ponte de Lima;ACC;1;16;1607;160701
2026-03;2026;03;Évora;Estremoz;ACC;1;07;0704;070401
2026-03;2026;03;Porto;Vila Nova de Gaia;ACC;2;13;1317;131701
2026-03;2026;03;Lisboa;Lisboa;ACC;1;11;1106;110656
2026-03;2026;03;Leiria;Peniche;ACC;1;10;1014;101402
2026-03;2026;03;Portalegre;Avis;ACC;1;12;1203;120303
2026-03;2026;03;Lisboa;Azambuja;ACC;1;11;1103;110304
2026-03;2026;03;Porto;Gondomar;ACC;4;13;1304;130412
2026-03;2026;03;Porto;Gondomar;CER;1;13;1304;130412
2026-03;2026;03;Lisboa;Oeiras;ACC;4;11;1110;111002
2026-03;2026;03;Vila Real;Boticas;ACC;1;17;1702;170203
2026-03;2026;03;Castelo Branco;Castelo Branco;ACC;1;05;0502;050203
2026-03;2026;03;Évora;Borba;ACC;1;07;0703;070301
2026-03;2026;03;Viseu;São Pedro do Sul;ACC;1;18;1816;181602
2026-03;2026;03;Vila Real;Vila Pouca de Aguiar;ACC;1;17;1713;171303
2026-03;2026;03;Aveiro;Albergaria-a-Velha;ACC;1;01;0102;010204
2026-03;2026;03;Aveiro;Murtosa;ACC;2;01;0112;011201
2026-03;2026;03;Porto;Lousada;ACC;1;13;1305;130504
2026-03;2026;03;Viana do Castelo;Ponte de Lima;ACC;1;16;1607;160713
2026-03;2026;03;Braga;Barcelos;ACC;1;03;0302;030220
2026-03;2026;03;Lisboa;Mafra;ACC;1;11;1109;110902
2026-03;2026;03;Castelo Branco;Castelo Branco;ACC;3;05;0502;050205
2026-03;2026;03;Porto;Maia;ACC;8;13;1306;130618
2026-03;2026;03;Porto;Marco de Canaveses;ACC;2;13;1307;130705
2026-03;2026;03;Braga;Guimarães;ACC;1;03;0308;030812
2026-03;2026;03;Porto;Paredes;CER;1;13;1310;131009
2026-03;2026;03;Porto;Paços de Ferreira;ACC;1;13;1309;130904
2026-03;2026;03;Porto;Póvoa de Varzim;ACC;1;13;1313;131307
2026-03;2026;03;Lisboa;Lisboa;ACC;1;11;1106;110660
2026-03;2026;03;Braga;Fafe;ACC;3;03;0307;030709
2026-03;2026;03;Aveiro;Oliveira de Azeméis;ACC;1;01;0113;011303
2026-03;2026;03;Lisboa;Amadora;ACC;2;11;1115;111515
2026-03;2026;03;Santarém;Ourém;ACC;5;14;1421;142106
2026-03;2026;03;Viana do Castelo;Ponte de Lima;ACC;1;16;1607;160719
2026-03;2026;03;Castelo Branco;Covilhã;ACC;1;05;0503;050311
2026-03;2026;03;Braga;Braga;ACC;1;03;0303;030315
2026-03;2026;03;Porto;Paços de Ferreira;ACC;1;13;1309;130906
2026-03;2026;03;Porto;Maia;ACC;1;13;1306;130603
2026-03;2026;03;Guarda;Fornos de Algodres;ACC;1;09;0905;090505
2026-03;2026;03;Viseu;Viseu;ACC;1;18;1823;182315
2026-03;2026;03;Santarém;Rio Maior;ACC;1;14;1414;141405
2026-03;2026;03;Portalegre;Fronteira;ACC;1;12;1208;120802
2026-03;2026;03;Leiria;Óbidos;ACC;1;10;1012;101208
2026-03;2026;03;Setúbal;Setúbal;ACC;1;15;1512;151207
2026-03;2026;03;Santarém;Golegã;ACC;1;14;1412;141202
2026-03;2026;03;Évora;Mourão;ACC;1;07;0708;070801
2026-03;2026;03;Viseu;Tondela;ACC;1;18;1821;182108
2026-03;2026;03;Porto;Penafiel;ACC;1;13;1311;131141
2026-03;2026;03;Braga;Vila Nova de Famalicão;ACC;1;03;0312;031219
2026-03;2026;03;Braga;Vila Verde;ACC;1;03;0313;031323
2026-03;2026;03;Faro;Loulé;ACC;4;08;0808;080808
2026-03;2026;03;Bragança;Macedo de Cavaleiros;ACC;1;04;0405;040520
2026-03;2026;03;Guarda;Fornos de Algodres;ACC;1;09;0905;090509
2026-03;2026;03;Braga;Barcelos;ACC;1;03;0302;030244
2026-03;2026;03;Lisboa;Mafra;ACC;2;11;1109;110909
2026-03;2026;03;Coimbra;Figueira da Foz;ACC;2;06;0605;060508
2026-03;2026;03;Leiria;Marinha Grande;ACC;5;10;1010;101001
2026-03;2026;03;Braga;Fafe;ACC;1;03;0307;030716
2026-03;2026;03;Porto;Maia;ACC;4;13;1306;130608
2026-03;2026;03;Lisboa;Amadora;ACC;2;11;1115;111516
2026-03;2026;03;Coimbra;Mira;ACC;1;06;0608;060801
2026-03;2026;03;Lisboa;Lisboa;ACC;2;11;1106;110661
2026-03;2026;03;Viseu;Moimenta da Beira;ACC;1;18;1807;180710
2026-03;2026;03;Santarém;Constância;ACC;1;14;1408;140802
2026-03;2026;03;Porto;Santo Tirso;ACC;1;13;1314;131413
2026-03;2026;03;Évora;Mora;ACC;2;07;0707;070703
2026-03;2026;03;Vila Real;Murça;ACC;1;17;1707;170705
2026-03;2026;03;Beja;Beja;ACC;1;02;0205;020506
2026-03;2026;03;Santarém;Entroncamento;ACC;1;14;1410;141002
2026-03;2026;03;Évora;Évora;ACC;1;07;0705;070503
2026-03;2026;03;Aveiro;Oliveira do Bairro;ACC;3;01;0114;011403
2026-03;2026;03;Leiria;Óbidos;ACC;1;10;1012;101203
2026-03;2026;03;Lisboa;Lisboa;ACC;2;11;1106;110633
2026-03;2026;03;Aveiro;Santa Maria da Feira;ACC;2;01;0109;010919
2026-03;2026;03;Braga;Braga;ACC;2;03;0303;030331
2026-03;2026;03;Aveiro;Espinho;ACC;1;01;0107;010704
2026-03;2026;03;Porto;Porto;ACC;1;13;1312;131210
2026-03;2026;03;Porto;Porto;CER;1;13;1312;131210
2026-03;2026;03;Lisboa;Lisboa;ACC;3;11;1106;110662
2026-03;2026;03;Faro;Olhão;ACC;1;08;0810;081004
2026-03;2026;03;Porto;Penafiel;ACC;2;13;1311;131139
2026-03;2026;03;Leiria;Peniche;ACC;1;10;1014;101407
2026-03;2026;03;Guarda;Seia;ACC;1;09;0912;091209
2026-03;2026;03;Braga;Guimarães;ACC;2;03;0308;030837
2026-03;2026;03;Faro;Loulé;ACC;2;08;0808;080805
2026-03;2026;03;Setúbal;Palmela;ACC;1;15;1508;150804
2026-03;2026;03;Évora;Redondo;ACC;1;07;0710;071002
2026-03;2026;03;Aveiro;Aveiro;ACC;1;01;0105;010516
2026-03;2026;03;Viseu;Viseu;ACC;2;18;1823;182323
2026-03;2026;03;Aveiro;Santa Maria da Feira;ACC;1;01;0109;010921
2026-03;2026;03;Porto;Gondomar;CER;1;13;1304;130408
2026-03;2026;03;Castelo Branco;Idanha-a-Nova;ACC;1;05;0505;050512
2026-03;2026;03;Beja;Beja;ACC;1;02;0205;020510
2026-03;2026;03;Aveiro;Aveiro;ACC;1;01;0105;010513
2026-03;2026;03;Lisboa;Lisboa;ACC;1;11;1106;110666
2026-03;2026;03;Faro;Silves;ACC;2;08;0813;081305
2026-03;2026;03;Lisboa;Cascais;ACC;3;11;1105;110506
2026-03;2026;03;Porto;Vila Nova de Gaia;ACC;4;13;1317;131717
2026-03;2026;03;Portalegre;Castelo de Vide;ACC;1;12;1205;120504
2026-03;2026;03;Aveiro;Anadia;ACC;1;01;0103;010310
2026-03;2026;03;Aveiro;Santa Maria da Feira;ACC;2;01;0109;010918
2026-03;2026;03;Viana do Castelo;Valença;ACC;1;16;1608;160812
2026-03;2026;03;Viana do Castelo;Viana do Castelo;ACC;3;16;1609;160923
2026-03;2026;03;Castelo Branco;Castelo Branco;ACC;1;05;0502;050222
2026-03;2026;03;Santarém;Sardoal;ACC;1;14;1417;141703
2026-03;2026;03;Viseu;Sátão;ACC;2;18;1817;181710
2026-03;2026;03;Braga;Guimarães;ACC;1;03;0308;030866
2026-03;2026;03;Aveiro;Sever do Vouga;ACC;1;01;0117;011706
2026-03;2026;03;Viseu;Sátão;ACC;1;18;1817;181711
2026-03;2026;03;Aveiro;Espinho;ACC;1;01;0107;010705
2026-03;2026;03;Braga;Barcelos;ACC;1;03;0302;030277
2026-03;2026;03;Coimbra;Figueira da Foz;ACC;1;06;0605;060512
2026-03;2026;03;Porto;Amarante;ACC;1;13;1301;130135
2026-03;2026;03;Lisboa;Torres Vedras;ACC;1;11;1113;111317
2026-03;2026;03;Santarém;Abrantes;ACC;1;14;1401;140120
2026-03;2026;03;Lisboa;Alenquer;ACC;1;11;1101;110118
2026-03;2026;03;Lisboa;Sintra;ACC;2;11;1111;111122
2026-03;2026;03;Porto;Póvoa de Varzim;ACC;1;13;1313;131314
2026-03;2026;03;Évora;Alandroal;ACC;1;07;0701;070107
2026-03;2026;03;Setúbal;Alcácer do Sal;ACC;2;15;1501;150107
2026-03;2026;03;Santarém;Alcanena;ACC;2;14;1402;140211
2026-03;2026;03;Portalegre;Avis;ACC;1;12;1203;120309
2026-03;2026;03;Porto;Porto;ACC;2;13;1312;131216
2026-03;2026;03;Lisboa;Vila Franca de Xira;ACC;2;11;1114;111413
2026-03;2026;03;Porto;Santo Tirso;ACC;1;13;1314;131433
2026-03;2026;03;Braga;Barcelos;ACC;1;03;0302;030292
2026-03;2026;03;Braga;Guimarães;ACC;1;03;0308;030878
2026-03;2026;03;Setúbal;Setúbal;ACC;3;15;1512;151209
2026-03;2026;03;Évora;Évora;ACC;1;07;0705;070522
2026-03;2026;03;Aveiro;Estarreja;ACC;1;01;0108;010808
2026-03;2026;03;Beja;Beja;ACC;1;02;0205;020521
2026-03;2026;03;Lisboa;Cadaval;ACC;2;11;1104;110411
2026-03;2026;03;Aveiro;Santa Maria da Feira;ACC;1;01;0109;010932
2026-03;2026;03;Lisboa;Loures;ACC;2;11;1107;110731
2026-03;2026;03;Porto;Baião;ACC;2;13;1302;130223
2026-03;2026;03;Aveiro;Santa Maria da Feira;ACC;1;01;0109;010933
2026-03;2026;03;Lisboa;Oeiras;ACC;7;11;1110;111013
2026-03;2026;03;Lisboa;Cascais;ACC;4;11;1105;110508
2026-03;2026;03;Braga;Braga;ACC;2;03;0303;030367
2026-03;2026;03;Santarém;Chamusca;ACC;2;14;1407;140708
2026-03;2026;03;Setúbal;Almada;ACC;6;15;1503;150314
2026-03;2026;03;Santarém;Santarém;ACC;1;14;1416;141633
2026-03;2026;03;Portalegre;Crato;ACC;1;12;1206;120607
2026-03;2026;03;Porto;Lousada;ACC;3;13;1305;130528
2026-03;2026;03;Porto;Matosinhos;ACC;3;13;1308;130811
2026-03;2026;03;Braga;Esposende;ACC;5;03;0306;030618
2026-03;2026;03;Faro;Lagoa;ACC;1;08;0806;080607
2026-03;2026;03;Viseu;Viseu;ACC;1;18;1823;182338
2026-03;2026;03;Leiria;Figueiró dos Vinhos;ACC;4;10;1008;100806
2026-03;2026;03;Santarém;Ourém;ACC;1;14;1421;142119
2026-03;2026;03;Castelo Branco;Fundão;ACC;3;05;0504;050434
2026-03;2026;03;Viana do Castelo;Valença;ACC;1;16;1608;160817
2026-03;2026;03;Aveiro;Aveiro;ACC;1;01;0105;010517
2026-03;2026;03;Porto;Vila Nova de Gaia;ACC;2;13;1317;131725
2026-03;2026;03;Leiria;Pombal;ACC;3;10;1015;101518
2026-03;2026;03;Castelo Branco;Idanha-a-Nova;ACC;2;05;0505;050518
2026-03;2026;03;Faro;Lagoa;ACC;1;08;0806;080608
2026-03;2026;03;Porto;Porto;CER;1;13;1312;131218
2026-03;2026;03;Évora;Évora;ACC;10;07;0705;070524
2026-03;2026;03;Santarém;Alcanena;ACC;1;14;1402;140212
2026-03;2026;03;Leiria;Leiria;ACC;7;10;1009;100934
2026-03;2026;03;Porto;Matosinhos;ACC;1;13;1308;130812
2026-03;2026;03;Lisboa;Torres Vedras;ACC;1;11;1113;111325
2026-03;2026;03;Bragança;Mogadouro;ACC;2;04;0408;040830
2026-03;2026;03;Vila Real;Montalegre;ACC;1;17;1706;170638
2026-03;2026;03;Leiria;Leiria;ACC;1;10;1009;100935
2026-03;2026;03;Leiria;Leiria;ACC;1;10;1009;100936
2026-03;2026;03;Setúbal;Montijo;ACC;7;15;1507;150710
2026-03;2026;03;Castelo Branco;Castelo Branco;ACC;1;05;0502;050230
2026-03;2026;03;Braga;Braga;ACC;2;03;0303;030377
2026-03;2026;03;Évora;Montemor-o-Novo;ACC;5;07;0706;070612
2026-03;2026;03;Aveiro;Oliveira de Azeméis;ACC;4;01;0113;011321
2026-03;2026;03;Lisboa;Oeiras;ACC;4;11;1110;111014
2026-03;2026;03;Coimbra;Penacova;ACC;1;06;0613;061313
2026-03;2026;03;Aveiro;Oliveira de Azeméis;ACC;1;01;0113;011322
2026-03;2026;03;Porto;Vila Nova de Gaia;ACC;3;13;1317;131728
2026-03;2026;03;Setúbal;Montijo;ACC;1;15;1507;150711
2026-03;2026;03;Lisboa;Odivelas;ACC;7;11;1116;111608
2026-03;2026;03;Braga;Braga;ACC;3;03;0303;030379
2026-03;2026;03;Braga;Cabeceiras de Basto;ACC;1;03;0304;030421
2026-03;2026;03;Braga;Vila Verde;ACC;1;03;0313;031367
2026-03;2026;03;Braga;Guimarães;ACC;4;03;0308;030887
2026-03;2026;03;Porto;Santo Tirso;ACC;4;13;1314;131437
2026-03;2026;03;Lisboa;Sintra;ACC;2;11;1111;111127
2026-03;2026;03;Viseu;São Pedro do Sul;ACC;1;18;1816;181623
2026-03;2026;03;Viseu;Mangualde;ACC;1;18;1806;180621
2026-03;2026;03;Viseu;Santa Comba Dão;ACC;1;18;1814;181411
2026-03;2026;03;Setúbal;Seixal;ACC;8;15;1510;151007
2026-03;2026;03;Braga;Guimarães;ACC;1;03;0308;030889
2026-03;2026;03;Setúbal;Setúbal;ACC;5;15;1512;151210
2026-03;2026;03;Porto;Lousada;ACC;2;13;1305;130532
2026-03;2026;03;Lisboa;Sintra;ACC;7;11;1111;111128
2026-03;2026;03;Coimbra;Penela;ACC;2;06;0614;061407
2026-03;2026;03;Santarém;Abrantes;ACC;2;14;1401;140124
2026-03;2026;03;Faro;Tavira;ACC;2;08;0814;081412
2026-03;2026;03;Santarém;Tomar;ACC;2;14;1418;141821
2026-03;2026;03;Santarém;Torres Novas;ACC;1;14;1419;141920
2026-03;2026;03;Viana do Castelo;Viana do Castelo;ACC;2;16;1609;160948
2026-03;2026;03;Aveiro;Vale de Cambra;ACC;1;01;0119;011910
2026-03;2026;03;Braga;Barcelos;ACC;1;03;0302;0302FH
2026-03;2026;03;Viseu;Vouzela;ACC;1;18;1824;182415
2026-03;2026;03;Braga;Guimarães;ACC;1;03;0308;030871
2026-03;2026;03;Santarém;Cartaxo;ACC;1;14;1406;140608
2026-03;2026;03;Aveiro;Ovar;ACC;1;01;0115;011507
2026-03;2026;03;Braga;Vila Nova de Famalicão;ACC;2;03;0312;031241
2026-03;2026;03;Santarém;Sardoal;ACC;1;14;1417;141704
2026-03;2026;03;Porto;Valongo;CER;1;13;1315;131505
2026-03;2026;03;Lisboa;Vila Franca de Xira;ACC;2;11;1114;111408
2026-03;2026;03;Santarém;Cartaxo;ACC;2;14;1406;140607
2026-03;2026;03;Braga;Vila Verde;ACC;3;03;0313;031342
2026-03;2026;03;Porto;Vila do Conde;CER;1;13;1316;131628
2026-03;2026;03;Lisboa;Cadaval;ACC;1;11;1104;110410
2026-03;2026;03;Bragança;Vimioso;ACC;1;04;0411;041114
2026-04;2026;04;Aveiro;Águeda;ACC;1;01;0101;010103
2026-04;2026;04;Aveiro;Albergaria-a-Velha;ACC;2;01;0102;010209
2026-04;2026;04;Santarém;Santarém;ACC;1;14;1416;141604
2026-04;2026;04;Santarém;Rio Maior;ACC;3;14;1414;141401
2026-04;2026;04;Faro;Loulé;ACC;5;08;0808;080801
2026-04;2026;04;Portalegre;Nisa;ACC;1;12;1212;121201
2026-04;2026;04;Faro;Castro Marim;ACC;1;08;0804;080404
2026-04;2026;04;Leiria;Caldas da Rainha;ACC;1;10;1006;100602
2026-04;2026;04;Santarém;Santarém;ACC;1;14;1416;141607
2026-04;2026;04;Coimbra;Condeixa-a-Nova;ACC;1;06;0604;060401
2026-04;2026;04;Braga;Fafe;ACC;1;03;0307;030726
2026-04;2026;04;Leiria;Leiria;ACC;2;10;1009;100902
2026-04;2026;04;Aveiro;Santa Maria da Feira;ACC;1;01;0109;010902
2026-04;2026;04;Lisboa;Arruda dos Vinhos;ACC;2;11;1102;110202
2026-04;2026;04;Porto;Vila do Conde;ACC;3;13;1316;131602
2026-04;2026;04;Porto;Paredes;ACC;2;13;1310;131002
2026-04;2026;04;Aveiro;Anadia;ACC;1;01;0103;010305
2026-04;2026;04;Leiria;Batalha;ACC;1;10;1004;100401
2026-04;2026;04;Lisboa;Lisboa;ACC;2;11;1106;110658
2026-04;2026;04;Castelo Branco;Castelo Branco;ACC;1;05;0502;050203
2026-04;2026;04;Porto;Porto;CER;1;13;1312;131202
2026-04;2026;04;Évora;Borba;ACC;1;07;0703;070301
2026-04;2026;04;Viseu;São Pedro do Sul;ACC;1;18;1816;181602
2026-04;2026;04;Vila Real;Boticas;ACC;1;17;1702;170219
2026-04;2026;04;Aveiro;Albergaria-a-Velha;ACC;1;01;0102;010204
2026-04;2026;04;Coimbra;Figueira da Foz;ACC;1;06;0605;060520
2026-04;2026;04;Lisboa;Lisboa;ACC;1;11;1106;110610
2026-04;2026;04;Porto;Vila Nova de Gaia;ACC;2;13;1317;131704
2026-04;2026;04;Aveiro;Oliveira de Azeméis;ACC;2;01;0113;011301
2026-04;2026;04;Lisboa;Mafra;ACC;1;11;1109;110902
2026-04;2026;04;Lisboa;Sintra;ACC;2;11;1111;111115
2026-04;2026;04;Castelo Branco;Castelo Branco;ACC;4;05;0502;050205
2026-04;2026;04;Porto;Paredes;ACC;1;13;1310;131008
2026-04;2026;04;Porto;Marco de Canaveses;ACC;2;13;1307;130705
2026-04;2026;04;Viana do Castelo;Vila Nova de Cerveira;ACC;1;16;1610;161003
2026-04;2026;04;Braga;Guimarães;ACC;1;03;0308;030812
2026-04;2026;04;Braga;Vila Nova de Famalicão;ACC;2;03;0312;031213
2026-04;2026;04;Porto;Paços de Ferreira;ACC;1;13;1309;130904
2026-04;2026;04;Porto;Valongo;ACC;5;13;1315;131503
2026-04;2026;04;Lisboa;Lisboa;ACC;1;11;1106;110660
2026-04;2026;04;Santarém;Ourém;ACC;6;14;1421;142106
2026-03;2026;03;Faro;Olhão;ACC;1;08;0810;081006
2026-04;2026;04;Guarda;Figueira de Castelo Rodrigo;ACC;1;09;0904;090408
2026-04;2026;04;Coimbra;Penacova;ACC;2;06;0613;061302
2026-04;2026;04;Porto;Paços de Ferreira;ACC;1;13;1309;130906
2026-04;2026;04;Portalegre;Portalegre;ACC;1;12;1214;121404
2026-04;2026;04;Viseu;Viseu;ACC;1;18;1823;182315
2026-04;2026;04;Santarém;Rio Maior;ACC;1;14;1414;141405
2026-04;2026;04;Portalegre;Fronteira;ACC;1;12;1208;120802
2026-04;2026;04;Aveiro;Ílhavo;ACC;1;01;0110;011005
2026-04;2026;04;Braga;Guimarães;ACC;1;03;0308;030820
2026-04;2026;04;Évora;Mourão;ACC;1;07;0708;070801
2026-04;2026;04;Viseu;Tondela;ACC;1;18;1821;182108
2026-04;2026;04;Bragança;Macedo de Cavaleiros;ACC;1;04;0405;040518
2026-04;2026;04;Faro;Loulé;ACC;4;08;0808;080808
2026-04;2026;04;Faro;Loulé;ACC;1;08;0808;080809
2026-04;2026;04;Porto;Amarante;ACC;1;13;1301;130121
2026-04;2026;04;Lisboa;Lisboa;ACC;6;11;1106;110618
2026-04;2026;04;Lisboa;Lisboa;CER;1;11;1106;110618
2026-04;2026;04;Guarda;Fornos de Algodres;ACC;1;09;0905;090509
2026-04;2026;04;Porto;Vila do Conde;ACC;2;13;1316;131614
2026-04;2026;04;Coimbra;Figueira da Foz;ACC;1;06;0605;060507
2026-04;2026;04;Braga;Barcelos;ACC;2;03;0302;030245
2026-04;2026;04;Porto;Marco de Canaveses;ACC;5;13;1307;130736
2026-04;2026;04;Coimbra;Figueira da Foz;ACC;2;06;0605;060508
2026-04;2026;04;Santarém;Torres Novas;ACC;1;14;1419;141917
2026-04;2026;04;Faro;Portimão;ACC;1;08;0811;081102
2026-04;2026;04;Aveiro;Santa Maria da Feira;ACC;1;01;0109;010914
2026-04;2026;04;Santarém;Alcanena;ACC;1;14;1402;140206
2026-04;2026;04;Bragança;Miranda do douro;ACC;1;04;0406;040608
2026-04;2026;04;Setúbal;Moita;ACC;2;15;1506;150603
2026-04;2026;04;Santarém;Alcanena;ACC;1;14;1402;140207
2026-04;2026;04;Porto;Maia;ACC;5;13;1306;130609
2026-04;2026;04;Aveiro;Santa Maria da Feira;ACC;2;01;0109;010916
2026-04;2026;04;Santarém;Salvaterra de Magos;ACC;1;14;1415;141503
2026-04;2026;04;Porto;Maia;ACC;3;13;1306;130620
2026-04;2026;04;Santarém;Entroncamento;ACC;1;14;1410;141002
2026-04;2026;04;Évora;Évora;ACC;1;07;0705;070503
2026-04;2026;04;Leiria;Óbidos;ACC;1;10;1012;101203
2026-04;2026;04;Aveiro;Santa Maria da Feira;ACC;3;01;0109;010919
2026-04;2026;04;Braga;Braga;ACC;2;03;0303;030331
2026-04;2026;04;Aveiro;Espinho;ACC;1;01;0107;010704
2026-04;2026;04;Lisboa;Lisboa;ACC;3;11;1106;110662
2026-04;2026;04;Faro;Olhão;ACC;1;08;0810;081004
2026-04;2026;04;Porto;Penafiel;ACC;2;13;1311;131139
2026-04;2026;04;Setúbal;Palmela;ACC;1;15;1508;150803
2026-04;2026;04;Braga;Guimarães;ACC;1;03;0308;030838
2026-04;2026;04;Santarém;Cartaxo;ACC;1;14;1406;140604
2026-04;2026;04;Faro;Lagoa;ACC;1;08;0806;080604
2026-04;2026;04;Faro;Portimão;ACC;4;08;0811;081103
2026-04;2026;04;Faro;Loulé;ACC;2;08;0808;080805
2026-04;2026;04;Coimbra;Figueira da Foz;ACC;1;06;0605;060524
2026-04;2026;04;Porto;Porto;ACC;7;13;1312;131211
2026-04;2026;04;Porto;Porto;CER;1;13;1312;131211
2026-04;2026;04;Évora;Reguengos de Monsaraz;ACC;1;07;0711;071104
2026-04;2026;04;Aveiro;Aveiro;ACC;1;01;0105;010516
2026-04;2026;04;Braga;Vila Nova de Famalicão;ACC;3;03;0312;031233
2026-04;2026;04;Viseu;Resende;ACC;2;18;1813;181311
2026-04;2026;04;Braga;Fafe;ACC;1;03;0307;030724
2026-04;2026;04;Porto;Gondomar;ACC;2;13;1304;130408
2026-04;2026;04;Castelo Branco;Idanha-a-Nova;ACC;1;05;0505;050512
2026-04;2026;04;Beja;Beja;ACC;1;02;0205;020510
2026-04;2026;04;Aveiro;Aveiro;ACC;1;01;0105;010513
2026-04;2026;04;Lisboa;Lisboa;ACC;1;11;1106;110665
2026-04;2026;04;Viana do Castelo;Viana do Castelo;ACC;2;16;1609;160928
2026-04;2026;04;Lisboa;Lisboa;ACC;1;11;1106;110666
2026-04;2026;04;Leiria;Porto de Mós;ACC;1;10;1016;101610
2026-04;2026;04;Faro;São Brás de Alportel;ACC;1;08;0812;081201
2026-04;2026;04;Lisboa;Cascais;ACC;3;11;1105;110506
2026-04;2026;04;Faro;Lagos;ACC;2;08;0807;080708
2026-04;2026;04;Lisboa;Torres Vedras;ACC;2;11;1113;111314
2026-04;2026;04;Santarém;Tomar;ACC;1;14;1418;141813
2026-04;2026;04;Porto;Maia;ACC;1;13;1306;130613
2026-04;2026;04;Aveiro;Oliveira de Azeméis;ACC;1;01;0113;011318
2026-04;2026;04;Castelo Branco;Castelo Branco;ACC;1;05;0502;050222
2026-04;2026;04;Braga;Braga;ACC;1;03;0303;030354
2026-04;2026;04;Braga;Guimarães;ACC;1;03;0308;030866
2026-04;2026;04;Braga;Vila Verde;ACC;2;03;0313;031352
2026-04;2026;04;Guarda;Sabugal;ACC;1;09;0911;091134
2026-04;2026;04;Viseu;Tabuaço;ACC;1;18;1819;181914
2026-04;2026;04;Viana do Castelo;Monção;ACC;1;16;1604;160431
2026-04;2026;04;Lisboa;Torres Vedras;ACC;1;11;1113;111317
2026-04;2026;04;Braga;Vila Verde;ACC;1;03;0313;031354
2026-04;2026;04;Lisboa;Sintra;ACC;1;11;1111;111123
2026-04;2026;04;Santarém;Abrantes;ACC;1;14;1401;140120
2026-04;2026;04;Lisboa;Torres Vedras;ACC;1;11;1113;111321
2026-04;2026;04;Lisboa;Alenquer;ACC;1;11;1101;110118
2026-04;2026;04;Porto;Póvoa de Varzim;ACC;1;13;1313;131314
2026-04;2026;04;Aveiro;Águeda;ACC;2;01;0101;010121
2026-04;2026;04;Évora;Alandroal;ACC;1;07;0701;070107
2026-04;2026;04;Portalegre;Avis;ACC;1;12;1203;120309
2026-04;2026;04;Porto;Porto;ACC;2;13;1312;131216
2026-04;2026;04;Porto;Porto;CER;1;13;1312;131216
2026-04;2026;04;Lisboa;Oeiras;ACC;5;11;1110;111012
2026-04;2026;04;Beja;Almodôvar;ACC;1;02;0202;020209
2026-04;2026;04;Lisboa;Vila Franca de Xira;ACC;3;11;1114;111413
2026-04;2026;04;Bragança;Carrazeda de Ansiães;ACC;1;04;0403;040320
2026-04;2026;04;Aveiro;Anadia;ACC;1;01;0103;010317
2026-04;2026;04;Viana do Castelo;Arcos de Valdevez;ACC;1;16;1601;160154
2026-04;2026;04;Porto;Santo Tirso;ACC;1;13;1314;131433
2026-04;2026;04;Braga;Barcelos;ACC;1;03;0302;030292
2026-04;2026;04;Aveiro;Arouca;ACC;1;01;0104;010421
2026-04;2026;04;Beja;Beja;ACC;5;02;0205;020520
2026-04;2026;04;Leiria;Bombarral;ACC;1;10;1005;100506
2026-04;2026;04;Porto;Trofa;ACC;2;13;1318;131810
2026-04;2026;04;Lisboa;Cadaval;ACC;2;11;1104;110411
2026-04;2026;04;Leiria;Caldas da Rainha;ACC;1;10;1006;100617
2026-04;2026;04;Aveiro;Santa Maria da Feira;ACC;1;01;0109;010932
2026-04;2026;04;Braga;Vizela;ACC;2;03;0314;031408
2026-04;2026;04;Viana do Castelo;Caminha;ACC;1;16;1602;160222
2026-04;2026;04;Porto;Baião;ACC;2;13;1302;130223
2026-04;2026;04;Porto;Valongo;ACC;2;13;1315;131506
2026-04;2026;04;Lisboa;Cascais;ACC;3;11;1105;110507
2026-04;2026;04;Lisboa;Alenquer;ACC;2;11;1101;110120
2026-04;2026;04;Santarém;Cartaxo;ACC;2;14;1406;140609
2026-04;2026;04;Lisboa;Cascais;ACC;7;11;1105;110508
2026-04;2026;04;Porto;Porto;ACC;1;13;1312;131217
2026-04;2026;04;Coimbra;Coimbra;ACC;1;06;0603;060334
2026-04;2026;04;Porto;Trofa;ACC;2;13;1318;131811
2026-04;2026;04;Portalegre;Crato;ACC;1;12;1206;120607
2026-04;2026;04;Porto;Matosinhos;ACC;4;13;1308;130811
2026-04;2026;04;Portalegre;Nisa;ACC;1;12;1212;121212
2026-04;2026;04;Viseu;Viseu;ACC;1;18;1823;182338
2026-04;2026;04;Faro;Faro;CER;1;08;0805;080508
2026-04;2026;04;Viseu;Vouzela;ACC;1;18;1824;182414
2026-04;2026;04;Aveiro;Vagos;ACC;1;01;0118;011812
2026-04;2026;04;Aveiro;Aveiro;ACC;1;01;0105;010517
2026-04;2026;04;Castelo Branco;Idanha-a-Nova;ACC;2;05;0505;050518
2026-04;2026;04;Lisboa;Mafra;ACC;3;11;1109;110920
2026-04;2026;04;Porto;Santo Tirso;ACC;1;13;1314;131436
2026-04;2026;04;Setúbal;Almada;ACC;4;15;1503;150315
2026-04;2026;04;Leiria;Leiria;ACC;1;10;1009;100933
2026-04;2026;04;Porto;Vila Nova de Gaia;ACC;4;13;1317;131727
2026-04;2026;04;Leiria;Leiria;ACC;8;10;1009;100934
2026-04;2026;04;Leiria;Leiria;ACC;1;10;1009;100935
2026-04;2026;04;Setúbal;Montijo;ACC;7;15;1507;150710
2026-04;2026;04;Aveiro;Oliveira de Azeméis;ACC;2;01;0113;011320
2026-04;2026;04;Braga;Braga;ACC;2;03;0303;030377
2026-04;2026;04;Braga;Braga;ACC;2;03;0303;030378
2026-04;2026;04;Lisboa;Oeiras;ACC;4;11;1110;111014
2026-04;2026;04;Portalegre;Ponte de Sor;ACC;2;12;1213;121308
2026-04;2026;04;Viana do Castelo;Melgaço;ACC;1;16;1603;160322
2026-04;2026;04;Braga;Braga;ACC;3;03;0303;030379
2026-04;2026;04;Aveiro;Águeda;ACC;1;01;0101;010124
2026-04;2026;04;Santarém;Santarém;ACC;1;14;1416;141632
2026-04;2026;04;Lisboa;Loures;ACC;3;11;1107;110730
2026-04;2026;04;Aveiro;Santa Maria da Feira;ACC;1;01;0109;010936
2026-04;2026;04;Vila Real;Chaves;ACC;3;17;1703;170358
2026-04;2026;04;Coimbra;Condeixa-a-Nova;ACC;1;06;0604;060412
2026-04;2026;04;Portalegre;Portalegre;ACC;1;12;1214;121411
2026-04;2026;04;Setúbal;Barreiro;ACC;3;15;1504;150409
2026-04;2026;04;Porto;Vila Nova de Gaia;ACC;2;13;1317;131731
2026-04;2026;04;Porto;Lousada;ACC;2;13;1305;130532
2026-04;2026;04;Lisboa;Sintra;ACC;8;11;1111;111128
2026-04;2026;04;Porto;Vila Nova de Gaia;ACC;2;13;1317;131730
2026-04;2026;04;Porto;Matosinhos;CER;1;13;1308;130814
2026-04;2026;04;Santarém;Abrantes;ACC;2;14;1401;140124
2026-04;2026;04;Aveiro;Anadia;ACC;1;01;0103;010318
2026-04;2026;04;Aveiro;Vagos;ACC;1;01;0118;011814
2026-04;2026;04;Viana do Castelo;Valença;ACC;1;16;1608;160820
2026-04;2026;04;Braga;Barcelos;ACC;1;03;0302;0302FH
2026-04;2026;04;Porto;Felgueiras;ACC;1;13;1303;130341
2026-04;2026;04;Viseu;Vouzela;ACC;1;18;1824;182415
2026-04;2026;04;Lisboa;Azambuja;ACC;1;11;1103;110306
2026-04;2026;04;Aveiro;Ovar;ACC;1;01;0115;011507
2026-04;2026;04;Santarém;Sardoal;ACC;1;14;1417;141704
2026-04;2026;04;Porto;Valongo;CER;1;13;1315;131505
2026-04;2026;04;Évora;Vendas Novas;ACC;3;07;0712;071201
2026-04;2026;04;Lisboa;Amadora;ACC;2;11;1115;111517
2026-04;2026;04;Lisboa;Torres Vedras;ACC;1;11;1113;111318
2026-04;2026;04;Lisboa;Vila Franca de Xira;ACC;2;11;1114;111408
2026-04;2026;04;Porto;Amarante;ACC;1;13;1301;130139
2026-04;2026;04;Santarém;Vila Nova da Barquinha;ACC;1;14;1420;142006
2026-04;2026;04;Vila Real;Vila Pouca de Aguiar;ACC;1;17;1713;171314
2026-04;2026;04;Vila Real;Vila Real;ACC;2;17;1714;171438
2026-04;2026;04;Braga;Barcelos;ACC;1;03;0302;030287
2025-10;2025;10;Aveiro;Águeda;ACC;1;01;0101;010103
2025-10;2025;10;Aveiro;Albergaria-a-Velha;ACC;1;01;0102;010209
2025-10;2025;10;Lisboa;Cascais;ACC;1;11;1105;110501
2025-10;2025;10;Santarém;Santarém;ACC;1;14;1416;141604
2025-10;2025;10;Lisboa;Lisboa;ACC;2;11;1106;110602
2025-10;2025;10;Braga;Guimarães;ACC;1;03;0308;030801
2025-10;2025;10;Leiria;Alcobaça;ACC;1;10;1001;100120
2025-10;2025;10;Coimbra;Figueira da Foz;ACC;1;06;0605;060502
2025-10;2025;10;Aveiro;Arouca;ACC;1;01;0104;010402
2025-10;2025;10;Braga;Barcelos;ACC;1;03;0302;030208
2025-10;2025;10;Faro;Portimão;ACC;1;08;0811;081101
2025-10;2025;10;Santarém;Santarém;ACC;1;14;1416;141607
2025-10;2025;10;Setúbal;Seixal;ACC;4;15;1510;151002
2025-10;2025;10;Viana do Castelo;Viana do Castelo;ACC;1;16;1609;160904
2025-10;2025;10;Porto;Vila Nova de Gaia;ACC;1;13;1317;131701
2025-10;2025;10;Évora;Arraiolos;ACC;2;07;0702;070201
2025-10;2025;10;Aveiro;Santa Maria da Feira;ACC;1;01;0109;010902
2025-10;2025;10;Santarém;Ourém;ACC;2;14;1421;142102
2025-10;2025;10;Aveiro;Anadia;ACC;1;01;0103;010305
2025-10;2025;10;Porto;Vila do Conde;ACC;1;13;1316;131603
2025-10;2025;10;Portalegre;Avis;ACC;1;12;1203;120303
2025-10;2025;10;Lisboa;Oeiras;ACC;3;11;1110;111002
2025-10;2025;10;Leiria;Batalha;ACC;1;10;1004;100401
2025-10;2025;10;Beja;Odemira;ACC;1;02;0211;021116
2025-10;2025;10;Aveiro;Albergaria-a-Velha;ACC;1;01;0102;010204
2025-10;2025;10;Coimbra;Figueira da Foz;ACC;1;06;0605;060520
2025-10;2025;10;Lisboa;Loures;ACC;1;11;1107;110702
2025-10;2025;10;Évora;Évora;ACC;1;07;0705;070515
2025-10;2025;10;Porto;Vila Nova de Gaia;ACC;3;13;1317;131703
2025-10;2025;10;Aveiro;Oliveira de Azeméis;ACC;2;01;0113;011301
2025-10;2025;10;Braga;Barcelos;ACC;1;03;0302;030220
2025-10;2025;10;Porto;Paços de Ferreira;ACC;4;13;1309;130902
2025-10;2025;10;Lisboa;Sintra;ACC;1;11;1111;111115
2025-10;2025;10;Porto;Maia;ACC;7;13;1306;130618
2025-10;2025;10;Porto;Maia;ACC;2;13;1306;130619
2025-10;2025;10;Braga;Guimarães;ACC;1;03;0308;030812
2025-10;2025;10;Porto;Paços de Ferreira;ACC;1;13;1309;130904
2025-10;2025;10;Lisboa;Mafra;ACC;1;11;1109;110906
2025-10;2025;10;Lisboa;Lisboa;ACC;1;11;1106;110660
2025-10;2025;10;Lisboa;Amadora;ACC;1;11;1115;111515
2025-10;2025;10;Guarda;Figueira de Castelo Rodrigo;ACC;1;09;0904;090408
2025-10;2025;10;Porto;Paços de Ferreira;ACC;1;13;1309;130917
2025-10;2025;10;Santarém;Golegã;ACC;1;14;1412;141202
2025-10;2025;10;Braga;Guimarães;ACC;1;03;0308;030820
2025-10;2025;10;Viseu;Tondela;ACC;1;18;1821;182108
2025-10;2025;10;Viseu;Penalva do Castelo;ACC;1;18;1811;181105
2025-10;2025;10;Bragança;Macedo de Cavaleiros;ACC;1;04;0405;040518
2025-10;2025;10;Porto;Lousada;ACC;1;13;1305;130510
2025-10;2025;10;Portalegre;Ponte de Sor;ACC;1;12;1213;121305
2025-10;2025;10;Vila Real;Vila Real;ACC;1;17;1714;171414
2025-10;2025;10;Porto;Vila do Conde;ACC;1;13;1316;131614
2025-10;2025;10;Lisboa;Mafra;ACC;1;11;1109;110909
2025-10;2025;10;Braga;Barcelos;ACC;1;03;0302;030245
2025-10;2025;10;Bragança;Mirandela;ACC;1;04;0407;040721
2025-10;2025;10;Viseu;Moimenta da Beira;ACC;1;18;1807;180710
2025-10;2025;10;Santarém;Salvaterra de Magos;ACC;1;14;1415;141503
2025-10;2025;10;Leiria;Caldas da Rainha;ACC;1;10;1006;100608
2025-10;2025;10;Leiria;Óbidos;ACC;1;10;1012;101203
2025-10;2025;10;Setúbal;Palmela;ACC;2;15;1508;150802
2025-10;2025;10;Aveiro;Espinho;ACC;1;01;0107;010704
2025-10;2025;10;Porto;Paredes;ACC;2;13;1310;131025
2025-10;2025;10;Leiria;Pombal;ACC;2;10;1015;101508
2025-10;2025;10;Coimbra;Penacova;ACC;1;06;0613;061307
2025-10;2025;10;Beja;Serpa;ACC;1;02;0213;021303
2025-10;2025;10;Guarda;Seia;ACC;1;09;0912;091209
2025-10;2025;10;Guarda;Pinhel;ACC;1;09;0910;091017
2025-10;2025;10;Braga;Guimarães;ACC;1;03;0308;030838
2025-10;2025;10;Santarém;Cartaxo;ACC;1;14;1406;140604
2025-10;2025;10;Faro;Lagoa;ACC;1;08;0806;080604
2025-10;2025;10;Faro;Portimão;ACC;1;08;0811;081103
2025-10;2025;10;Lisboa;Oeiras;ACC;4;11;1110;111009
2025-10;2025;10;Braga;Fafe;ACC;2;03;0307;030722
2025-10;2025;10;Porto;Porto;ACC;2;13;1312;131211
2025-10;2025;10;Lisboa;Torres Vedras;ACC;1;11;1113;111311
2025-10;2025;10;Leiria;Leiria;ACC;2;10;1009;100921
2025-10;2025;10;Aveiro;Aveiro;ACC;1;01;0105;010516
2025-10;2025;10;Braga;Vila Nova de Famalicão;ACC;3;03;0312;031233
2025-10;2025;10;Santarém;Torres Novas;ACC;1;14;1419;141910
2025-10;2025;10;Évora;Borba;ACC;1;07;0703;070303
2025-10;2025;10;Santarém;Rio Maior;ACC;1;14;1414;141408
2025-10;2025;10;Aveiro;Santa Maria da Feira;ACC;1;01;0109;010922
2025-10;2025;10;Aveiro;Santa Maria da Feira;ACC;2;01;0109;010925
2025-10;2025;10;Lisboa;Torres Vedras;ACC;2;11;1113;111326
2025-10;2025;10;Coimbra;Coimbra;ACC;2;06;0603;060318
2025-10;2025;10;Santarém;Tomar;ACC;1;14;1418;141813
2025-10;2025;10;Porto;Maia;ACC;1;13;1306;130613
2025-10;2025;10;Braga;Braga;ACC;1;03;0303;030354
2025-10;2025;10;Setúbal;Setúbal;ACC;1;15;1512;151205
2025-10;2025;10;Lisboa;Sobral de Monte Agraço;ACC;1;11;1112;111203
2025-10;2025;10;Braga;Barcelos;ACC;1;03;0302;030277
2025-10;2025;10;Lisboa;Alenquer;ACC;1;11;1101;110118
2025-10;2025;10;Lisboa;Sintra;ACC;2;11;1111;111122
2025-10;2025;10;Lisboa;Oeiras;ACC;3;11;1110;111012
2025-10;2025;10;Lisboa;Vila Franca de Xira;ACC;2;11;1114;111413
2025-10;2025;10;Braga;Amares;ACC;1;03;0301;030125
2025-10;2025;10;Bragança;Carrazeda de Ansiães;ACC;1;04;0403;040320
2025-10;2025;10;Porto;Póvoa de Varzim;ACC;1;13;1313;131313
2025-10;2025;10;Lisboa;Loures;ACC;3;11;1107;110728
2025-10;2025;10;Braga;Barcelos;ACC;3;03;0302;030293
2025-10;2025;10;Aveiro;Estarreja;ACC;1;01;0108;010808
2025-10;2025;10;Lisboa;Loures;ACC;1;11;1107;110731
2025-10;2025;10;Porto;Valongo;ACC;1;13;1315;131506
2025-10;2025;10;Lisboa;Cascais;ACC;1;11;1105;110508
2025-10;2025;10;Porto;Porto;ACC;1;13;1312;131217
2025-10;2025;10;Braga;Braga;ACC;1;03;0303;030367
2025-10;2025;10;Santarém;Santarém;ACC;1;14;1416;141633
2025-10;2025;10;Castelo Branco;Covilhã;ACC;2;05;0503;050335
2025-10;2025;10;Porto;Gondomar;ACC;5;13;1304;130413
2025-10;2025;10;Aveiro;Santa Maria da Feira;ACC;3;01;0109;010935
2025-10;2025;10;Braga;Braga;ACC;1;03;0303;030371
2025-10;2025;10;Aveiro;Vagos;ACC;1;01;0118;011812
2025-10;2025;10;Viana do Castelo;Valença;ACC;1;16;1608;160817
2025-10;2025;10;Aveiro;Aveiro;ACC;1;01;0105;010517
2025-10;2025;10;Porto;Gondomar;ACC;2;13;1304;130415
2025-10;2025;10;Setúbal;Grândola;ACC;2;15;1505;150506
2025-10;2025;10;Porto;Lousada;ACC;1;13;1305;130530
2025-10;2025;10;Évora;Évora;ACC;7;07;0705;070524
2025-10;2025;10;Porto;Felgueiras;ACC;2;13;1303;130335
2025-10;2025;10;Leiria;Leiria;ACC;5;10;1009;100934
2025-10;2025;10;Porto;Matosinhos;ACC;1;13;1308;130812
2025-10;2025;10;Lisboa;Torres Vedras;ACC;1;11;1113;111325
2025-10;2025;10;Guarda;Gouveia;ACC;1;09;0906;090626
2025-10;2025;10;Braga;Braga;ACC;1;03;0303;030374
2025-10;2025;10;Setúbal;Montijo;ACC;2;15;1507;150710
2025-10;2025;10;Braga;Braga;ACC;2;03;0303;030377
2025-10;2025;10;Coimbra;Penacova;ACC;1;06;0613;061313
2025-10;2025;10;Setúbal;Barreiro;ACC;1;15;1504;150411
2025-10;2025;10;Leiria;Leiria;ACC;1;10;1009;100937
2025-10;2025;10;Setúbal;Montijo;ACC;1;15;1507;150711
2025-10;2025;10;Portalegre;Ponte de Sor;ACC;2;12;1213;121308
2025-10;2025;10;Porto;Póvoa de Varzim;ACC;1;13;1313;131315
2025-10;2025;10;Braga;Braga;ACC;2;03;0303;030379
2025-10;2025;10;Aveiro;Águeda;ACC;1;01;0101;010124
2025-10;2025;10;Guarda;Sabugal;ACC;1;09;0911;091145
2025-10;2025;10;Porto;Vila Nova de Gaia;ACC;1;13;1317;131729
2025-10;2025;10;Porto;Santo Tirso;ACC;3;13;1314;131437
2025-10;2025;10;Portalegre;Portalegre;ACC;1;12;1214;121411
2025-10;2025;10;Setúbal;Seixal;ACC;6;15;1510;151007
2025-10;2025;10;Braga;Guimarães;ACC;1;03;0308;030888
2025-10;2025;10;Lisboa;Sintra;ACC;5;11;1111;111128
2025-10;2025;10;Coimbra;Coimbra;ACC;2;06;0603;060339
2025-10;2025;10;Viseu;Tarouca;ACC;1;18;1820;182013
2025-10;2025;10;Faro;Tavira;ACC;1;08;0814;081412
2025-10;2025;10;Santarém;Tomar;ACC;2;14;1418;141821
2025-10;2025;10;Braga;Barcelos;ACC;1;03;0302;0302FH
2025-10;2025;10;Viana do Castelo;Vila Nova de Cerveira;ACC;2;16;1610;161019
2025-10;2025;10;Porto;Felgueiras;ACC;1;13;1303;130341
2025-10;2025;10;Braga;Vila Nova de Famalicão;ACC;5;03;0312;031260
2025-10;2025;10;Vila Real;Peso da Régua;ACC;1;17;1708;170816
2025-10;2025;10;Braga;Vila Nova de Famalicão;ACC;2;03;0312;031241
2025-10;2025;10;Braga;Barcelos;ACC;1;03;0302;030283
2025-10;2025;10;Lisboa;Vila Franca de Xira;ACC;2;11;1114;111408
2025-10;2025;10;Porto;Amarante;ACC;1;13;1301;130139
2025-10;2025;10;Braga;Vila Verde;ACC;1;03;0313;031342
2025-10;2025;10;Castelo Branco;Vila de Rei;ACC;1;05;0510;051003
2025-10;2025;10;Porto;Vila do Conde;ACC;2;13;1316;131628
2025-10;2025;10;Braga;Vila Nova de Famalicão;ACC;2;03;0312;031249
2025-10;2025;10;Bragança;Vinhais;ACC;1;04;0412;041235
2025-11;2025;11;Porto;Santo Tirso;ACC;1;13;1314;131402
2025-11;2025;11;Porto;Maia;ACC;1;13;1306;130601
2025-11;2025;11;Aveiro;Albergaria-a-Velha;ACC;2;01;0102;010209
2025-11;2025;11;Lisboa;Cascais;ACC;1;11;1105;110501
2025-11;2025;11;Santarém;Santarém;ACC;1;14;1416;141604
2025-11;2025;11;Setúbal;Alcochete;ACC;1;15;1502;150201
2025-11;2025;11;Braga;Guimarães;ACC;1;03;0308;030801
2025-11;2025;11;Guarda;Guarda;ACC;1;09;0907;090703
2025-11;2025;11;Leiria;Alcobaça;ACC;1;10;1001;100102
2025-11;2025;11;Porto;Valongo;ACC;4;13;1315;131501
2025-11;2025;11;Portalegre;Nisa;ACC;1;12;1212;121201
2025-11;2025;11;Santarém;Alpiarça;ACC;1;14;1404;140401
2025-11;2025;11;Aveiro;Arouca;ACC;1;01;0104;010402
2025-11;2025;11;Coimbra;Góis;ACC;1;06;0606;060601
2025-11;2025;11;Faro;Portimão;ACC;1;08;0811;081101
2025-11;2025;11;Santarém;Santarém;ACC;1;14;1416;141607
2025-11;2025;11;Viana do Castelo;Viana do Castelo;ACC;1;16;1609;160904
2025-11;2025;11;Braga;Fafe;ACC;1;03;0307;030730
2025-11;2025;11;Leiria;Leiria;ACC;2;10;1009;100902
2025-11;2025;11;Aveiro;Santa Maria da Feira;ACC;1;01;0109;010902
2025-11;2025;11;Lisboa;Lisboa;ACC;1;11;1106;110656
2025-11;2025;11;Lisboa;Arruda dos Vinhos;ACC;2;11;1102;110202
2025-11;2025;11;Portalegre;Elvas;ACC;1;12;1207;120712
2025-11;2025;11;Santarém;Ourém;ACC;2;14;1421;142102
2025-11;2025;11;Aveiro;Anadia;ACC;1;01;0103;010305
2025-11;2025;11;Portalegre;Avis;ACC;1;12;1203;120303
2025-11;2025;11;Lisboa;Azambuja;ACC;1;11;1103;110304
2025-11;2025;11;Lisboa;Lisboa;ACC;2;11;1106;110607
2025-11;2025;11;Santarém;Benavente;ACC;2;14;1405;140501
2025-11;2025;11;Faro;Loulé;ACC;1;08;0808;080804
2025-11;2025;11;Faro;Aljezur;ACC;1;08;0803;080302
2025-11;2025;11;Viseu;São Pedro do Sul;ACC;1;18;1816;181602
2025-11;2025;11;Aveiro;Albergaria-a-Velha;ACC;1;01;0102;010204
2025-11;2025;11;Braga;Guimarães;ACC;2;03;0308;030807
2025-11;2025;11;Coimbra;Figueira da Foz;ACC;1;06;0605;060520
2025-11;2025;11;Lisboa;Loures;ACC;1;11;1107;110702
2025-11;2025;11;Aveiro;Murtosa;ACC;2;01;0112;011201
2025-11;2025;11;Porto;Porto;ACC;3;13;1312;131203
2025-11;2025;11;Lisboa;Lisboa;ACC;1;11;1106;110610
2025-11;2025;11;Viseu;Nelas;ACC;1;18;1809;180901
2025-11;2025;11;Leiria;Leiria;ACC;3;10;1009;100907
2025-11;2025;11;Bragança;Carrazeda de Ansiães;ACC;1;04;0403;040304
2025-11;2025;11;Braga;Barcelos;ACC;1;03;0302;030220
2025-11;2025;11;Lisboa;Sintra;ACC;1;11;1111;111115
2025-11;2025;11;Porto;Maia;ACC;7;13;1306;130618
2025-11;2025;11;Porto;Paredes;ACC;1;13;1310;131008
2025-11;2025;11;Porto;Marco de Canaveses;ACC;2;13;1307;130705
2025-11;2025;11;Évora;Reguengos de Monsaraz;ACC;1;07;0711;071102
2025-11;2025;11;Braga;Vila Nova de Famalicão;ACC;2;03;0312;031213
2025-11;2025;11;Aveiro;Aveiro;ACC;1;01;0105;010515
2025-11;2025;11;Lisboa;Mafra;ACC;1;11;1109;110906
2025-11;2025;11;Porto;Póvoa de Varzim;ACC;1;13;1313;131307
2025-11;2025;11;Lisboa;Amadora;ACC;1;11;1115;111515
2025-11;2025;11;Porto;Maia;ACC;1;13;1306;130603
2025-11;2025;11;Viana do Castelo;Valença;ACC;1;16;1608;160805
2025-11;2025;11;Portalegre;Portalegre;ACC;1;12;1214;121404
2025-11;2025;11;Braga;Vila Verde;ACC;1;03;0313;031316
2025-11;2025;11;Leiria;Óbidos;ACC;1;10;1012;101208
2025-11;2025;11;Aveiro;Ílhavo;ACC;1;01;0110;011005
2025-11;2025;11;Porto;Vila do Conde;ACC;1;13;1316;131611
2025-11;2025;11;Bragança;Macedo de Cavaleiros;ACC;1;04;0405;040518
2025-11;2025;11;Castelo Branco;Castelo Branco;ACC;1;05;0502;050211
2025-11;2025;11;Braga;Guimarães;ACC;1;03;0308;030828
2025-11;2025;11;Vila Real;Vila Real;ACC;1;17;1714;171414
2025-11;2025;11;Coimbra;Penacova;ACC;1;06;0613;061304
2025-11;2025;11;Faro;Loulé;ACC;2;08;0808;080808
2025-11;2025;11;Porto;Amarante;ACC;1;13;1301;130121
2025-11;2025;11;Lisboa;Lisboa;CER;1;11;1106;110618
2025-11;2025;11;Lisboa;Mafra;ACC;1;11;1109;110909
2025-11;2025;11;Santarém;Salvaterra de Magos;ACC;3;14;1415;141502
2025-11;2025;11;Porto;Maia;ACC;1;13;1306;130608
2025-11;2025;11;Coimbra;Miranda do Corvo;ACC;1;06;0609;060902
2025-11;2025;11;Bragança;Miranda do douro;ACC;1;04;0406;040608
2025-11;2025;11;Bragança;Mirandela;ACC;1;04;0407;040721
2025-11;2025;11;Lisboa;Lisboa;ACC;2;11;1106;110661
2025-11;2025;11;Viseu;Moimenta da Beira;ACC;1;18;1807;180710
2025-11;2025;11;Setúbal;Moita;ACC;2;15;1506;150603
2025-11;2025;11;Santarém;Alcanena;ACC;1;14;1402;140207
2025-11;2025;11;Évora;Vila Viçosa;ACC;2;07;0714;071406
2025-11;2025;11;Aveiro;Oliveira do Bairro;ACC;2;01;0114;011403
2025-11;2025;11;Faro;Olhão;ACC;1;08;0810;081003
2025-11;2025;11;Aveiro;Santa Maria da Feira;ACC;2;01;0109;010919
2025-11;2025;11;Aveiro;Espinho;ACC;1;01;0107;010704
2025-11;2025;11;Porto;Paredes;ACC;2;13;1310;131025
2025-11;2025;11;Leiria;Pombal;ACC;2;10;1015;101508
2025-11;2025;11;Coimbra;Penacova;ACC;1;06;0613;061307
2025-11;2025;11;Braga;Guimarães;ACC;2;03;0308;030837
2025-11;2025;11;Leiria;Porto de Mós;ACC;1;10;1016;101614
2025-11;2025;11;Beja;Moura;ACC;1;02;0210;021002
2025-11;2025;11;Faro;Olhão;ACC;2;08;0810;081005
2025-11;2025;11;Setúbal;Palmela;ACC;1;15;1508;150804
2025-11;2025;11;Porto;Porto;ACC;3;13;1312;131211
2025-11;2025;11;Lisboa;Torres Vedras;ACC;1;11;1113;111311
2025-11;2025;11;Aveiro;Aveiro;ACC;1;01;0105;010516
2025-11;2025;11;Braga;Vila Nova de Famalicão;ACC;3;03;0312;031233
2025-11;2025;11;Porto;Penafiel;ACC;2;13;1311;131129
2025-11;2025;11;Santarém;Rio Maior;ACC;1;14;1414;141408
2025-11;2025;11;Setúbal;Santiago do Cacém;ACC;1;15;1509;150907
2025-11;2025;11;Lisboa;Lisboa;ACC;1;11;1106;110666
2025-11;2025;11;Lisboa;Lisboa;ACC;4;11;1106;110639
2025-11;2025;11;Lisboa;Cascais;ACC;1;11;1105;110506
2025-11;2025;11;Faro;Lagos;ACC;1;08;0807;080708
2025-11;2025;11;Beja;Aljustrel;ACC;1;02;0201;020104
2025-11;2025;11;Aveiro;Santa Maria da Feira;ACC;2;01;0109;010918
2025-11;2025;11;Lisboa;Torres Vedras;ACC;2;11;1113;111314
2025-11;2025;11;Porto;Maia;ACC;1;13;1306;130613
2025-11;2025;11;Viana do Castelo;Viana do Castelo;ACC;2;16;1609;160923
2025-11;2025;11;Setúbal;Montijo;ACC;1;15;1507;150704
2025-11;2025;11;Braga;Braga;ACC;1;03;0303;030354
2025-11;2025;11;Braga;Guimarães;ACC;1;03;0308;030866
2025-11;2025;11;Viseu;Sátão;ACC;1;18;1817;181711
2025-11;2025;11;Setúbal;Sines;ACC;1;15;1513;151301
2025-11;2025;11;Portalegre;Sousel;ACC;1;12;1215;121504
2025-11;2025;11;Viana do Castelo;Monção;ACC;1;16;1604;160431
2025-11;2025;11;Santarém;Alcanena;ACC;1;14;1402;140211
2025-11;2025;11;Lisboa;Vila Franca de Xira;ACC;2;11;1114;111413
2025-11;2025;11;Braga;Amares;ACC;1;03;0301;030125
2025-11;2025;11;Bragança;Carrazeda de Ansiães;ACC;1;04;0403;040320
2025-11;2025;11;Aveiro;Anadia;ACC;1;01;0103;010317
2025-11;2025;11;Coimbra;Coimbra;ACC;1;06;0603;060333
2025-11;2025;11;Porto;Póvoa de Varzim;ACC;1;13;1313;131313
2025-11;2025;11;Braga;Barcelos;ACC;3;03;0302;030293
2025-11;2025;11;Beja;Beja;ACC;4;02;0205;020520
2025-11;2025;11;Leiria;Bombarral;ACC;1;10;1005;100506
2025-11;2025;11;Porto;Trofa;ACC;2;13;1318;131810
2025-11;2025;11;Lisboa;Cadaval;ACC;1;11;1104;110411
2025-11;2025;11;Lisboa;Cascais;ACC;1;11;1105;110508
2025-11;2025;11;Porto;Trofa;ACC;1;13;1318;131811
2025-11;2025;11;Braga;Braga;ACC;1;03;0303;030370
2025-11;2025;11;Aveiro;Santa Maria da Feira;ACC;3;01;0109;010935
2025-11;2025;11;Aveiro;Vagos;ACC;1;01;0118;011812
2025-11;2025;11;Aveiro;Aveiro;ACC;1;01;0105;010517
2025-11;2025;11;Porto;Vila Nova de Gaia;ACC;2;13;1317;131725
2025-11;2025;11;Leiria;Leiria;ACC;1;10;1009;100933
2025-11;2025;11;Vila Real;Santa Marta de Penaguião;ACC;1;17;1711;171111
2025-11;2025;11;Porto;Porto;ACC;2;13;1312;131218
2025-11;2025;11;Faro;Tavira;ACC;1;08;0814;081411
2025-11;2025;11;Porto;Vila Nova de Gaia;ACC;2;13;1317;131727
2025-11;2025;11;Santarém;Alcanena;ACC;1;14;1402;140212
2025-11;2025;11;Porto;Felgueiras;ACC;2;13;1303;130335
2025-11;2025;11;Lisboa;Torres Vedras;ACC;1;11;1113;111325
2025-11;2025;11;Braga;Braga;ACC;4;03;0303;030375
2025-11;2025;11;Leiria;Leiria;ACC;1;10;1009;100935
2025-11;2025;11;Aveiro;Oliveira de Azeméis;ACC;1;01;0113;011320
2025-11;2025;11;Aveiro;Oliveira de Azeméis;ACC;4;01;0113;011321
2025-11;2025;11;Braga;Guimarães;ACC;2;03;0308;030884
2025-11;2025;11;Porto;Vila Nova de Gaia;ACC;2;13;1317;131728
2025-11;2025;11;Setúbal;Montijo;ACC;1;15;1507;150711
2025-11;2025;11;Vila Real;Peso da Régua;ACC;1;17;1708;170816
2025-11;2025;11;Portalegre;Ponte de Sor;ACC;2;12;1213;121308
2025-11;2025;11;Lisboa;Odivelas;ACC;5;11;1116;111608
2025-11;2025;11;Lisboa;Odivelas;ACC;1;11;1116;111609
2025-11;2025;11;Braga;Braga;ACC;2;03;0303;030379
2025-11;2025;11;Portalegre;Portalegre;ACC;1;12;1214;121413
2025-11;2025;11;Porto;Vila Nova de Gaia;ACC;1;13;1317;131729
2025-11;2025;11;Lisboa;Loures;ACC;1;11;1107;110730
2025-11;2025;11;Porto;Santo Tirso;ACC;3;13;1314;131437
2025-11;2025;11;Vila Real;Chaves;ACC;3;17;1703;170358
2025-11;2025;11;Setúbal;Seixal;ACC;6;15;1510;151007
2025-11;2025;11;Setúbal;Barreiro;ACC;3;15;1504;150409
2025-11;2025;11;Coimbra;Cantanhede;ACC;1;06;0602;060223
2025-11;2025;11;Braga;Guimarães;ACC;1;03;0308;030889
2025-11;2025;11;Setúbal;Setúbal;ACC;3;15;1512;151210
2025-11;2025;11;Santarém;Torres Novas;ACC;1;14;1419;141920
2025-11;2025;11;Braga;Celorico de Basto;ACC;1;03;0305;030527
2025-11;2025;11;Porto;Felgueiras;ACC;1;13;1303;130341
2025-11;2025;11;Lisboa;Mafra;ACC;2;11;1109;110922
2025-11;2025;11;Viana do Castelo;Arcos de Valdevez;ACC;1;16;1601;160149
2025-11;2025;11;Santarém;Cartaxo;ACC;1;14;1406;140608
2025-11;2025;11;Braga;Vila Nova de Famalicão;ACC;2;03;0312;031241
2025-11;2025;11;Porto;Valongo;ACC;4;13;1315;131505
2025-11;2025;11;Braga;Barcelos;ACC;1;03;0302;030283
2025-11;2025;11;Viseu;Lamego;ACC;1;18;1805;180523
2025-11;2025;11;Évora;Vendas Novas;ACC;2;07;0712;071201
2025-11;2025;11;Santarém;Cartaxo;ACC;2;14;1406;140607
2025-11;2025;11;Porto;Amarante;ACC;1;13;1301;130139
2025-11;2025;11;Porto;Vila do Conde;ACC;2;13;1316;131628
2025-11;2025;11;Vila Real;Vila Real;ACC;2;17;1714;171438
2025-11;2025;11;Faro;Vila Real de Santo António;ACC;2;08;0816;081602
2025-11;2025;11;Porto;Paredes;ACC;2;13;1310;131024
2025-11;2025;11;Bragança;Vinhais;ACC;1;04;0412;041235
2025-12;2025;12;Viseu;Viseu;ACC;1;18;1823;182301
2025-12;2025;12;Aveiro;Águeda;ACC;1;01;0101;010103
2025-12;2025;12;Porto;Maia;ACC;1;13;1306;130601
2025-12;2025;12;Lisboa;Cascais;ACC;2;11;1105;110501
2025-12;2025;12;Santarém;Santarém;ACC;1;14;1416;141604
2025-12;2025;12;Lisboa;Lisboa;ACC;2;11;1106;110602
2025-12;2025;12;Setúbal;Alcochete;ACC;1;15;1502;150201
2025-12;2025;12;Braga;Guimarães;ACC;1;03;0308;030801
2025-12;2025;12;Leiria;Alcobaça;ACC;1;10;1001;100102
2025-12;2025;12;Porto;Valongo;ACC;4;13;1315;131501
2025-12;2025;12;Porto;Valongo;CER;1;13;1315;131501
2025-12;2025;12;Leiria;Alcobaça;ACC;1;10;1001;100120
2025-12;2025;12;Faro;Loulé;ACC;4;08;0808;080801
2025-12;2025;12;Viana do Castelo;Viana do Castelo;ACC;1;16;1609;160904
2025-12;2025;12;Viseu;Armamar;ACC;1;18;1801;180120
2025-12;2025;12;Braga;Fafe;ACC;1;03;0307;030730
2025-12;2025;12;Lisboa;Lisboa;ACC;1;11;1106;110656
2025-12;2025;12;Leiria;Peniche;ACC;1;10;1014;101402
2025-12;2025;12;Lisboa;Lisboa;ACC;1;11;1106;110657
2025-12;2025;12;Portalegre;Avis;ACC;1;12;1203;120303
2025-12;2025;12;Lisboa;Azambuja;ACC;1;11;1103;110304
2025-12;2025;12;Lisboa;Oeiras;ACC;4;11;1110;111002
2025-12;2025;12;Leiria;Alcobaça;ACC;1;10;1001;100104
2025-12;2025;12;Leiria;Batalha;ACC;1;10;1004;100401
2025-12;2025;12;Porto;Marco de Canaveses;ACC;1;13;1307;130734
2025-12;2025;12;Santarém;Benavente;ACC;2;14;1405;140501
2025-12;2025;12;Faro;Loulé;ACC;1;08;0808;080804
2025-12;2025;12;Porto;Porto;CER;1;13;1312;131202
2025-12;2025;12;Aveiro;Albergaria-a-Velha;ACC;1;01;0102;010204
2025-12;2025;12;Coimbra;Figueira da Foz;ACC;1;06;0605;060520
2025-12;2025;12;Porto;Lousada;ACC;1;13;1305;130504
2025-12;2025;12;Porto;Vila Nova de Gaia;ACC;3;13;1317;131703
2025-12;2025;12;Braga;Barcelos;ACC;1;03;0302;030220
2025-12;2025;12;Castelo Branco;Castelo Branco;ACC;2;05;0502;050205
2025-12;2025;12;Porto;Paredes;ACC;1;13;1310;131008
2025-12;2025;12;Setúbal;Seixal;ACC;9;15;1510;151005
2025-12;2025;12;Braga;Vieira do Minho;ACC;1;03;0311;031107
2025-12;2025;12;Porto;Paços de Ferreira;ACC;1;13;1309;130904
2025-12;2025;12;Aveiro;Aveiro;ACC;1;01;0105;010515
2025-12;2025;12;Lisboa;Mafra;ACC;1;11;1109;110906
2025-12;2025;12;Porto;Valongo;ACC;5;13;1315;131503
2025-12;2025;12;Leiria;Nazaré;ACC;1;10;1011;101101
2025-12;2025;12;Braga;Guimarães;ACC;1;03;0308;030815
2025-12;2025;12;Guarda;Figueira de Castelo Rodrigo;ACC;1;09;0904;090408
2025-12;2025;12;Coimbra;Penacova;ACC;2;06;0613;061302
2025-12;2025;12;Porto;Paços de Ferreira;ACC;1;13;1309;130906
2025-12;2025;12;Vila Real;Vila Real;ACC;1;17;1714;171409
2025-12;2025;12;Viseu;Viseu;ACC;1;18;1823;182315
2025-12;2025;12;Santarém;Rio Maior;ACC;1;14;1414;141405
2025-12;2025;12;Porto;Paços de Ferreira;ACC;1;13;1309;130908
2025-12;2025;12;Portalegre;Fronteira;ACC;1;12;1208;120802
2025-12;2025;12;Porto;Vila do Conde;ACC;1;13;1316;131610
2025-12;2025;12;Viseu;Tondela;ACC;1;18;1821;182108
2025-12;2025;12;Braga;Vila Nova de Famalicão;ACC;1;03;0312;031219
2025-12;2025;12;Porto;Lousada;ACC;2;13;1305;130510
2025-12;2025;12;Portalegre;Ponte de Sor;ACC;1;12;1213;121305
2025-12;2025;12;Vila Real;Vila Real;ACC;1;17;1714;171414
2025-12;2025;12;Coimbra;Penacova;ACC;2;06;0613;061304
2025-12;2025;12;Porto;Amarante;ACC;1;13;1301;130121
2025-12;2025;12;Bragança;Macedo de Cavaleiros;ACC;1;04;0405;040520
2025-12;2025;12;Porto;Vila do Conde;ACC;2;13;1316;131614
2025-12;2025;12;Lisboa;Mafra;ACC;2;11;1109;110909
2025-12;2025;12;Porto;Marco de Canaveses;ACC;4;13;1307;130736
2025-12;2025;12;Santarém;Torres Novas;ACC;1;14;1419;141917
2025-12;2025;12;Porto;Paços de Ferreira;ACC;1;13;1309;130910
2025-12;2025;12;Lisboa;Amadora;ACC;2;11;1115;111516
2025-12;2025;12;Coimbra;Miranda do Corvo;ACC;2;06;0609;060902
2025-12;2025;12;Bragança;Miranda do douro;ACC;1;04;0406;040608
2025-12;2025;12;Santarém;Salvaterra de Magos;ACC;1;14;1415;141503
2025-12;2025;12;Porto;Maia;ACC;2;13;1306;130620
2025-12;2025;12;Beja;Beja;ACC;1;02;0205;020506
2025-12;2025;12;Évora;Vila Viçosa;ACC;2;07;0714;071406
2025-12;2025;12;Aveiro;Oliveira do Bairro;ACC;3;01;0114;011403
2025-12;2025;12;Leiria;Óbidos;ACC;1;10;1012;101203
2025-12;2025;12;Beja;Ourique;ACC;1;02;0212;021203
2025-12;2025;12;Porto;Paços de Ferreira;ACC;1;13;1309;130918
2025-12;2025;12;Porto;Porto;ACC;1;13;1312;131210
2025-12;2025;12;Porto;Porto;CER;1;13;1312;131210
2025-12;2025;12;Porto;Penafiel;ACC;2;13;1311;131139
2025-12;2025;12;Guarda;Pinhel;ACC;1;09;0910;091017
2025-12;2025;12;Santarém;Cartaxo;ACC;1;14;1406;140604
2025-12;2025;12;Lisboa;Oeiras;ACC;4;11;1110;111009
2025-12;2025;12;Braga;Póvoa de Lanhoso;ACC;1;03;0309;030919
2025-12;2025;12;Faro;Loulé;ACC;2;08;0808;080805
2025-12;2025;12;Braga;Fafe;ACC;2;03;0307;030722
2025-12;2025;12;Évora;Reguengos de Monsaraz;ACC;1;07;0711;071104
2025-12;2025;12;Braga;Vila Nova de Famalicão;ACC;3;03;0312;031233
2025-12;2025;12;Viseu;Resende;ACC;2;18;1813;181311
2025-12;2025;12;Viseu;Viseu;ACC;2;18;1823;182323
2025-12;2025;12;Lisboa;Sintra;ACC;5;11;1111;111108
2025-12;2025;12;Aveiro;Santa Maria da Feira;ACC;1;01;0109;010922
2025-12;2025;12;Bragança;Bragança;ACC;1;04;0402;040240
2025-12;2025;12;Santarém;Benavente;ACC;1;14;1405;140502
2025-12;2025;12;Braga;Guimarães;ACC;1;03;0308;030858
2025-12;2025;12;Aveiro;Santa Maria da Feira;ACC;2;01;0109;010925
2025-12;2025;12;Vila Real;Chaves;ACC;1;17;1703;170350
2025-12;2025;12;Coimbra;Coimbra;ACC;2;06;0603;060318
2025-12;2025;12;Faro;Silves;ACC;2;08;0813;081305
2025-12;2025;12;Évora;Évora;ACC;1;07;0705;070506
2025-12;2025;12;Faro;São Brás de Alportel;ACC;1;08;0812;081201
2025-12;2025;12;Lisboa;Cascais;ACC;2;11;1105;110506
2025-12;2025;12;Portalegre;Campo Maior;ACC;1;12;1204;120403
2025-12;2025;12;Beja;Aljustrel;ACC;1;02;0201;020104
2025-12;2025;12;Aveiro;Anadia;ACC;1;01;0103;010310
2025-12;2025;12;Aveiro;Santa Maria da Feira;ACC;2;01;0109;010918
2025-12;2025;12;Santarém;Tomar;ACC;1;14;1418;141813
2025-12;2025;12;Viana do Castelo;Viana do Castelo;ACC;2;16;1609;160923
2025-12;2025;12;Santarém;Sardoal;ACC;1;14;1417;141703
2025-12;2025;12;Braga;Guimarães;ACC;2;03;0308;030854
2025-12;2025;12;Braga;Guimarães;ACC;1;03;0308;030866
2025-12;2025;12;Setúbal;Sesimbra;ACC;2;15;1511;151101
2025-12;2025;12;Aveiro;Espinho;ACC;1;01;0107;010705
2025-12;2025;12;Portalegre;Sousel;ACC;1;12;1215;121504
2025-12;2025;12;Coimbra;Tábua;ACC;3;06;0616;061614
2025-12;2025;12;Aveiro;Sever do Vouga;ACC;1;01;0117;011708
2025-12;2025;12;Braga;Barcelos;ACC;1;03;0302;030277
2025-12;2025;12;Viana do Castelo;Monção;ACC;1;16;1604;160431
2025-12;2025;12;Lisboa;Torres Vedras;ACC;1;11;1113;111317
2025-12;2025;12;Lisboa;Sintra;ACC;1;11;1111;111123
2025-12;2025;12;Porto;Póvoa de Varzim;ACC;1;13;1313;131314
2025-12;2025;12;Aveiro;Águeda;ACC;2;01;0101;010121
2025-12;2025;12;Évora;Alandroal;ACC;1;07;0701;070107
2025-12;2025;12;Porto;Porto;ACC;1;13;1312;131216
2025-12;2025;12;Lisboa;Oeiras;ACC;4;11;1110;111012
2025-12;2025;12;Setúbal;Almada;ACC;1;15;1503;150312
2025-12;2025;12;Beja;Almodôvar;ACC;1;02;0202;020209
2025-12;2025;12;Porto;Amarante;ACC;1;13;1301;130142
2025-12;2025;12;Viana do Castelo;Arcos de Valdevez;ACC;1;16;1601;160154
2025-12;2025;12;Porto;Santo Tirso;ACC;1;13;1314;131433
2025-12;2025;12;Braga;Barcelos;ACC;1;03;0302;030292
2025-12;2025;12;Coimbra;Coimbra;ACC;1;06;0603;060333
2025-12;2025;12;Porto;Póvoa de Varzim;ACC;1;13;1313;131313
2025-12;2025;12;Setúbal;Setúbal;ACC;2;15;1512;151209
2025-12;2025;12;Évora;Évora;ACC;1;07;0705;070522
2025-12;2025;12;Aveiro;Estarreja;ACC;1;01;0108;010808
2025-12;2025;12;Leiria;Bombarral;ACC;1;10;1005;100506
2025-12;2025;12;Porto;Trofa;ACC;2;13;1318;131810
2025-12;2025;12;Aveiro;Santa Maria da Feira;ACC;1;01;0109;010932
2025-12;2025;12;Braga;Vizela;ACC;2;03;0314;031408
2025-12;2025;12;Santarém;Cartaxo;ACC;2;14;1406;140609
2025-12;2025;12;Lisboa;Cascais;ACC;3;11;1105;110508
2025-12;2025;12;Lisboa;Vila Franca de Xira;ACC;1;11;1114;111414
2025-12;2025;12;Porto;Porto;ACC;1;13;1312;131217
2025-12;2025;12;Santarém;Chamusca;ACC;1;14;1407;140708
2025-12;2025;12;Porto;Matosinhos;ACC;3;13;1308;130811
2025-12;2025;12;Coimbra;Coimbra;ACC;1;06;0603;060335
2025-12;2025;12;Castelo Branco;Castelo Branco;ACC;1;05;0502;050228
2025-12;2025;12;Braga;Esposende;ACC;5;03;0306;030618
2025-12;2025;12;Braga;Vila Verde;ACC;1;03;0313;031363
2025-12;2025;12;Braga;Braga;ACC;1;03;0303;030370
2025-12;2025;12;Faro;Lagoa;ACC;1;08;0806;080607
2025-12;2025;12;Aveiro;Santa Maria da Feira;ACC;5;01;0109;010935
2025-12;2025;12;Braga;Braga;ACC;1;03;0303;030371
2025-12;2025;12;Porto;Gondomar;CER;1;13;1304;130414
2025-12;2025;12;Aveiro;Aveiro;ACC;1;01;0105;010517
2025-12;2025;12;Castelo Branco;Idanha-a-Nova;ACC;2;05;0505;050518
2025-12;2025;12;Lisboa;Mafra;ACC;3;11;1109;110920
2025-12;2025;12;Bragança;Bragança;ACC;1;04;0402;040252
2025-12;2025;12;Porto;Santo Tirso;ACC;1;13;1314;131436
2025-12;2025;12;Setúbal;Almada;ACC;3;15;1503;150315
2025-12;2025;12;Vila Real;Santa Marta de Penaguião;ACC;1;17;1711;171111
2025-12;2025;12;Évora;Évora;ACC;9;07;0705;070524
2025-12;2025;12;Santarém;Alcanena;ACC;1;14;1402;140212
2025-12;2025;12;Porto;Felgueiras;ACC;2;13;1303;130335
2025-12;2025;12;Porto;Matosinhos;ACC;1;13;1308;130812
2025-12;2025;12;Lisboa;Torres Vedras;ACC;1;11;1113;111325
2025-12;2025;12;Braga;Braga;ACC;1;03;0303;030374
2025-12;2025;12;Leiria;Leiria;ACC;1;10;1009;100936
2025-12;2025;12;Setúbal;Montijo;ACC;4;15;1507;150710
2025-12;2025;12;Braga;Braga;ACC;2;03;0303;030377
2025-12;2025;12;Braga;Braga;ACC;1;03;0303;030378
2025-12;2025;12;Aveiro;Oliveira de Azeméis;ACC;4;01;0113;011321
2025-12;2025;12;Leiria;Leiria;ACC;1;10;1009;100937
2025-12;2025;12;Aveiro;Oliveira de Azeméis;ACC;1;01;0113;011322
2025-12;2025;12;Setúbal;Montijo;ACC;1;15;1507;150711
2025-12;2025;12;Porto;Matosinhos;ACC;4;13;1308;130813
2025-12;2025;12;Portalegre;Ponte de Sor;ACC;2;12;1213;121308
2025-12;2025;12;Castelo Branco;Proença-a-Nova;ACC;2;05;0508;050807
2025-12;2025;12;Lisboa;Odivelas;ACC;1;11;1116;111609
2025-12;2025;12;Lisboa;Odivelas;ACC;1;11;1116;111610
2025-12;2025;12;Lisboa;Loures;ACC;5;11;1107;110727
2025-12;2025;12;Braga;Guimarães;ACC;1;03;0308;030886
2025-12;2025;12;Braga;Vila Verde;ACC;1;03;0313;031367
2025-12;2025;12;Braga;Guimarães;ACC;4;03;0308;030887
2025-12;2025;12;Porto;Vila Nova de Gaia;ACC;1;13;1317;131729
2025-12;2025;12;Lisboa;Sintra;ACC;2;11;1111;111127
2025-12;2025;12;Viseu;Mangualde;ACC;1;18;1806;180621
2025-12;2025;12;Viseu;Santa Comba Dão;ACC;1;18;1814;181411
2025-12;2025;12;Vila Real;Chaves;ACC;3;17;1703;170358
2025-12;2025;12;Setúbal;Barreiro;ACC;3;15;1504;150409
2025-12;2025;12;Braga;Guimarães;ACC;1;03;0308;030889
2025-12;2025;12;Porto;Vila Nova de Gaia;ACC;2;13;1317;131731
2025-12;2025;12;Coimbra;Penela;ACC;2;06;0614;061407
2025-12;2025;12;Porto;Matosinhos;CER;1;13;1308;130814
2025-12;2025;12;Santarém;Abrantes;ACC;1;14;1401;140124
2025-12;2025;12;Coimbra;Coimbra;ACC;2;06;0603;060339
2025-12;2025;12;Setúbal;Santiago do Cacém;ACC;1;15;1509;150912
2025-12;2025;12;Coimbra;Coimbra;ACC;1;06;0603;060340
2025-12;2025;12;Santarém;Torres Novas;ACC;1;14;1419;141921
2025-12;2025;12;Viseu;Tondela;ACC;2;18;1821;182132
2025-12;2025;12;Viana do Castelo;Viana do Castelo;ACC;2;16;1609;160948
2025-12;2025;12;Aveiro;Vale de Cambra;ACC;1;01;0119;011910
2025-12;2025;12;Viana do Castelo;Vila Nova de Cerveira;ACC;2;16;1610;161019
2025-12;2025;12;Porto;Felgueiras;ACC;1;13;1303;130341
2025-12;2025;12;Leiria;Nazaré;ACC;1;10;1011;101103
2025-12;2025;12;Viana do Castelo;Arcos de Valdevez;ACC;1;16;1601;160149
2025-12;2025;12;Santarém;Cartaxo;ACC;1;14;1406;140608
2025-12;2025;12;Aveiro;Ovar;ACC;1;01;0115;011507
2025-12;2025;12;Viseu;Lamego;ACC;1;18;1805;180523
2025-12;2025;12;Lisboa;Amadora;ACC;2;11;1115;111517
2025-12;2025;12;Porto;Vila do Conde;ACC;3;13;1316;131628
2025-12;2025;12;Vila Real;Mesão Frio;ACC;1;17;1704;170407
2025-12;2025;12;Santarém;Vila Nova da Barquinha;ACC;1;14;1420;142006
2025-12;2025;12;Vila Real;Vila Pouca de Aguiar;ACC;1;17;1713;171314
2025-12;2025;12;Lisboa;Cadaval;ACC;1;11;1104;110410
2025-12;2025;12;Vila Real;Vila Real;ACC;2;17;1714;171438
2025-12;2025;12;Faro;Vila Real de Santo António;ACC;2;08;0816;081602
2025-12;2025;12;Viseu;Viseu;ACC;1;18;1823;182341
2025-09;2025;09;Braga;Braga;ACC;3;03;0303;030301
2025-09;2025;09;Porto;Santo Tirso;ACC;1;13;1314;131402
2025-09;2025;09;Lisboa;Amadora;ACC;1;11;1115;111513
2025-09;2025;09;Santarém;Santarém;ACC;1;14;1416;141604
2025-09;2025;09;Lisboa;Lisboa;ACC;1;11;1106;110602
2025-09;2025;09;Santarém;Rio Maior;ACC;1;14;1414;141401
2025-09;2025;09;Lisboa;Amadora;ACC;2;11;1115;111512
2025-09;2025;09;Faro;Aljezur;ACC;1;08;0803;080301
2025-09;2025;09;Coimbra;Figueira da Foz;ACC;1;06;0605;060502
2025-09;2025;09;Coimbra;Góis;ACC;1;06;0606;060601
2025-09;2025;09;Viseu;Moimenta da Beira;ACC;1;18;1807;180703
2025-09;2025;09;Braga;Fafe;ACC;1;03;0307;030726
2025-09;2025;09;Évora;Arraiolos;ACC;2;07;0702;070201
2025-09;2025;09;Lisboa;Arruda dos Vinhos;ACC;2;11;1102;110202
2025-09;2025;09;Portalegre;Elvas;ACC;1;12;1207;120712
2025-09;2025;09;Santarém;Ourém;ACC;2;14;1421;142102
2025-09;2025;09;Porto;Vila do Conde;ACC;1;13;1316;131603
2025-09;2025;09;Santarém;Golegã;ACC;1;14;1412;141201
2025-09;2025;09;Porto;Gondomar;ACC;4;13;1304;130412
2025-09;2025;09;Leiria;Batalha;ACC;1;10;1004;100401
2025-09;2025;09;Lisboa;Lisboa;ACC;1;11;1106;110658
2025-09;2025;09;Porto;Marco de Canaveses;ACC;1;13;1307;130734
2025-09;2025;09;Braga;Guimarães;ACC;2;03;0308;030807
2025-09;2025;09;Coimbra;Figueira da Foz;ACC;1;06;0605;060520
2025-09;2025;09;Lisboa;Loures;ACC;1;11;1107;110702
2025-09;2025;09;Aveiro;Murtosa;ACC;2;01;0112;011201
2025-09;2025;09;Viseu;Nelas;ACC;1;18;1809;180901
2025-09;2025;09;Évora;Évora;ACC;1;07;0705;070515
2025-09;2025;09;Porto;Vila Nova de Gaia;ACC;2;13;1317;131704
2025-09;2025;09;Coimbra;Montemor-o-Velho;ACC;1;06;0610;061003
2025-09;2025;09;Santarém;Ourém;ACC;1;14;1421;142104
2025-09;2025;09;Porto;Maia;ACC;2;13;1306;130619
2025-09;2025;09;Viana do Castelo;Vila Nova de Cerveira;ACC;1;16;1610;161003
2025-09;2025;09;Setúbal;Seixal;ACC;6;15;1510;151005
2025-09;2025;09;Évora;Reguengos de Monsaraz;ACC;1;07;0711;071102
2025-09;2025;09;Porto;Paços de Ferreira;ACC;1;13;1309;130904
2025-09;2025;09;Porto;Valongo;ACC;4;13;1315;131503
2025-09;2025;09;Aveiro;Ovar;ACC;1;01;0115;011503
2025-09;2025;09;Lisboa;Lisboa;ACC;1;11;1106;110660
2025-09;2025;09;Leiria;Alcobaça;ACC;1;10;1001;100108
2025-09;2025;09;Lisboa;Amadora;ACC;1;11;1115;111515
2025-09;2025;09;Braga;Guimarães;ACC;1;03;0308;030815
2025-09;2025;09;Coimbra;Penacova;ACC;1;06;0613;061302
2025-09;2025;09;Porto;Paços de Ferreira;ACC;1;13;1309;130906
2025-09;2025;09;Porto;Paços de Ferreira;ACC;1;13;1309;130917
2025-09;2025;09;Braga;Vila Verde;ACC;1;03;0313;031316
2025-09;2025;09;Aveiro;Ílhavo;ACC;1;01;0110;011007
2025-09;2025;09;Braga;Vila Verde;ACC;1;03;0313;031317
2025-09;2025;09;Braga;Guimarães;ACC;1;03;0308;030820
2025-09;2025;09;Viseu;Tondela;ACC;1;18;1821;182108
2025-09;2025;09;Porto;Vila do Conde;ACC;1;13;1316;131611
2025-09;2025;09;Aveiro;Ílhavo;ACC;1;01;0110;011008
2025-09;2025;09;Braga;Vila Nova de Famalicão;ACC;1;03;0312;031219
2025-09;2025;09;Castelo Branco;Castelo Branco;ACC;1;05;0502;050211
2025-09;2025;09;Porto;Lousada;ACC;1;13;1305;130510
2025-09;2025;09;Lisboa;Lisboa;ACC;2;11;1106;110618
2025-09;2025;09;Porto;Vila do Conde;ACC;1;13;1316;131614
2025-09;2025;09;Santarém;Torres Novas;ACC;1;14;1419;141917
2025-09;2025;09;Aveiro;Santa Maria da Feira;ACC;1;01;0109;010914
2025-09;2025;09;Coimbra;Miranda do Corvo;ACC;1;06;0609;060902
2025-09;2025;09;Viseu;Moimenta da Beira;ACC;1;18;1807;180710
2025-09;2025;09;Porto;Santo Tirso;ACC;1;13;1314;131413
2025-09;2025;09;Aveiro;Santa Maria da Feira;ACC;1;01;0109;010916
2025-09;2025;09;Santarém;Salvaterra de Magos;ACC;1;14;1415;141503
2025-09;2025;09;Aveiro;Oliveira do Bairro;ACC;1;01;0114;011403
2025-09;2025;09;Leiria;Óbidos;ACC;1;10;1012;101203
2025-09;2025;09;Braga;Braga;CER;1;03;0303;030331
2025-09;2025;09;Aveiro;Espinho;ACC;1;01;0107;010704
2025-09;2025;09;Porto;Paredes;ACC;2;13;1310;131025
2025-09;2025;09;Beja;Serpa;ACC;1;02;0213;021303
2025-09;2025;09;Braga;Guimarães;ACC;2;03;0308;030837
2025-09;2025;09;Braga;Barcelos;ACC;1;03;0302;030261
2025-09;2025;09;Braga;Póvoa de Lanhoso;ACC;1;03;0309;030919
2025-09;2025;09;Faro;Loulé;ACC;1;08;0808;080805
2025-09;2025;09;Santarém;Torres Novas;ACC;1;14;1419;141910
2025-09;2025;09;Lisboa;Sintra;ACC;5;11;1111;111108
2025-09;2025;09;Santarém;Rio Maior;ACC;1;14;1414;141408
2025-09;2025;09;Castelo Branco;Idanha-a-Nova;ACC;1;05;0505;050512
2025-09;2025;09;Vila Real;Vila Pouca de Aguiar;ACC;1;17;1713;171317
2025-09;2025;09;Bragança;Bragança;ACC;1;04;0402;040240
2025-09;2025;09;Santarém;Benavente;ACC;1;14;1405;140502
2025-09;2025;09;Braga;Vizela;ACC;1;03;0314;031401
2025-09;2025;09;Aveiro;Santa Maria da Feira;ACC;2;01;0109;010925
2025-09;2025;09;Coimbra;Coimbra;ACC;2;06;0603;060318
2025-09;2025;09;Évora;Évora;ACC;1;07;0705;070506
2025-09;2025;09;Porto;Vila Nova de Gaia;ACC;3;13;1317;131717
2025-09;2025;09;Portalegre;Campo Maior;ACC;1;12;1204;120403
2025-09;2025;09;Aveiro;Santa Maria da Feira;ACC;1;01;0109;010926
2025-09;2025;09;Santarém;Tomar;ACC;1;14;1418;141813
2025-09;2025;09;Aveiro;Oliveira de Azeméis;ACC;1;01;0113;011318
2025-09;2025;09;Setúbal;Montijo;ACC;1;15;1507;150704
2025-09;2025;09;Braga;Guimarães;ACC;2;03;0308;030854
2025-09;2025;09;Braga;Braga;ACC;1;03;0303;030354
2025-09;2025;09;Portalegre;Sousel;ACC;1;12;1215;121504
2025-09;2025;09;Braga;Barcelos;ACC;1;03;0302;030277
2025-09;2025;09;Braga;Vila Verde;ACC;1;03;0313;031354
2025-09;2025;09;Santarém;Alcanena;ACC;1;14;1402;140211
2025-09;2025;09;Lisboa;Oeiras;ACC;3;11;1110;111012
2025-09;2025;09;Aveiro;Arouca;ACC;1;01;0104;010421
2025-09;2025;09;Coimbra;Coimbra;ACC;1;06;0603;060333
2025-09;2025;09;Braga;Barcelos;ACC;2;03;0302;030293
2025-09;2025;09;Beja;Beja;ACC;4;02;0205;020520
2025-09;2025;09;Leiria;Bombarral;ACC;1;10;1005;100506
2025-09;2025;09;Porto;Trofa;ACC;1;13;1318;131810
2025-09;2025;09;Braga;Celorico de Basto;ACC;1;03;0305;030523
2025-09;2025;09;Lisboa;Cadaval;ACC;1;11;1104;110411
2025-09;2025;09;Aveiro;Santa Maria da Feira;ACC;1;01;0109;010932
2025-09;2025;09;Coimbra;Cantanhede;ACC;1;06;0602;060220
2025-09;2025;09;Lisboa;Cascais;ACC;1;11;1105;110508
2025-09;2025;09;Porto;Porto;ACC;1;13;1312;131217
2025-09;2025;09;Setúbal;Almada;ACC;4;15;1503;150314
2025-09;2025;09;Coimbra;Condeixa-a-Nova;ACC;1;06;0604;060411
2025-09;2025;09;Porto;Trofa;ACC;1;13;1318;131811
2025-09;2025;09;Santarém;Coruche;ACC;1;14;1409;140909
2025-09;2025;09;Porto;Lousada;ACC;2;13;1305;130528
2025-09;2025;09;Porto;Gondomar;ACC;5;13;1304;130413
2025-09;2025;09;Braga;Braga;ACC;1;03;0303;030371
2025-09;2025;09;Castelo Branco;Fundão;ACC;2;05;0504;050434
2025-09;2025;09;Porto;Vila Nova de Gaia;ACC;2;13;1317;131725
2025-09;2025;09;Leiria;Pombal;ACC;3;10;1015;101518
2025-09;2025;09;Castelo Branco;Idanha-a-Nova;ACC;1;05;0505;050518
2025-09;2025;09;Leiria;Leiria;ACC;1;10;1009;100933
2025-09;2025;09;Porto;Porto;ACC;2;13;1312;131218
2025-09;2025;09;Porto;Lousada;ACC;1;13;1305;130530
2025-09;2025;09;Porto;Felgueiras;ACC;2;13;1303;130335
2025-09;2025;09;Leiria;Leiria;ACC;5;10;1009;100934
2025-09;2025;09;Coimbra;Montemor-o-Velho;ACC;1;06;0610;061016
2025-09;2025;09;Leiria;Leiria;ACC;1;10;1009;100936
2025-09;2025;09;Castelo Branco;Castelo Branco;ACC;1;05;0502;050230
2025-09;2025;09;Aveiro;Oliveira de Azeméis;ACC;1;01;0113;011320
2025-09;2025;09;Évora;Montemor-o-Novo;ACC;1;07;0706;070612
2025-09;2025;09;Aveiro;Oliveira de Azeméis;ACC;2;01;0113;011321
2025-09;2025;09;Coimbra;Penacova;ACC;1;06;0613;061313
2025-09;2025;09;Leiria;Leiria;ACC;1;10;1009;100937
2025-09;2025;09;Porto;Matosinhos;ACC;2;13;1308;130813
2025-09;2025;09;Vila Real;Peso da Régua;ACC;1;17;1708;170816
2025-09;2025;09;Lisboa;Odivelas;ACC;3;11;1116;111608
2025-09;2025;09;Castelo Branco;Proença-a-Nova;ACC;1;05;0508;050807
2025-09;2025;09;Lisboa;Sintra;ACC;3;11;1111;111126
2025-09;2025;09;Braga;Braga;ACC;2;03;0303;030379
2025-09;2025;09;Braga;Cabeceiras de Basto;ACC;1;03;0304;030421
2025-09;2025;09;Portalegre;Portalegre;ACC;1;12;1214;121413
2025-09;2025;09;Santarém;Santarém;ACC;1;14;1416;141632
2025-09;2025;09;Guarda;Sabugal;ACC;1;09;0911;091145
2025-09;2025;09;Lisboa;Loures;ACC;1;11;1107;110730
2025-09;2025;09;Porto;Santo Tirso;ACC;3;13;1314;131437
2025-09;2025;09;Braga;Guimarães;ACC;1;03;0308;030889
2025-09;2025;09;Setúbal;Setúbal;ACC;3;15;1512;151210
2025-09;2025;09;Braga;Braga;ACC;1;03;0303;030380
2025-09;2025;09;Viseu;Tarouca;ACC;1;18;1820;182013
2025-09;2025;09;Coimbra;Coimbra;ACC;1;06;0603;060340
2025-09;2025;09;Leiria;Caldas da Rainha;ACC;2;10;1006;100619
2025-09;2025;09;Aveiro;Águeda;ACC;1;01;0101;010126
2025-09;2025;09;Porto;Felgueiras;ACC;1;13;1303;130341
2025-09;2025;09;Viana do Castelo;Arcos de Valdevez;ACC;1;16;1601;160149
2025-09;2025;09;Braga;Vila Nova de Famalicão;ACC;2;03;0312;031241
2025-09;2025;09;Porto;Valongo;ACC;1;13;1315;131505
2025-09;2025;09;Braga;Barcelos;ACC;1;03;0302;030283
2025-09;2025;09;Viseu;Lamego;ACC;1;18;1805;180523
2025-09;2025;09;Évora;Vendas Novas;ACC;2;07;0712;071201
2025-09;2025;09;Aveiro;Oliveira de Azeméis;ACC;1;01;0113;011319
2025-09;2025;09;Faro;Vila Real de Santo António;ACC;2;08;0816;081602
2025-09;2025;09;Porto;Paredes;ACC;2;13;1310;131024
2025-09;2025;09;Viseu;Viseu;ACC;1;18;1823;182341
2024-04;2024;04;Braga;Braga;CER;1;03;0303;030331
2024-04;2024;04;Braga;Guimarães;ACC;1;03;0308;030828
2024-04;2024;04;Porto;Maia;ACC;1;13;1306;130618
2023-04;2023;04;Lisboa;Lisboa;ACC;1;11;1106;110618
2024-04;2024;04;Santarém;Cartaxo;ACC;1;14;1406;140604
2025-04;2025;04;Lisboa;Odivelas;ACC;2;11;1116;111608
2025-04;2025;04;Setúbal;Moita;ACC;3;15;1506;150607
2024-04;2024;04;Setúbal;Setúbal;ACC;1;15;1512;151210
2025-04;2025;04;Setúbal;Seixal;ACC;5;15;1510;151005
2025-04;2025;04;Aveiro;Santa Maria da Feira;ACC;1;01;0109;010932
2024-08;2024;08;Aveiro;Anadia;ACC;1;01;0103;010305
2025-04;2025;04;Aveiro;Oliveira de Azeméis;ACC;1;01;0113;011319
2025-04;2025;04;Leiria;Leiria;ACC;1;10;1009;100933
2025-04;2025;04;Leiria;Leiria;ACC;4;10;1009;100934
2025-04;2025;04;Leiria;Leiria;ACC;1;10;1009;100936
2025-04;2025;04;Leiria;Batalha;ACC;1;10;1004;100401
2025-04;2025;04;Évora;Évora;ACC;5;07;0705;070524
2024-04;2024;04;Santarém;Tomar;ACC;1;14;1418;141821
2024-08;2024;08;Santarém;Almeirim;ACC;1;14;1403;140301
2025-04;2025;04;Santarém;Ourém;ACC;1;14;1421;142102
2025-04;2025;04;Santarém;Santarém;ACC;1;14;1416;141614
2025-04;2025;04;Coimbra;Figueira da Foz;ACC;1;06;0605;060520
2024-08;2024;08;Coimbra;Montemor-o-Velho;ACC;1;06;0610;061003
2023-04;2023;04;Bragança;Miranda do douro;ACC;1;04;0406;040608
2022-08;2022;08;Castelo Branco;Fundão;ACC;1;05;0504;050434
2024-04;2024;04;Braga;Guimarães;ACC;1;03;0308;030878
2025-04;2025;04;Braga;Guimarães;ACC;1;03;0308;030881
2025-04;2025;04;Braga;Esposende;ACC;1;03;0306;030616
2024-08;2024;08;Braga;Vila Verde;ACC;1;03;0313;031354
2025-04;2025;04;Braga;Braga;ACC;1;03;0303;030370
2024-04;2024;04;Braga;Braga;ACC;1;03;0303;030371
2025-04;2025;04;Braga;Braga;ACC;2;03;0303;030301
2024-08;2024;08;Braga;Braga;ACC;1;03;0303;030331
2024-08;2024;08;Braga;Braga;CER;1;03;0303;030331
2024-04;2024;04;Braga;Vila Nova de Famalicão;ACC;2;03;0312;031260
2024-08;2024;08;Braga;Vila Nova de Famalicão;ACC;1;03;0312;031213
2024-08;2024;08;Braga;Vila Nova de Famalicão;ACC;1;03;0312;031219
2025-04;2025;04;Braga;Vila Nova de Famalicão;ACC;2;03;0312;031233
2025-04;2025;04;Braga;Fafe;ACC;1;03;0307;030708
2025-04;2025;04;Lisboa;Cascais;ACC;1;11;1105;110507
2025-04;2025;04;Lisboa;Sintra;ACC;1;11;1111;111102
2024-08;2024;08;Lisboa;Sintra;ACC;1;11;1111;111102
2025-04;2025;04;Lisboa;Arruda dos Vinhos;ACC;2;11;1102;110202
2024-08;2024;08;Lisboa;Arruda dos Vinhos;ACC;3;11;1102;110202
2025-04;2025;04;Lisboa;Oeiras;ACC;2;11;1110;111014
2025-04;2025;04;Porto;Porto;ACC;2;13;1312;131203
2025-04;2025;04;Porto;Lousada;ACC;1;13;1305;130529
2025-04;2025;04;Vila Real;Vila Real;ACC;1;17;1714;171409
2025-04;2025;04;Vila Real;Peso da Régua;ACC;1;17;1708;170816
2023-08;2023;08;Bragança;Miranda do douro;ACC;1;04;0406;040608
2024-08;2024;08;Viana do Castelo;Viana do Castelo;ACC;2;16;1609;160923
2024-08;2024;08;Lisboa;Vila Franca de Xira;ACC;1;11;1114;111413
2024-08;2024;08;Braga;Guimarães;ACC;1;03;0308;030881
2024-08;2024;08;Portalegre;Ponte de Sor;ACC;1;12;1213;121308
2024-08;2024;08;Lisboa;Sintra;ACC;1;11;1111;111128
2024-08;2024;08;Porto;Paredes;ACC;1;13;1310;131024
2025-08;2025;08;Lisboa;Cascais;ACC;1;11;1105;110501
2025-08;2025;08;Braga;Fafe;ACC;1;03;0307;030730
2025-08;2025;08;Porto;Vila do Conde;ACC;1;13;1316;131603
2025-08;2025;08;Lisboa;Azambuja;ACC;1;11;1103;110304
2025-08;2025;08;Porto;Maia;ACC;2;13;1306;130619
2025-08;2025;08;Braga;Vila Verde;ACC;1;03;0313;031317
2025-08;2025;08;Braga;Vila Nova de Famalicão;ACC;1;03;0312;031219
2025-08;2025;08;Braga;Barcelos;ACC;1;03;0302;030245
2025-08;2025;08;Bragança;Miranda do douro;ACC;1;04;0406;040608
2025-08;2025;08;Porto;Maia;ACC;3;13;1306;130609
2025-08;2025;08;Braga;Guimarães;ACC;1;03;0308;030832
2025-08;2025;08;Porto;Porto;ACC;1;13;1312;131210
2025-08;2025;08;Lisboa;Torres Vedras;ACC;1;11;1113;111310
2025-08;2025;08;Braga;Guimarães;ACC;2;03;0308;030854
2025-08;2025;08;Braga;Esposende;ACC;1;03;0306;030616
2025-08;2025;08;Braga;Celorico de Basto;ACC;1;03;0305;030523
2025-08;2025;08;Porto;Lousada;ACC;1;13;1305;130529
2025-08;2025;08;Porto;Gondomar;ACC;2;13;1304;130415
2025-08;2025;08;Porto;Felgueiras;ACC;1;13;1303;130335
2025-08;2025;08;Porto;Matosinhos;ACC;1;13;1308;130812
2025-08;2025;08;Lisboa;Sintra;ACC;3;11;1111;111126
2025-08;2025;08;Braga;Cabeceiras de Basto;ACC;1;03;0304;030421
2025-08;2025;08;Porto;Vila Nova de Gaia;ACC;1;13;1317;131729
2023-12;2023;12;Lisboa;Loures;ACC;1;11;1107;110729
2025-08;2025;08;Braga;Vila Nova de Famalicão;ACC;4;03;0312;031260
2025-08;2025;08;Viana do Castelo;Arcos de Valdevez;ACC;1;16;1601;160149
2025-08;2025;08;Porto;Vila do Conde;ACC;1;13;1316;131630
2025-08;2025;08;Viseu;Viseu;ACC;1;18;1823;182341
2023-12;2023;12;Braga;Braga;CER;1;03;0303;030331
2023-12;2023;12;Braga;Braga;ACC;1;03;0303;030371
2024-12;2024;12;Braga;Braga;ACC;2;03;0303;030301
2025-04;2025;04;Coimbra;Penacova;ACC;1;06;0613;061302
2025-08;2025;08;Coimbra;Penacova;ACC;1;06;0613;061304
2024-08;2024;08;Coimbra;Coimbra;ACC;2;06;0603;060318
2025-08;2025;08;Coimbra;Coimbra;ACC;2;06;0603;060318
2024-08;2024;08;Coimbra;Tábua;ACC;1;06;0616;061614
2025-08;2025;08;Setúbal;Moita;ACC;3;15;1506;150607
2025-08;2025;08;Setúbal;Almada;ACC;3;15;1503;150315
2024-08;2024;08;Évora;Évora;ACC;3;07;0705;070524
2024-08;2024;08;Leiria;Leiria;ACC;1;10;1009;100935
2025-08;2025;08;Aveiro;Oliveira de Azeméis;ACC;2;01;0113;011321
2024-08;2024;08;Aveiro;Águeda;ACC;1;01;0101;010126
2024-12;2024;12;Aveiro;Albergaria-a-Velha;ACC;1;01;0102;010209
2025-08;2025;08;Faro;Loulé;ACC;3;08;0808;080801
2025-08;2025;08;Aveiro;Santa Maria da Feira;ACC;1;01;0109;010902
2025-08;2025;08;Santarém;Ourém;ACC;1;14;1421;142102
2025-08;2025;08;Lisboa;Mafra;ACC;1;11;1109;110906
2025-08;2025;08;Aveiro;Aveiro;ACC;2;01;0105;010505
2025-08;2025;08;Santarém;Entroncamento;ACC;1;14;1410;141002
2025-08;2025;08;Aveiro;Santa Maria da Feira;ACC;2;01;0109;010925
2025-08;2025;08;Santarém;Alcanena;ACC;1;14;1402;140211
2025-08;2025;08;Aveiro;Santa Maria da Feira;ACC;1;01;0109;010933
2025-08;2025;08;Porto;Lousada;ACC;1;13;1305;130528
2025-08;2025;08;Évora;Évora;ACC;1;07;0705;070525
2024-12;2024;12;Santarém;Alpiarça;ACC;1;14;1404;140401
2024-12;2024;12;Setúbal;Seixal;ACC;2;15;1510;151002
2024-12;2024;12;Évora;Arraiolos;ACC;1;07;0702;070201
2024-12;2024;12;Aveiro;Santa Maria da Feira;ACC;1;01;0109;010902
2024-12;2024;12;Guarda;Guarda;ACC;1;09;0907;090706
2024-12;2024;12;Santarém;Ourém;ACC;1;14;1421;142102
2024-12;2024;12;Aveiro;Anadia;ACC;1;01;0103;010305
2024-12;2024;12;Leiria;Batalha;ACC;1;10;1004;100401
2024-12;2024;12;Aveiro;Albergaria-a-Velha;ACC;1;01;0102;010204
2024-12;2024;12;Leiria;Leiria;ACC;1;10;1009;100907
2024-12;2024;12;Santarém;Mação;ACC;1;14;1413;141305
2024-12;2024;12;Porto;Valongo;ACC;2;13;1315;131503
2024-12;2024;12;Aveiro;Aveiro;ACC;1;01;0105;010505
2024-12;2024;12;Santarém;Ourém;ACC;1;14;1421;142106
2024-12;2024;12;Aveiro;Ílhavo;ACC;1;01;0110;011008
2024-12;2024;12;Santarém;Ourém;ACC;1;14;1421;142115
2024-12;2024;12;Setúbal;Palmela;ACC;2;15;1508;150802
2024-12;2024;12;Coimbra;Penacova;ACC;1;06;0613;061307
2024-12;2024;12;Leiria;Peniche;ACC;1;10;1014;101407
2024-12;2024;12;Setúbal;Palmela;ACC;1;15;1508;150804
2024-12;2024;12;Setúbal;Sesimbra;ACC;1;15;1511;151103
2024-12;2024;12;Setúbal;Santiago do Cacém;ACC;1;15;1509;150907
2024-12;2024;12;Coimbra;Tábua;ACC;2;06;0616;061614
2024-12;2024;12;Aveiro;Estarreja;ACC;1;01;0108;010808
2024-12;2024;12;Aveiro;Santa Maria da Feira;ACC;1;01;0109;010932
2024-12;2024;12;Aveiro;Santa Maria da Feira;ACC;1;01;0109;010935
2024-12;2024;12;Leiria;Pombal;ACC;2;10;1015;101518
2024-12;2024;12;Leiria;Leiria;ACC;4;10;1009;100934
2024-12;2024;12;Setúbal;Montijo;ACC;1;15;1507;150710
2024-12;2024;12;Lisboa;Cadaval;ACC;1;11;1104;110413
2024-12;2024;12;Lisboa;Odivelas;ACC;2;11;1116;111608
2024-12;2024;12;Lisboa;Odivelas;ACC;1;11;1116;111609
2024-12;2024;12;Braga;Braga;ACC;1;03;0303;030379
2024-12;2024;12;Lisboa;Loures;ACC;2;11;1107;110727
2024-12;2024;12;Setúbal;Barreiro;ACC;1;15;1504;150409
2024-12;2024;12;Braga;Guimarães;ACC;1;03;0308;030889
2024-12;2024;12;Bragança;Bragança;ACC;1;04;0402;040257
2024-12;2024;12;Viseu;Tarouca;ACC;1;18;1820;182013
2024-12;2024;12;Santarém;Tomar;ACC;2;14;1418;141821
2024-12;2024;12;Braga;Barcelos;ACC;1;03;0302;0302FH
2024-02;2024;02;Braga;Vila Nova de Famalicão;ACC;1;03;0312;031260
2024-12;2024;12;Aveiro;Oliveira de Azeméis;ACC;1;01;0113;011319
2024-12;2024;12;Braga;Vila Verde;ACC;1;03;0313;031342
2024-12;2024;12;Lisboa;Cadaval;ACC;1;11;1104;110410
2024-12;2024;12;Braga;Vila Nova de Famalicão;ACC;1;03;0312;031249
2024-02;2024;02;Santarém;Ourém;ACC;1;14;1421;142115
2024-02;2024;02;Portalegre;Avis;ACC;1;12;1203;120303
2025-02;2025;02;Braga;Braga;ACC;2;03;0303;030301
2025-02;2025;02;Faro;Loulé;ACC;3;08;0808;080801
2025-02;2025;02;Guarda;Guarda;ACC;1;09;0907;090706
2025-02;2025;02;Santarém;Ourém;ACC;1;14;1421;142102
2025-02;2025;02;Faro;Aljezur;ACC;1;08;0803;080302
2025-02;2025;02;Faro;Loulé;ACC;1;08;0808;080808
2025-02;2025;02;Lisboa;Lisboa;ACC;2;11;1106;110618
2025-02;2025;02;Leiria;Caldas da Rainha;ACC;1;10;1006;100608
2025-02;2025;02;Setúbal;Setúbal;ACC;1;15;1512;151208
2025-02;2025;02;Coimbra;Coimbra;ACC;2;06;0603;060318
2025-02;2025;02;Aveiro;Santa Maria da Feira;ACC;1;01;0109;010932
2025-02;2025;02;Setúbal;Almada;ACC;3;15;1503;150314
2025-02;2025;02;Lisboa;Cascais;ACC;1;11;1105;110501
2024-12;2024;12;Lisboa;Arruda dos Vinhos;ACC;2;11;1102;110202
2024-12;2024;12;Lisboa;Lisboa;ACC;1;11;1106;110607
2024-12;2024;12;Porto;Marco de Canaveses;ACC;1;13;1307;130734
2024-12;2024;12;Coimbra;Figueira da Foz;ACC;1;06;0605;060520
2025-02;2025;02;Coimbra;Figueira da Foz;ACC;1;06;0605;060520
2024-12;2024;12;Porto;Vila Nova de Gaia;ACC;1;13;1317;131704
2025-02;2025;02;Porto;Vila Nova de Gaia;ACC;1;13;1317;131704
2024-12;2024;12;Porto;Paços de Ferreira;ACC;3;13;1309;130902
2024-12;2024;12;Porto;Maia;ACC;1;13;1306;130618
2024-12;2024;12;Porto;Maia;ACC;1;13;1306;130619
2024-12;2024;12;Braga;Guimarães;ACC;1;03;0308;030812
2024-12;2024;12;Braga;Fafe;ACC;1;03;0307;030708
2025-02;2025;02;Lisboa;Lisboa;ACC;1;11;1106;110660
2024-12;2024;12;Braga;Fafe;ACC;1;03;0307;030709
2025-02;2025;02;Vila Real;Vila Real;ACC;1;17;1714;171409
2024-12;2024;12;Porto;Paços de Ferreira;ACC;1;13;1309;130917
2025-02;2025;02;Braga;Guimarães;ACC;1;03;0308;030820
2024-12;2024;12;Porto;Vila do Conde;ACC;1;13;1316;131611
2024-12;2024;12;Porto;Vila do Conde;ACC;1;13;1316;131614
2024-12;2024;12;Braga;Barcelos;ACC;1;03;0302;030244
2024-12;2024;12;Porto;Marco de Canaveses;ACC;2;13;1307;130736
2024-12;2024;12;Bragança;Mirandela;ACC;1;04;0407;040720
2025-02;2025;02;Lisboa;Amadora;ACC;1;11;1115;111516
2024-12;2024;12;Porto;Maia;ACC;2;13;1306;130609
2024-12;2024;12;Braga;Guimarães;ACC;1;03;0308;030832
2024-12;2024;12;Porto;Paços de Ferreira;ACC;1;13;1309;130918
2024-12;2024;12;Porto;Paredes;ACC;1;13;1310;131025
2024-12;2024;12;Braga;Vila Nova de Famalicão;ACC;2;03;0312;031233
2024-12;2024;12;Porto;Penafiel;ACC;2;13;1311;131129
2024-12;2024;12;Vila Real;Vila Pouca de Aguiar;ACC;1;17;1713;171317
2025-02;2025;02;Viana do Castelo;Viana do Castelo;ACC;1;16;1609;160928
2024-12;2024;12;Viana do Castelo;Viana do Castelo;ACC;1;16;1609;160923
2024-12;2024;12;Lisboa;Sobral de Monte Agraço;ACC;1;11;1112;111203
2025-02;2025;02;Porto;Amarante;ACC;1;13;1301;130135
2024-12;2024;12;Porto;Porto;ACC;1;13;1312;131216
2024-12;2024;12;Lisboa;Alenquer;ACC;1;11;1101;110119
2025-02;2025;02;Lisboa;Oeiras;ACC;2;11;1110;111012
2024-12;2024;12;Lisboa;Vila Franca de Xira;ACC;1;11;1114;111413
2025-02;2025;02;Lisboa;Vila Franca de Xira;ACC;1;11;1114;111413
2024-12;2024;12;Braga;Barcelos;ACC;1;03;0302;030292
2025-02;2025;02;Braga;Barcelos;ACC;1;03;0302;030292
2024-12;2024;12;Lisboa;Loures;ACC;2;11;1107;110728
2024-12;2024;12;Beja;Beja;ACC;3;02;0205;020520
2024-12;2024;12;Lisboa;Oeiras;ACC;2;11;1110;111013
2024-02;2024;02;Porto;Gondomar;ACC;1;13;1304;130413
2024-12;2024;12;Porto;Vila Nova de Gaia;ACC;1;13;1317;131725
2024-12;2024;12;Porto;Porto;ACC;2;13;1312;131218
2024-12;2024;12;Braga;Guimarães;ACC;2;03;0308;030884
2024-12;2024;12;Porto;Vila Nova de Gaia;ACC;1;13;1317;131728
2024-12;2024;12;Porto;Matosinhos;ACC;1;13;1308;130813
2024-12;2024;12;Portalegre;Ponte de Sor;ACC;1;12;1213;121308
2024-12;2024;12;Viana do Castelo;Melgaço;ACC;1;16;1603;160322
2025-02;2025;02;Braga;Braga;ACC;1;03;0303;030374
2024-01;2024;01;Santarém;Ourém;ACC;1;14;1421;142115
2024-01;2024;01;Portalegre;Avis;ACC;1;12;1203;120303
2025-01;2025;01;Setúbal;Seixal;ACC;5;15;1510;151005
2025-01;2025;01;Coimbra;Figueira da Foz;ACC;1;06;0605;060502
2025-01;2025;01;Lisboa;Lisboa;ACC;1;11;1106;110657
2025-01;2025;01;Lisboa;Azambuja;ACC;1;11;1103;110304
2025-01;2025;01;Santarém;Benavente;ACC;1;14;1405;140501
2025-01;2025;01;Lisboa;Lisboa;ACC;1;11;1106;110611
2025-01;2025;01;Braga;Vila Nova de Famalicão;ACC;1;03;0312;031213
2025-01;2025;01;Braga;Fafe;ACC;1;03;0307;030708
2025-01;2025;01;Portalegre;Portalegre;ACC;1;12;1214;121404
2025-01;2025;01;Braga;Vila Verde;ACC;1;03;0313;031317
2025-01;2025;01;Porto;Vila do Conde;ACC;1;13;1316;131611
2025-01;2025;01;Braga;Barcelos;ACC;1;03;0302;030245
2025-01;2025;01;Coimbra;Miranda do Corvo;ACC;1;06;0609;060902
2025-01;2025;01;Leiria;Pombal;ACC;2;10;1015;101509
2025-01;2025;01;Vila Real;Vila Pouca de Aguiar;ACC;1;17;1713;171317
2025-01;2025;01;Lisboa;Lisboa;ACC;1;11;1106;110665
2025-01;2025;01;Portalegre;Castelo de Vide;ACC;1;12;1205;120504
2025-01;2025;01;Viana do Castelo;Viana do Castelo;ACC;1;16;1609;160923
2025-01;2025;01;Coimbra;Tábua;ACC;2;06;0616;061614
2025-01;2025;01;Lisboa;Alenquer;ACC;1;11;1101;110118
2025-01;2025;01;Lisboa;Loures;ACC;1;11;1107;110731
2025-01;2025;01;Lisboa;Cascais;ACC;1;11;1105;110508
2025-01;2025;01;Porto;Felgueiras;ACC;1;13;1303;130335
2025-01;2025;01;Braga;Braga;ACC;1;03;0303;030375
2025-01;2025;01;Porto;Matosinhos;ACC;1;13;1308;130813
2025-01;2025;01;Portalegre;Ponte de Sor;ACC;1;12;1213;121308
2024-07;2024;07;Porto;Vila do Conde;ACC;2;13;1316;131602
2024-07;2024;07;Aveiro;Albergaria-a-Velha;ACC;1;01;0102;010204
2024-07;2024;07;Porto;Porto;ACC;1;13;1312;131203
2024-07;2024;07;Porto;Paços de Ferreira;ACC;3;13;1309;130902
2024-07;2024;07;Setúbal;Seixal;ACC;6;15;1510;151005
2024-07;2024;07;Setúbal;Seixal;ACC;1;15;1510;151006
2024-01;2024;01;Leiria;Leiria;ACC;1;10;1009;100934
2025-01;2025;01;Leiria;Leiria;ACC;1;10;1009;100935
2025-01;2025;01;Évora;Évora;ACC;1;07;0705;070525
2025-01;2025;01;Évora;Montemor-o-Novo;ACC;1;07;0706;070612
2025-02;2025;02;Setúbal;Barreiro;ACC;1;15;1504;150411
2025-02;2025;02;Braga;Cabeceiras de Basto;ACC;1;03;0304;030421
2024-01;2024;01;Braga;Guimarães;ACC;1;03;0308;030887
2025-02;2025;02;Leiria;Caldas da Rainha;ACC;2;10;1006;100619
2025-02;2025;02;Braga;Barcelos;ACC;1;03;0302;0302FH
2025-01;2025;01;Évora;Vendas Novas;ACC;1;07;0712;071201
2025-02;2025;02;Santarém;Cartaxo;ACC;1;14;1406;140607
2024-01;2024;01;Braga;Vila Verde;ACC;1;03;0313;031342
2025-02;2025;02;Braga;Vila Nova de Famalicão;ACC;1;03;0312;031249
2024-07;2024;07;Porto;Santo Tirso;ACC;1;13;1314;131402
2024-07;2024;07;Aveiro;Santa Maria da Feira;ACC;3;01;0109;010901
2025-01;2025;01;Évora;Arraiolos;ACC;1;07;0702;070201
2024-07;2024;07;Santarém;Ourém;ACC;1;14;1421;142115
2024-07;2024;07;Braga;Guimarães;ACC;1;03;0308;030878
2024-07;2024;07;Setúbal;Moita;ACC;3;15;1506;150607
2024-07;2024;07;Aveiro;Santa Maria da Feira;ACC;1;01;0109;010932
2024-07;2024;07;Braga;Braga;ACC;1;03;0303;030374
2024-07;2024;07;Braga;Braga;ACC;1;03;0303;030377
2024-07;2024;07;Braga;Guimarães;ACC;1;03;0308;030884
2024-07;2024;07;Porto;Matosinhos;ACC;1;13;1308;130813
2024-07;2024;07;Coimbra;Coimbra;ACC;1;06;0603;060339
2024-07;2024;07;Braga;Barcelos;ACC;1;03;0302;030283
2024-07;2024;07;Braga;Vila Verde;ACC;1;03;0313;031342
2025-07;2025;07;Aveiro;Santa Maria da Feira;ACC;1;01;0109;010902
2025-07;2025;07;Setúbal;Seixal;ACC;5;15;1510;151005
2025-07;2025;07;Porto;Valongo;ACC;3;13;1315;131503
2025-07;2025;07;Lisboa;Amadora;ACC;1;11;1115;111515
2025-07;2025;07;Coimbra;Penacova;ACC;1;06;0613;061302
2025-07;2025;07;Faro;Loulé;ACC;1;08;0808;080809
2025-07;2025;07;Porto;Porto;ACC;1;13;1312;131216
2025-07;2025;07;Lisboa;Vila Franca de Xira;ACC;2;11;1114;111413
2025-07;2025;07;Setúbal;Setúbal;ACC;1;15;1512;151209
2025-07;2025;07;Aveiro;Santa Maria da Feira;ACC;1;01;0109;010933
2025-07;2025;07;Lisboa;Cascais;ACC;1;11;1105;110507
2025-07;2025;07;Lisboa;Cascais;ACC;1;11;1105;110508
2025-07;2025;07;Portalegre;Nisa;ACC;1;12;1212;121212
2025-07;2025;07;Leiria;Leiria;ACC;1;10;1009;100935
2025-07;2025;07;Braga;Guimarães;ACC;2;03;0308;030884
2025-07;2025;07;Porto;Matosinhos;ACC;1;13;1308;130813
2025-07;2025;07;Porto;Póvoa de Varzim;ACC;1;13;1313;131315
2025-07;2025;07;Braga;Cabeceiras de Basto;ACC;1;03;0304;030421
2025-07;2025;07;Setúbal;Barreiro;ACC;1;15;1504;150409
2025-07;2025;07;Lisboa;Sintra;ACC;3;11;1111;111128
2025-07;2025;07;Braga;Vila Nova de Famalicão;ACC;4;03;0312;031260
2025-07;2025;07;Santarém;Cartaxo;ACC;1;14;1406;140607
2025-07;2025;07;Castelo Branco;Vila de Rei;ACC;1;05;0510;051003
2025-07;2025;07;Porto;Vila do Conde;ACC;1;13;1316;131630
2024-06;2024;06;Santarém;Benavente;ACC;1;14;1405;140504
2024-06;2024;06;Porto;Porto;ACC;1;13;1312;131203
2025-07;2025;07;Porto;Vila do Conde;ACC;1;13;1316;131614
2024-07;2024;07;Setúbal;Moita;ACC;1;15;1506;150603
2025-07;2025;07;Setúbal;Moita;ACC;2;15;1506;150603
2024-07;2024;07;Porto;Porto;ACC;1;13;1312;131210
2024-07;2024;07;Santarém;Cartaxo;ACC;1;14;1406;140604
2024-07;2024;07;Lisboa;Sintra;ACC;3;11;1111;111108
2024-07;2024;07;Viana do Castelo;Viana do Castelo;ACC;1;16;1609;160923
2025-07;2025;07;Viseu;Sátão;ACC;1;18;1817;181710
2024-07;2024;07;Aveiro;Águeda;ACC;1;01;0101;010121
2024-07;2024;07;Lisboa;Cadaval;ACC;1;11;1104;110413
2025-07;2025;07;Santarém;Ourém;ACC;1;14;1421;142102
2025-07;2025;07;Leiria;Alcobaça;ACC;1;10;1001;100108
2025-07;2025;07;Porto;Póvoa de Varzim;ACC;1;13;1313;131308
2025-07;2025;07;Faro;Loulé;ACC;1;08;0808;080805
2025-07;2025;07;Beja;Aljustrel;ACC;1;02;0201;020104
2025-07;2025;07;Lisboa;Alenquer;ACC;1;11;1101;110118
2025-06;2025;06;Viseu;Tondela;ACC;1;18;1821;182108
2025-06;2025;06;Leiria;Marinha Grande;ACC;3;10;1010;101001
2024-06;2024;06;Setúbal;Moita;ACC;1;15;1506;150603
2024-06;2024;06;Santarém;Santarém;ACC;1;14;1416;141614
2024-06;2024;06;Leiria;Pombal;ACC;1;10;1015;101509
2024-06;2024;06;Castelo Branco;Fundão;ACC;1;05;0504;050434
2024-06;2024;06;Porto;Felgueiras;ACC;1;13;1303;130341
2025-06;2025;06;Santarém;Alpiarça;ACC;1;14;1404;140401
2025-06;2025;06;Lisboa;Arruda dos Vinhos;ACC;2;11;1102;110202
2025-06;2025;06;Lisboa;Lisboa;ACC;2;11;1106;110607
2025-06;2025;06;Santarém;Santarém;ACC;1;14;1416;141614
2025-06;2025;06;Braga;Guimarães;ACC;1;03;0308;030838
2025-06;2025;06;Setúbal;Palmela;ACC;1;15;1508;150804
2025-06;2025;06;Évora;Évora;ACC;1;07;0705;070506
2025-06;2025;06;Lisboa;Alenquer;ACC;1;11;1101;110118
2025-06;2025;06;Lisboa;Sintra;ACC;2;11;1111;111126
2025-06;2025;06;Setúbal;Barreiro;ACC;1;15;1504;150409
2025-06;2025;06;Viseu;Tarouca;ACC;1;18;1820;182013
2025-06;2025;06;Faro;Tavira;ACC;1;08;0814;081412
2025-06;2025;06;Braga;Barcelos;ACC;1;03;0302;0302FH
2025-06;2025;06;Lisboa;Amadora;ACC;1;11;1115;111517
2025-06;2025;06;Braga;Vila Verde;ACC;1;03;0313;031342
2025-06;2025;06;Vila Real;Vila Real;ACC;1;17;1714;171438
2024-05;2024;05;Santarém;Santarém;ACC;1;14;1416;141614
2024-05;2024;05;Braga;Guimarães;ACC;1;03;0308;030837
2024-05;2024;05;Porto;Penafiel;ACC;1;13;1311;131129
2024-05;2024;05;Braga;Guimarães;ACC;1;03;0308;030858
2024-06;2024;06;Braga;Barcelos;ACC;1;03;0302;030220
2025-06;2025;06;Porto;Maia;ACC;3;13;1306;130618
2024-05;2024;05;Setúbal;Seixal;ACC;5;15;1510;151005
2025-06;2025;06;Braga;Vila Nova de Famalicão;ACC;1;03;0312;031213
2024-06;2024;06;Braga;Celorico de Basto;ACC;1;03;0305;030523
2025-06;2025;06;Braga;Esposende;ACC;3;03;0306;030618
2025-06;2025;06;Braga;Braga;ACC;1;03;0303;030371
2024-06;2024;06;Setúbal;Almada;ACC;2;15;1503;150315
2024-06;2024;06;Porto;Felgueiras;ACC;1;13;1303;130335
2025-06;2025;06;Porto;Felgueiras;ACC;1;13;1303;130335
2025-06;2025;06;Leiria;Leiria;ACC;4;10;1009;100934
2024-06;2024;06;Braga;Braga;ACC;1;03;0303;030375
2024-06;2024;06;Évora;Montemor-o-Novo;ACC;1;07;0706;070612
2024-06;2024;06;Aveiro;Oliveira de Azeméis;ACC;1;01;0113;011321
2025-06;2025;06;Évora;Arraiolos;ACC;1;07;0702;070201
2025-06;2025;06;Braga;Guimarães;ACC;2;03;0308;030807
2025-06;2025;06;Porto;Vila Nova de Gaia;ACC;1;13;1317;131704
2025-06;2025;06;Santarém;Ourém;ACC;1;14;1421;142106
2025-06;2025;06;Vila Real;Vila Real;ACC;1;17;1714;171409
2025-06;2025;06;Leiria;Bombarral;ACC;1;10;1005;100506
2025-06;2025;06;Porto;Lousada;ACC;1;13;1305;130529
2025-06;2025;06;Évora;Évora;ACC;1;07;0705;070525
2024-05;2024;05;Braga;Esposende;ACC;1;03;0306;030616
2024-05;2024;05;Leiria;Leiria;ACC;1;10;1009;100933
2024-05;2024;05;Leiria;Leiria;ACC;1;10;1009;100934
2024-05;2024;05;Braga;Guimarães;ACC;1;03;0308;030884
2025-05;2025;05;Viseu;Viseu;ACC;1;18;1823;182301
2025-05;2025;05;Braga;Braga;ACC;2;03;0303;030301
2025-05;2025;05;Braga;Guimarães;ACC;2;03;0308;030807
2025-05;2025;05;Coimbra;Penacova;ACC;1;06;0613;061302
2025-05;2025;05;Braga;Guimarães;ACC;1;03;0308;030820
2025-05;2025;05;Faro;Loulé;ACC;1;08;0808;080809
2025-05;2025;05;Porto;Porto;ACC;1;13;1312;131210
2025-05;2025;05;Santarém;Alcanena;ACC;1;14;1402;140211
2025-05;2025;05;Porto;Porto;ACC;1;13;1312;131216
2025-05;2025;05;Lisboa;Loures;ACC;2;11;1107;110728
2025-05;2025;05;Aveiro;Estarreja;ACC;1;01;0108;010808
2025-05;2025;05;Aveiro;Santa Maria da Feira;ACC;1;01;0109;010932
2025-05;2025;05;Lisboa;Oeiras;ACC;2;11;1110;111013
2025-05;2025;05;Braga;Braga;ACC;1;03;0303;030371
2025-05;2025;05;Porto;Lousada;ACC;1;13;1305;130529
2025-05;2025;05;Setúbal;Grândola;ACC;2;15;1505;150506
2025-05;2025;05;Porto;Vila Nova de Gaia;ACC;1;13;1317;131725
2025-05;2025;05;Braga;Braga;ACC;1;03;0303;030374
2025-05;2025;05;Braga;Vila Nova de Famalicão;ACC;4;03;0312;031260
2024-03;2024;03;Viseu;Tondela;ACC;1;18;1821;182108
2023-03;2023;03;Bragança;Miranda do douro;ACC;1;04;0406;040608
2024-03;2024;03;Porto;Marco de Canaveses;ACC;1;13;1307;130736
2024-03;2024;03;Braga;Guimarães;ACC;1;03;0308;030832
2024-03;2024;03;Santarém;Cartaxo;ACC;1;14;1406;140604
2024-03;2024;03;Braga;Esposende;ACC;1;03;0306;030616
2024-03;2024;03;Braga;Barcelos;ACC;1;03;0302;030292
2024-03;2024;03;Braga;Braga;ACC;1;03;0303;030370
2024-03;2024;03;Leiria;Leiria;ACC;1;10;1009;100934
2025-03;2025;03;Santarém;Rio Maior;ACC;1;14;1414;141401
2025-03;2025;03;Santarém;Alpiarça;ACC;1;14;1404;140401
2025-05;2025;05;Lisboa;Odivelas;ACC;1;11;1116;111609
2025-05;2025;05;Braga;Guimarães;ACC;1;03;0308;030887
2024-03;2024;03;Porto;Santo Tirso;ACC;1;13;1314;131437
2024-05;2024;05;Setúbal;Barreiro;ACC;1;15;1504;150409
2024-05;2024;05;Santarém;Tomar;ACC;1;14;1418;141821
2025-05;2025;05;Aveiro;Santa Maria da Feira;ACC;4;01;0109;010901
2025-05;2025;05;Santarém;Golegã;ACC;1;14;1412;141201
2025-05;2025;05;Lisboa;Loures;ACC;1;11;1107;110702
2025-05;2025;05;Santarém;Ourém;ACC;1;14;1421;142104
2025-05;2025;05;Santarém;Mação;ACC;1;14;1413;141305
2025-05;2025;05;Aveiro;Ovar;ACC;1;01;0115;011503
2025-05;2025;05;Porto;Póvoa de Varzim;ACC;1;13;1313;131308
2025-05;2025;05;Santarém;Salvaterra de Magos;ACC;1;14;1415;141503
2025-05;2025;05;Setúbal;Setúbal;ACC;1;15;1512;151208
2025-05;2025;05;Évora;Évora;ACC;1;07;0705;070506
2025-05;2025;05;Santarém;Santarém;ACC;1;14;1416;141632
2025-05;2025;05;Lisboa;Loures;ACC;1;11;1107;110730
2025-03;2025;03;Lisboa;Lisboa;ACC;1;11;1106;110660
2025-03;2025;03;Braga;Vila Nova de Famalicão;ACC;1;03;0312;031219
2025-03;2025;03;Leiria;Marinha Grande;ACC;3;10;1010;101001
2025-03;2025;03;Braga;Vila Nova de Famalicão;ACC;2;03;0312;031233
2025-03;2025;03;Porto;Vila Nova de Gaia;ACC;1;13;1317;131717
2025-03;2025;03;Lisboa;Sobral de Monte Agraço;ACC;1;11;1112;111203
2025-03;2025;03;Guarda;Sabugal;ACC;1;09;0911;091134
2025-03;2025;03;Braga;Esposende;ACC;3;03;0306;030618
2025-03;2025;03;Braga;Vila Verde;ACC;1;03;0313;031363
2025-03;2025;03;Leiria;Leiria;ACC;1;10;1009;100933
2025-03;2025;03;Évora;Évora;ACC;5;07;0705;070524
2025-03;2025;03;Braga;Braga;ACC;1;03;0303;030375
2025-03;2025;03;Porto;Vila Nova de Gaia;ACC;2;13;1317;131728
2025-03;2025;03;Lisboa;Loures;ACC;2;11;1107;110727
2025-03;2025;03;Braga;Barcelos;ACC;1;03;0302;030283
2023-11;2023;11;Braga;Braga;CER;1;03;0303;030331
2024-11;2024;11;Braga;Braga;ACC;2;03;0303;030301
2024-11;2024;11;Porto;Santo Tirso;ACC;1;13;1314;131402
2024-11;2024;11;Aveiro;Albergaria-a-Velha;ACC;1;01;0102;010209
2024-11;2024;11;Lisboa;Lisboa;ACC;1;11;1106;110602
2024-11;2024;11;Porto;Valongo;ACC;1;13;1315;131501
2024-11;2024;11;Santarém;Alpiarça;ACC;1;14;1404;140401
2024-11;2024;11;Coimbra;Figueira da Foz;ACC;1;06;0605;060502
2024-11;2024;11;Aveiro;Santa Maria da Feira;ACC;3;01;0109;010901
2024-11;2024;11;Évora;Arraiolos;ACC;1;07;0702;070201
2024-11;2024;11;Guarda;Guarda;ACC;1;09;0907;090706
2024-11;2024;11;Portalegre;Elvas;ACC;1;12;1207;120712
2024-11;2024;11;Santarém;Ourém;ACC;1;14;1421;142102
2024-11;2024;11;Porto;Vila do Conde;ACC;1;13;1316;131603
2024-11;2024;11;Portalegre;Avis;ACC;1;12;1203;120303
2024-11;2024;11;Leiria;Batalha;ACC;1;10;1004;100401
2024-11;2024;11;Aveiro;Ílhavo;ACC;1;01;0110;011008
2024-11;2024;11;Porto;Marco de Canaveses;ACC;2;13;1307;130736
2024-11;2024;11;Bragança;Mirandela;ACC;1;04;0407;040720
2024-11;2024;11;Leiria;Caldas da Rainha;ACC;1;10;1006;100608
2024-11;2024;11;Braga;Guimarães;ACC;1;03;0308;030832
2024-11;2024;11;Porto;Paços de Ferreira;ACC;1;13;1309;130918
2024-11;2024;11;Lisboa;Torres Vedras;ACC;1;11;1113;111310
2024-11;2024;11;Santarém;Cartaxo;ACC;1;14;1406;140604
2024-11;2024;11;Lisboa;Oeiras;ACC;1;11;1110;111009
2024-11;2024;11;Braga;Póvoa de Lanhoso;ACC;1;03;0309;030919
2024-11;2024;11;Setúbal;Sesimbra;ACC;1;15;1511;151103
2024-11;2024;11;Viseu;Viseu;ACC;2;18;1823;182323
2024-11;2024;11;Vila Real;Vila Pouca de Aguiar;ACC;1;17;1713;171317
2024-11;2024;11;Setúbal;Setúbal;ACC;1;15;1512;151208
2024-11;2024;11;Lisboa;Torres Vedras;ACC;1;11;1113;111326
2024-11;2024;11;Viana do Castelo;Viana do Castelo;ACC;1;16;1609;160928
2024-11;2024;11;Coimbra;Coimbra;ACC;2;06;0603;060318
2024-11;2024;11;Porto;Amarante;ACC;1;13;1301;130135
2024-11;2024;11;Braga;Vila Verde;ACC;1;03;0313;031354
2024-11;2024;11;Aveiro;Águeda;ACC;1;01;0101;010121
2024-11;2024;11;Braga;Guimarães;ACC;1;03;0308;030878
2024-11;2024;11;Setúbal;Moita;ACC;3;15;1506;150607
2024-11;2024;11;Leiria;Figueiró dos Vinhos;ACC;1;10;1008;100806
2024-11;2024;11;Braga;Braga;ACC;1;03;0303;030375
2024-11;2024;11;Braga;Guimarães;ACC;1;03;0308;030884
2024-11;2024;11;Lisboa;Odivelas;ACC;1;11;1116;111609
2024-11;2024;11;Lisboa;Sintra;ACC;2;11;1111;111126
2024-11;2024;11;Aveiro;Águeda;ACC;1;01;0101;010124
2024-11;2024;11;Braga;Cabeceiras de Basto;ACC;1;03;0304;030421
2024-11;2024;11;Guarda;Sabugal;ACC;1;09;0911;091145
2024-11;2024;11;Braga;Guimarães;ACC;1;03;0308;030887
2024-11;2024;11;Lisboa;Loures;ACC;2;11;1107;110729
2025-03;2025;03;Coimbra;Figueira da Foz;ACC;1;06;0605;060520
2024-11;2024;11;Porto;Vila Nova de Gaia;ACC;1;13;1317;131704
2024-11;2024;11;Leiria;Pombal;ACC;1;10;1015;101505
2024-11;2024;11;Braga;Barcelos;ACC;1;03;0302;030220
2024-11;2024;11;Porto;Paços de Ferreira;ACC;3;13;1309;130902
2024-11;2024;11;Braga;Vila Nova de Famalicão;ACC;1;03;0312;031213
2024-11;2024;11;Aveiro;Aveiro;ACC;1;01;0105;010505
2024-11;2024;11;Braga;Fafe;ACC;1;03;0307;030708
2024-11;2024;11;Setúbal;Seixal;ACC;1;15;1510;151006
2024-11;2024;11;Porto;Paços de Ferreira;ACC;1;13;1309;130917
2024-11;2024;11;Braga;Guimarães;ACC;1;03;0308;030820
2025-03;2025;03;Porto;Vila do Conde;ACC;1;13;1316;131611
2024-11;2024;11;Bragança;Miranda do douro;ACC;1;04;0406;040608
2022-11;2022;11;Santarém;Ourém;ACC;1;14;1421;142115
2024-11;2024;11;Leiria;Peniche;ACC;1;10;1014;101407
2024-11;2024;11;Santarém;Santarém;ACC;1;14;1416;141614
2025-03;2025;03;Setúbal;Palmela;ACC;1;15;1508;150804
2024-11;2024;11;Setúbal;Santiago do Cacém;ACC;1;15;1509;150907
2024-11;2024;11;Lisboa;Vila Franca de Xira;ACC;1;11;1114;111413
2024-11;2024;11;Leiria;Bombarral;ACC;1;10;1005;100506
2025-03;2025;03;Lisboa;Loures;ACC;1;11;1107;110731
2024-11;2024;11;Lisboa;Loures;ACC;1;11;1107;110731
2024-11;2024;11;Lisboa;Oeiras;ACC;2;11;1110;111013
2025-03;2025;03;Faro;Lagoa;ACC;1;08;0806;080607
2024-11;2024;11;Porto;Lousada;ACC;1;13;1305;130529
2024-11;2024;11;Porto;Porto;ACC;2;13;1312;131218
2024-11;2024;11;Leiria;Leiria;ACC;1;10;1009;100935
2024-11;2024;11;Aveiro;Oliveira de Azeméis;ACC;1;01;0113;011322
2025-03;2025;03;Vila Real;Peso da Régua;ACC;1;17;1708;170816
2024-11;2024;11;Portalegre;Ponte de Sor;ACC;1;12;1213;121308
2025-03;2025;03;Braga;Barcelos;ACC;1;03;0302;0302FH
2024-11;2024;11;Aveiro;Oliveira de Azeméis;ACC;1;01;0113;011319
2024-11;2024;11;Lisboa;Cadaval;ACC;1;11;1104;110410
2022-10;2022;10;Viseu;Tondela;ACC;1;18;1821;182108
2022-10;2022;10;Bragança;Miranda do douro;ACC;1;04;0406;040608
2023-10;2023;10;Porto;Valongo;ACC;1;13;1315;131503
2023-10;2023;10;Lisboa;Lisboa;ACC;1;11;1106;110618
2024-10;2024;10;Lisboa;Lisboa;ACC;2;11;1106;110618
2023-10;2023;10;Santarém;Ourém;ACC;1;14;1421;142115
2024-10;2024;10;Braga;Guimarães;ACC;2;03;0308;030807
2024-10;2024;10;Braga;Barcelos;ACC;1;03;0302;030220
2024-10;2024;10;Porto;Paços de Ferreira;ACC;3;13;1309;130902
2024-10;2024;10;Santarém;Ourém;ACC;1;14;1421;142106
2024-10;2024;10;Coimbra;Cantanhede;ACC;1;06;0602;060207
2024-10;2024;10;Setúbal;Seixal;ACC;1;15;1510;151006
2024-10;2024;10;Vila Real;Vila Real;ACC;1;17;1714;171409
2024-10;2024;10;Porto;Paços de Ferreira;ACC;1;13;1309;130917
2024-10;2024;10;Braga;Guimarães;ACC;1;03;0308;030820
2024-10;2024;10;Castelo Branco;Idanha-a-Nova;ACC;1;05;0505;050505
2024-10;2024;10;Faro;Loulé;ACC;1;08;0808;080809
2024-10;2024;10;Aveiro;Santa Maria da Feira;ACC;1;01;0109;010919
2024-10;2024;10;Porto;Porto;ACC;1;13;1312;131210
2024-10;2024;10;Lisboa;Lisboa;ACC;1;11;1106;110662
2024-10;2024;10;Leiria;Peniche;ACC;1;10;1014;101407
2024-10;2024;10;Santarém;Santarém;ACC;1;14;1416;141614
2024-10;2024;10;Santarém;Cartaxo;ACC;1;14;1406;140604
2024-10;2024;10;Lisboa;Sintra;ACC;3;11;1111;111108
2024-10;2024;10;Setúbal;Setúbal;ACC;1;15;1512;151208
2024-10;2024;10;Braga;Guimarães;ACC;1;03;0308;030858
2024-10;2024;10;Aveiro;Santa Maria da Feira;ACC;1;01;0109;010925
2024-10;2024;10;Viana do Castelo;Viana do Castelo;ACC;1;16;1609;160928
2024-10;2024;10;Viana do Castelo;Viana do Castelo;ACC;1;16;1609;160923
2024-10;2024;10;Braga;Guimarães;ACC;2;03;0308;030854
2024-10;2024;10;Porto;Póvoa de Varzim;ACC;1;13;1313;131314
2024-10;2024;10;Lisboa;Alenquer;ACC;1;11;1101;110119
2024-10;2024;10;Braga;Barcelos;ACC;1;03;0302;030292
2024-10;2024;10;Braga;Guimarães;ACC;1;03;0308;030878
2024-10;2024;10;Setúbal;Moita;ACC;3;15;1506;150607
2024-10;2024;10;Porto;Trofa;ACC;1;13;1318;131810
2024-10;2024;10;Braga;Guimarães;ACC;1;03;0308;030881
2024-10;2024;10;Aveiro;Santa Maria da Feira;ACC;1;01;0109;010933
2024-10;2024;10;Portalegre;Nisa;ACC;1;12;1212;121212
2024-10;2024;10;Braga;Esposende;ACC;3;03;0306;030618
2024-10;2024;10;Porto;Gondomar;ACC;2;13;1304;130413
2024-10;2024;10;Leiria;Figueiró dos Vinhos;ACC;1;10;1008;100806
2024-10;2024;10;Castelo Branco;Fundão;ACC;1;05;0504;050434
2024-10;2024;10;Porto;Gondomar;ACC;1;13;1304;130415
2024-10;2024;10;Setúbal;Almada;ACC;3;15;1503;150315
2024-10;2024;10;Porto;Vila Nova de Gaia;ACC;1;13;1317;131727
2024-10;2024;10;Braga;Braga;ACC;1;03;0303;030375
2024-10;2024;10;Leiria;Leiria;ACC;1;10;1009;100935
2024-10;2024;10;Évora;Montemor-o-Novo;ACC;1;07;0706;070612
2024-10;2024;10;Aveiro;Oliveira de Azeméis;ACC;1;01;0113;011322
2024-10;2024;10;Lisboa;Sintra;ACC;2;11;1111;111126
2024-10;2024;10;Braga;Braga;ACC;1;03;0303;030379
2024-10;2024;10;Aveiro;Águeda;ACC;1;01;0101;010124
2024-10;2024;10;Braga;Cabeceiras de Basto;ACC;1;03;0304;030421
2024-10;2024;10;Portalegre;Portalegre;ACC;1;12;1214;121413
2024-10;2024;10;Lisboa;Loures;ACC;2;11;1107;110727
2024-10;2024;10;Santarém;Cartaxo;ACC;1;14;1406;140607
2024-10;2024;10;Aveiro;Oliveira de Azeméis;ACC;1;01;0113;011319
2024-10;2024;10;Lisboa;Cadaval;ACC;1;11;1104;110410
2024-10;2024;10;Porto;Vila do Conde;ACC;1;13;1316;131630
2024-10;2024;10;Braga;Vila Nova de Famalicão;ACC;1;03;0312;031249
2024-09;2024;09;Setúbal;Seixal;ACC;6;15;1510;151005
2024-09;2024;09;Santarém;Ourém;ACC;1;14;1421;142106
2024-09;2024;09;Setúbal;Seixal;ACC;1;15;1510;151006
2024-09;2024;09;Porto;Paços de Ferreira;ACC;1;13;1309;130905
2024-09;2024;09;Coimbra;Penacova;ACC;1;06;0613;061302
2024-09;2024;09;Porto;Vila do Conde;ACC;1;13;1316;131611
2024-09;2024;09;Setúbal;Palmela;ACC;3;15;1508;150802
2024-09;2024;09;Porto;Porto;ACC;1;13;1312;131210
2024-09;2024;09;Braga;Guimarães;ACC;2;03;0308;030837
2024-09;2024;09;Lisboa;Oeiras;ACC;1;11;1110;111009
2024-09;2024;09;Setúbal;Palmela;ACC;1;15;1508;150804
2024-09;2024;09;Setúbal;Santiago do Cacém;ACC;1;15;1509;150907
2024-09;2024;09;Viana do Castelo;Viana do Castelo;ACC;2;16;1609;160923
2024-09;2024;09;Lisboa;Alenquer;ACC;1;11;1101;110119
2024-09;2024;09;Braga;Barcelos;ACC;1;03;0302;030292
2024-09;2024;09;Braga;Barcelos;ACC;2;03;0302;030293
2024-09;2024;09;Porto;Gondomar;ACC;2;13;1304;130413
2024-09;2024;09;Porto;Felgueiras;ACC;1;13;1303;130335
2024-09;2024;09;Braga;Guimarães;ACC;1;03;0308;030884
2024-09;2024;09;Aveiro;Oliveira de Azeméis;ACC;1;01;0113;011322
2024-09;2024;09;Portalegre;Ponte de Sor;ACC;1;12;1213;121308
2024-10;2024;10;Coimbra;Coimbra;ACC;1;06;0603;060339
2024-11;2024;11;Faro;Tavira;ACC;1;08;0814;081412
2023-09;2023;09;Santarém;Tomar;ACC;1;14;1418;141821
2024-10;2024;10;Aveiro;Águeda;ACC;1;01;0101;010126
2023-10;2023;10;Porto;Felgueiras;ACC;1;13;1303;130341
2024-11;2024;11;Braga;Barcelos;ACC;1;03;0302;030283
2024-10;2024;10;Braga;Vila Verde;ACC;1;03;0313;031342
2024-10;2024;10;Braga;Braga;ACC;1;03;0303;030301
2024-10;2024;10;Porto;Santo Tirso;ACC;1;13;1314;131402
2024-10;2024;10;Santarém;Rio Maior;ACC;1;14;1414;141401
2024-09;2024;09;Lisboa;Amadora;ACC;1;11;1115;111512
2024-10;2024;10;Leiria;Alcobaça;ACC;1;10;1001;100120
2024-10;2024;10;Santarém;Alpiarça;ACC;1;14;1404;140401
2024-10;2024;10;Leiria;Caldas da Rainha;ACC;1;10;1006;100602
2024-09;2024;09;Portalegre;Elvas;ACC;1;12;1207;120712
2024-10;2024;10;Lisboa;Lisboa;ACC;1;11;1106;110657
2024-10;2024;10;Lisboa;Azambuja;ACC;1;11;1103;110304
2024-09;2024;09;Faro;Aljezur;ACC;1;08;0803;080302
2024-10;2024;10;Santarém;Mação;ACC;1;14;1413;141305
2024-10;2024;10;Braga;Vila Nova de Famalicão;ACC;1;03;0312;031219
2024-10;2024;10;Braga;Guimarães;ACC;1;03;0308;030828
2024-10;2024;10;Porto;Vila do Conde;ACC;1;13;1316;131614
2024-09;2024;09;Lisboa;Lisboa;ACC;1;11;1106;110661
2024-09;2024;09;Leiria;Leiria;ACC;1;10;1009;100933
2024-09;2024;09;Santarém;Benavente;ACC;1;14;1405;140504
2024-09;2024;09;Porto;Felgueiras;ACC;1;13;1303;130341
2024-09;2024;09;Braga;Vila Nova de Famalicão;ACC;3;03;0312;031260
2024-09;2024;09;Braga;Guimarães;ACC;1;03;0308;030887
2024-09;2024;09;Lisboa;Loures;ACC;2;11;1107;110729
2024-04;2024;04;Braga;Guimarães;ACC;1;03;0308;030832
2024-04;2024;04;Braga;Guimarães;ACC;1;03;0308;030854
2024-04;2024;04;Braga;Barcelos;ACC;1;03;0302;030208
2024-04;2024;04;Braga;Vila Nova de Famalicão;ACC;1;03;0312;031213
2024-04;2024;04;Braga;Vila Nova de Famalicão;ACC;1;03;0312;031233
2024-04;2024;04;Lisboa;Lisboa;ACC;1;11;1106;110618
2025-04;2025;04;Setúbal;Almada;ACC;3;15;1503;150315
2025-04;2025;04;Setúbal;Seixal;ACC;2;15;1510;151002
2024-08;2024;08;Setúbal;Palmela;ACC;3;15;1508;150802
2025-04;2025;04;Aveiro;Santa Maria da Feira;ACC;1;01;0109;010919
2025-04;2025;04;Aveiro;Aveiro;ACC;1;01;0105;010516
2025-04;2025;04;Aveiro;Ílhavo;ACC;1;01;0110;011008
2025-04;2025;04;Aveiro;Águeda;ACC;1;01;0101;010121
2024-04;2024;04;Leiria;Figueiró dos Vinhos;ACC;1;10;1008;100806
2025-04;2025;04;Leiria;Leiria;ACC;1;10;1009;100935
2024-08;2024;08;Leiria;Alcobaça;ACC;1;10;1001;100120
2024-08;2024;08;Leiria;Peniche;ACC;1;10;1014;101407
2025-04;2025;04;Évora;Évora;ACC;1;07;0705;070515
2025-04;2025;04;Portalegre;Castelo de Vide;ACC;1;12;1205;120504
2024-08;2024;08;Santarém;Ourém;ACC;1;14;1421;142106
2025-04;2025;04;Santarém;Benavente;ACC;1;14;1405;140501
2025-04;2025;04;Faro;Vila Real de Santo António;ACC;1;08;0816;081602
2023-04;2023;04;Castelo Branco;Fundão;ACC;1;05;0504;050434
2024-08;2024;08;Braga;Barcelos;ACC;1;03;0302;030245
2025-04;2025;04;Braga;Guimarães;ACC;1;03;0308;030887
2025-04;2025;04;Braga;Guimarães;ACC;1;03;0308;030858
2024-04;2024;04;Braga;Braga;ACC;1;03;0303;030375
2025-04;2025;04;Braga;Braga;ACC;1;03;0303;030375
2025-04;2025;04;Braga;Vila Nova de Famalicão;ACC;1;03;0312;031241
2025-04;2025;04;Braga;Vila Nova de Famalicão;ACC;1;03;0312;031249
2024-04;2024;04;Lisboa;Loures;ACC;2;11;1107;110728
2024-04;2024;04;Lisboa;Loures;ACC;2;11;1107;110727
2025-04;2025;04;Lisboa;Loures;ACC;2;11;1107;110729
2025-04;2025;04;Lisboa;Amadora;ACC;1;11;1115;111513
2024-08;2024;08;Lisboa;Amadora;ACC;1;11;1115;111512
2025-04;2025;04;Lisboa;Amadora;ACC;1;11;1115;111515
2024-08;2024;08;Lisboa;Sintra;ACC;3;11;1111;111108
2025-04;2025;04;Lisboa;Sintra;ACC;4;11;1111;111128
2025-04;2025;04;Lisboa;Oeiras;ACC;4;11;1110;111009
2025-04;2025;04;Lisboa;Sobral de Monte Agraço;ACC;1;11;1112;111203
2025-04;2025;04;Porto;Gondomar;ACC;2;13;1304;130413
2024-08;2024;08;Porto;Gondomar;ACC;3;13;1304;130412
2024-04;2024;04;Porto;Felgueiras;ACC;1;13;1303;130341
2024-08;2024;08;Porto;Vila Nova de Gaia;ACC;1;13;1317;131704
2025-04;2025;04;Porto;Vila Nova de Gaia;ACC;1;13;1317;131717
2025-04;2025;04;Porto;Vila do Conde;ACC;1;13;1316;131630
2025-04;2025;04;Porto;Marco de Canaveses;ACC;1;13;1307;130734
2025-04;2025;04;Porto;Porto;ACC;1;13;1312;131210
2024-08;2024;08;Porto;Maia;ACC;1;13;1306;130618
2025-04;2025;04;Porto;Póvoa de Varzim;ACC;1;13;1313;131313
2025-04;2025;04;Porto;Paredes;ACC;1;13;1310;131025
2025-04;2025;04;Porto;Amarante;ACC;1;13;1301;130135
2025-04;2025;04;Porto;Trofa;ACC;1;13;1318;131810
2024-08;2024;08;Bragança;Mirandela;ACC;1;04;0407;040720
2025-04;2025;04;Viana do Castelo;Arcos de Valdevez;ACC;1;16;1601;160149
2024-08;2024;08;Braga;Guimarães;ACC;1;03;0308;030878
2024-08;2024;08;Porto;Matosinhos;ACC;1;13;1308;130813
2024-08;2024;08;Braga;Vila Nova de Famalicão;ACC;3;03;0312;031260
2025-08;2025;08;Viseu;Viseu;ACC;1;18;1823;182301
2025-08;2025;08;Porto;Santo Tirso;ACC;1;13;1314;131402
2025-08;2025;08;Braga;Barcelos;ACC;1;03;0302;030209
2025-08;2025;08;Porto;Gondomar;ACC;3;13;1304;130412
2025-08;2025;08;Braga;Fafe;ACC;1;03;0307;030708
2025-08;2025;08;Braga;Guimarães;ACC;1;03;0308;030820
2025-08;2025;08;Porto;Vila do Conde;ACC;1;13;1316;131611
2025-08;2025;08;Porto;Póvoa de Varzim;ACC;1;13;1313;131308
2025-08;2025;08;Braga;Guimarães;ACC;1;03;0308;030838
2025-08;2025;08;Braga;Vila Verde;ACC;1;03;0313;031354
2025-08;2025;08;Castelo Branco;Idanha-a-Nova;ACC;1;05;0505;050518
2025-08;2025;08;Porto;Vila Nova de Gaia;ACC;2;13;1317;131727
2025-08;2025;08;Porto;Póvoa de Varzim;ACC;1;13;1313;131315
2025-08;2025;08;Braga;Braga;ACC;1;03;0303;030379
2025-08;2025;08;Lisboa;Sintra;ACC;3;11;1111;111128
2025-08;2025;08;Porto;Vila Nova de Gaia;ACC;2;13;1317;131730
2024-08;2024;08;Coimbra;Cantanhede;ACC;1;06;0602;060207
2025-08;2025;08;Coimbra;Penacova;ACC;1;06;0613;061302
2024-08;2024;08;Coimbra;Penacova;ACC;1;06;0613;061304
2024-08;2024;08;Coimbra;Penacova;ACC;1;06;0613;061307
2025-08;2025;08;Coimbra;Penacova;ACC;1;06;0613;061307
2025-08;2025;08;Coimbra;Coimbra;ACC;1;06;0603;060333
2024-08;2024;08;Guarda;Sabugal;ACC;1;09;0911;091145
2025-08;2025;08;Aveiro;Albergaria-a-Velha;ACC;1;01;0102;010204
2025-08;2025;08;Leiria;Pombal;ACC;1;10;1015;101505
2025-08;2025;08;Santarém;Ourém;ACC;1;14;1421;142106
2025-08;2025;08;Santarém;Torres Novas;ACC;1;14;1419;141917
2025-08;2025;08;Leiria;Caldas da Rainha;ACC;1;10;1006;100608
2025-08;2025;08;Setúbal;Palmela;ACC;1;15;1508;150804
2025-08;2025;08;Setúbal;Sesimbra;ACC;1;15;1511;151103
2025-08;2025;08;Aveiro;Aveiro;ACC;1;01;0105;010516
2025-08;2025;08;Setúbal;Setúbal;ACC;1;15;1512;151208
2025-08;2025;08;Aveiro;Santa Maria da Feira;ACC;1;01;0109;010935
2025-08;2025;08;Santarém;Alcanena;ACC;1;14;1402;140212
2023-02;2023;02;Castelo Branco;Fundão;ACC;1;05;0504;050434
2024-02;2024;02;Setúbal;Seixal;ACC;2;15;1510;151005
2024-02;2024;02;Leiria;Marinha Grande;ACC;1;10;1010;101001
2024-02;2024;02;Leiria;Figueiró dos Vinhos;ACC;1;10;1008;100806
2025-02;2025;02;Évora;Arraiolos;ACC;1;07;0702;070201
2025-02;2025;02;Leiria;Leiria;ACC;1;10;1009;100907
2025-02;2025;02;Leiria;Pombal;ACC;1;10;1015;101505
2025-02;2025;02;Santarém;Ourém;ACC;1;14;1421;142104
2025-02;2025;02;Coimbra;Penacova;ACC;1;06;0613;061302
2025-02;2025;02;Setúbal;Moita;ACC;1;15;1506;150603
2025-02;2025;02;Braga;Braga;ACC;1;03;0303;030331
2025-02;2025;02;Santarém;Cartaxo;ACC;1;14;1406;140604
2025-02;2025;02;Setúbal;Sesimbra;ACC;1;15;1511;151103
2025-02;2025;02;Santarém;Tomar;ACC;1;14;1418;141813
2025-02;2025;02;Coimbra;Montemor-o-Velho;ACC;1;06;0610;061003
2025-02;2025;02;Braga;Barcelos;ACC;1;03;0302;030220
2025-02;2025;02;Porto;Maia;ACC;2;13;1306;130618
2025-02;2025;02;Braga;Vila Nova de Famalicão;ACC;1;03;0312;031213
2025-02;2025;02;Porto;Vila do Conde;ACC;1;13;1316;131611
2025-02;2025;02;Bragança;Mirandela;ACC;1;04;0407;040720
2025-02;2025;02;Viseu;Viseu;ACC;2;18;1823;182323
2025-02;2025;02;Lisboa;Torres Vedras;ACC;2;11;1113;111314
2025-02;2025;02;Porto;Porto;ACC;1;13;1312;131216
2025-02;2025;02;Braga;Guimarães;ACC;1;03;0308;030881
2025-02;2025;02;Lisboa;Lisboa;ACC;2;11;1106;110611
2024-01;2024;01;Braga;Vila Verde;ACC;1;03;0313;031363
2025-02;2025;02;Braga;Braga;ACC;1;03;0303;030370
2024-01;2024;01;Porto;Gondomar;ACC;1;13;1304;130413
2025-02;2025;02;Braga;Braga;ACC;1;03;0303;030377
2025-02;2025;02;Porto;Matosinhos;ACC;1;13;1308;130813
2025-02;2025;02;Porto;Póvoa de Varzim;ACC;1;13;1313;131315
2024-01;2024;01;Lisboa;Loures;ACC;1;11;1107;110728
2025-01;2025;01;Porto;Valongo;ACC;1;13;1315;131501
2025-01;2025;01;Aveiro;Anadia;ACC;1;01;0103;010305
2025-01;2025;01;Lisboa;Lisboa;ACC;1;11;1106;110607
2025-01;2025;01;Viseu;São Pedro do Sul;ACC;1;18;1816;181602
2025-01;2025;01;Braga;Guimarães;ACC;2;03;0308;030807
2025-01;2025;01;Leiria;Leiria;ACC;1;10;1009;100907
2025-01;2025;01;Braga;Guimarães;ACC;1;03;0308;030812
2025-01;2025;01;Santarém;Ourém;ACC;1;14;1421;142106
2025-01;2025;01;Porto;Paços de Ferreira;ACC;1;13;1309;130905
2025-01;2025;01;Aveiro;Ílhavo;ACC;1;01;0110;011008
2025-01;2025;01;Porto;Porto;ACC;1;13;1312;131210
2025-01;2025;01;Setúbal;Palmela;ACC;1;15;1508;150804
2025-01;2025;01;Viseu;Viseu;ACC;2;18;1823;182323
2025-01;2025;01;Lisboa;Vila Franca de Xira;ACC;1;11;1114;111413
2025-01;2025;01;Braga;Esposende;ACC;1;03;0306;030616
2025-01;2025;01;Braga;Guimarães;ACC;1;03;0308;030881
2025-01;2025;01;Aveiro;Santa Maria da Feira;ACC;1;01;0109;010933
2025-01;2025;01;Lisboa;Cascais;ACC;1;11;1105;110507
2025-01;2025;01;Lisboa;Oeiras;ACC;2;11;1110;111013
2025-01;2025;01;Braga;Braga;ACC;1;03;0303;030374
2025-01;2025;01;Porto;Póvoa de Varzim;ACC;1;13;1313;131315
2022-07;2022;07;Bragança;Miranda do douro;ACC;1;04;0406;040608
2023-07;2023;07;Santarém;Ourém;ACC;1;14;1421;142115
2024-07;2024;07;Porto;Gondomar;ACC;3;13;1304;130412
2024-07;2024;07;Leiria;Batalha;ACC;1;10;1004;100401
2024-07;2024;07;Coimbra;Figueira da Foz;ACC;1;06;0605;060520
2024-07;2024;07;Porto;Maia;ACC;1;13;1306;130618
2024-07;2024;07;Aveiro;Aveiro;ACC;1;01;0105;010505
2024-07;2024;07;Lisboa;Amadora;ACC;1;11;1115;111515
2024-07;2024;07;Vila Real;Vila Real;ACC;1;17;1714;171409
2024-01;2024;01;Braga;Braga;ACC;1;03;0303;030371
2025-02;2025;02;Leiria;Figueiró dos Vinhos;ACC;1;10;1008;100806
2025-01;2025;01;Leiria;Pombal;ACC;2;10;1015;101518
2024-01;2024;01;Setúbal;Almada;ACC;1;15;1503;150315
2025-02;2025;02;Aveiro;Oliveira de Azeméis;ACC;1;01;0113;011322
2025-02;2025;02;Lisboa;Odivelas;ACC;2;11;1116;111608
2025-01;2025;01;Portalegre;Portalegre;ACC;1;12;1214;121413
2025-01;2025;01;Braga;Guimarães;ACC;1;03;0308;030887
2025-01;2025;01;Lisboa;Loures;ACC;2;11;1107;110729
2025-01;2025;01;Porto;Santo Tirso;ACC;2;13;1314;131437
2025-02;2025;02;Setúbal;Seixal;ACC;3;15;1510;151007
2025-01;2025;01;Bragança;Bragança;ACC;1;04;0402;040257
2024-01;2024;01;Santarém;Tomar;ACC;1;14;1418;141821
2025-02;2025;02;Viana do Castelo;Arcos de Valdevez;ACC;1;16;1601;160149
2025-02;2025;02;Évora;Vendas Novas;ACC;1;07;0712;071201
2025-01;2025;01;Porto;Vila do Conde;ACC;1;13;1316;131630
2024-07;2024;07;Aveiro;Estarreja;ACC;1;01;0108;010808
2024-07;2024;07;Braga;Celorico de Basto;ACC;1;03;0305;030523
2024-07;2024;07;Setúbal;Almada;ACC;2;15;1503;150314
2024-07;2024;07;Portalegre;Nisa;ACC;1;12;1212;121212
2024-07;2024;07;Faro;Lagoa;ACC;1;08;0806;080607
2024-07;2024;07;Porto;Gondomar;ACC;2;13;1304;130413
2024-07;2024;07;Porto;Lousada;ACC;1;13;1305;130529
2024-07;2024;07;Castelo Branco;Fundão;ACC;1;05;0504;050434
2024-07;2024;07;Lisboa;Sintra;ACC;1;11;1111;111126
2024-07;2024;07;Aveiro;Águeda;ACC;1;01;0101;010126
2024-07;2024;07;Braga;Barcelos;ACC;1;03;0302;0302FH
2024-07;2024;07;Évora;Vendas Novas;ACC;1;07;0712;071201
2025-07;2025;07;Coimbra;Figueira da Foz;ACC;1;06;0605;060502
2025-07;2025;07;Leiria;Caldas da Rainha;ACC;1;10;1006;100602
2025-07;2025;07;Leiria;Leiria;ACC;1;10;1009;100907
2025-07;2025;07;Coimbra;Cantanhede;ACC;1;06;0602;060207
2025-07;2025;07;Lisboa;Lisboa;ACC;2;11;1106;110618
2025-07;2025;07;Setúbal;Moita;ACC;3;15;1506;150607
2025-07;2025;07;Leiria;Bombarral;ACC;1;10;1005;100506
2025-07;2025;07;Faro;Lagoa;ACC;1;08;0806;080607
2025-07;2025;07;Braga;Braga;ACC;1;03;0303;030371
2025-07;2025;07;Leiria;Pombal;ACC;2;10;1015;101518
2025-07;2025;07;Braga;Braga;ACC;1;03;0303;030375
2025-07;2025;07;Setúbal;Montijo;ACC;1;15;1507;150710
2025-07;2025;07;Santarém;Tomar;ACC;2;14;1418;141821
2025-07;2025;07;Vila Real;Vila Real;ACC;1;17;1714;171438
2025-07;2025;07;Porto;Paredes;ACC;1;13;1310;131024
2023-06;2023;06;Bragança;Miranda do douro;ACC;1;04;0406;040608
2024-06;2024;06;Portalegre;Elvas;ACC;1;12;1207;120712
2024-07;2024;07;Braga;Barcelos;ACC;1;03;0302;030245
2024-07;2024;07;Braga;Guimarães;ACC;1;03;0308;030832
2024-07;2024;07;Aveiro;Espinho;ACC;1;01;0107;010704
2025-07;2025;07;Aveiro;Espinho;ACC;1;01;0107;010704
2024-07;2024;07;Braga;Barcelos;ACC;1;03;0302;030261
2024-07;2024;07;Braga;Guimarães;ACC;2;03;0308;030854
2025-07;2025;07;Braga;Braga;ACC;1;03;0303;030354
2024-07;2024;07;Porto;Póvoa de Varzim;ACC;1;13;1313;131314
2024-07;2024;07;Braga;Braga;ACC;1;03;0303;030367
2025-07;2025;07;Lisboa;Lisboa;ACC;1;11;1106;110658
2025-07;2025;07;Santarém;Ourém;ACC;1;14;1421;142104
2025-07;2025;07;Aveiro;Aveiro;ACC;1;01;0105;010515
2025-07;2025;07;Santarém;Mação;ACC;1;14;1413;141305
2025-07;2025;07;Aveiro;Ovar;ACC;1;01;0115;011503
2025-07;2025;07;Santarém;Rio Maior;ACC;1;14;1414;141405
2025-07;2025;07;Lisboa;Lisboa;ACC;2;11;1106;110662
2025-07;2025;07;Santarém;Torres Novas;ACC;1;14;1419;141910
2025-07;2025;07;Évora;Borba;ACC;1;07;0703;070303
2025-07;2025;07;Guarda;Sabugal;ACC;1;09;0911;091134
2025-07;2025;07;Coimbra;Tábua;ACC;2;06;0616;061614
2025-07;2025;07;Viana do Castelo;Monção;ACC;1;16;1604;160431
2025-07;2025;07;Porto;Lousada;ACC;1;13;1305;130530
2025-07;2025;07;Faro;Tavira;ACC;1;08;0814;081411
2025-06;2025;06;Lisboa;Lisboa;ACC;2;11;1106;110618
2025-06;2025;06;Santarém;Torres Novas;ACC;1;14;1419;141917
2025-06;2025;06;Porto;Maia;ACC;3;13;1306;130609
2024-06;2024;06;Santarém;Cartaxo;ACC;1;14;1406;140604
2024-06;2024;06;Faro;Silves;ACC;1;08;0813;081305
2024-06;2024;06;Lisboa;Odivelas;ACC;1;11;1116;111609
2024-06;2024;06;Bragança;Bragança;ACC;1;04;0402;040257
2024-06;2024;06;Santarém;Cartaxo;ACC;1;14;1406;140607
2025-06;2025;06;Braga;Barcelos;ACC;1;03;0302;030208
2025-06;2025;06;Aveiro;Santa Maria da Feira;ACC;4;01;0109;010901
2025-06;2025;06;Portalegre;Elvas;ACC;1;12;1207;120712
2025-06;2025;06;Santarém;Ourém;ACC;1;14;1421;142102
2025-06;2025;06;Santarém;Golegã;ACC;1;14;1412;141201
2025-06;2025;06;Porto;Maia;ACC;1;13;1306;130619
2025-06;2025;06;Aveiro;Aveiro;ACC;1;01;0105;010515
2025-06;2025;06;Porto;Póvoa de Varzim;ACC;1;13;1313;131308
2025-06;2025;06;Braga;Barcelos;ACC;1;03;0302;030244
2025-06;2025;06;Porto;Santo Tirso;ACC;1;13;1314;131413
2025-06;2025;06;Braga;Braga;ACC;1;03;0303;030331
2025-06;2025;06;Braga;Braga;CER;1;03;0303;030331
2025-06;2025;06;Lisboa;Lisboa;ACC;2;11;1106;110662
2025-06;2025;06;Lisboa;Oeiras;ACC;4;11;1110;111009
2025-06;2025;06;Setúbal;Sesimbra;ACC;1;15;1511;151103
2025-06;2025;06;Aveiro;Santa Maria da Feira;ACC;2;01;0109;010925
2025-06;2025;06;Viana do Castelo;Viana do Castelo;ACC;1;16;1609;160928
2025-06;2025;06;Coimbra;Coimbra;ACC;2;06;0603;060318
2025-06;2025;06;Faro;Silves;ACC;1;08;0813;081305
2025-06;2025;06;Porto;Vila Nova de Gaia;ACC;1;13;1317;131717
2025-06;2025;06;Aveiro;Águeda;ACC;1;01;0101;010124
2025-06;2025;06;Porto;Vila Nova de Gaia;ACC;1;13;1317;131729
2025-06;2025;06;Porto;Vila Nova de Gaia;ACC;2;13;1317;131730
2025-06;2025;06;Leiria;Caldas da Rainha;ACC;2;10;1006;100619
2025-06;2025;06;Évora;Vendas Novas;ACC;2;07;0712;071201
2025-06;2025;06;Braga;Vila Nova de Famalicão;ACC;1;03;0312;031249
2023-05;2023;05;Bragança;Miranda do douro;ACC;1;04;0406;040608
2023-05;2023;05;Castelo Branco;Fundão;ACC;1;05;0504;050434
2024-05;2024;05;Santarém;Benavente;ACC;1;14;1405;140504
2024-05;2024;05;Porto;Marco de Canaveses;ACC;1;13;1307;130736
2024-05;2024;05;Braga;Vila Nova de Famalicão;ACC;1;03;0312;031233
2024-05;2024;05;Lisboa;Sintra;ACC;1;11;1111;111108
2024-05;2024;05;Faro;Silves;ACC;1;08;0813;081305
2024-05;2024;05;Lisboa;Lisboa;ACC;1;11;1106;110639
2024-05;2024;05;Braga;Barcelos;ACC;1;03;0302;030220
2024-06;2024;06;Porto;Paços de Ferreira;ACC;2;13;1309;130902
2024-05;2024;05;Braga;Vila Verde;ACC;1;03;0313;031317
2024-06;2024;06;Braga;Guimarães;ACC;1;03;0308;030828
2024-06;2024;06;Coimbra;Penacova;ACC;1;06;0613;061304
2025-06;2025;06;Setúbal;Moita;ACC;3;15;1506;150607
2024-06;2024;06;Évora;Évora;ACC;2;07;0705;070524
2025-06;2025;06;Évora;Montemor-o-Novo;ACC;1;07;0706;070612
2024-06;2024;06;Braga;Guimarães;ACC;1;03;0308;030884
2024-06;2024;06;Lisboa;Odivelas;ACC;2;11;1116;111608
2025-06;2025;06;Lisboa;Odivelas;ACC;2;11;1116;111608
2025-06;2025;06;Viseu;Viseu;ACC;1;18;1823;182301
2025-06;2025;06;Braga;Braga;ACC;2;03;0303;030301
2025-06;2025;06;Faro;Loulé;ACC;3;08;0808;080801
2025-06;2025;06;Leiria;Caldas da Rainha;ACC;1;10;1006;100602
2025-06;2025;06;Setúbal;Seixal;ACC;2;15;1510;151002
2025-06;2025;06;Guarda;Guarda;ACC;1;09;0907;090706
2025-06;2025;06;Faro;Aljezur;ACC;1;08;0803;080302
2025-06;2025;06;Braga;Fafe;ACC;1;03;0307;030709
2025-06;2025;06;Braga;Guimarães;ACC;1;03;0308;030881
2025-06;2025;06;Vila Real;Peso da Régua;ACC;1;17;1708;170816
2024-05;2024;05;Setúbal;Moita;ACC;1;15;1506;150607
2024-05;2024;05;Braga;Esposende;ACC;2;03;0306;030618
2024-05;2024;05;Aveiro;Oliveira de Azeméis;ACC;1;01;0113;011321
2024-05;2024;05;Porto;Vila Nova de Gaia;ACC;1;13;1317;131728
2025-05;2025;05;Porto;Santo Tirso;ACC;1;13;1314;131402
2025-05;2025;05;Lisboa;Cascais;ACC;1;11;1105;110501
2025-05;2025;05;Lisboa;Amadora;ACC;2;11;1115;111512
2025-05;2025;05;Coimbra;Figueira da Foz;ACC;1;06;0605;060502
2025-05;2025;05;Porto;Gondomar;ACC;3;13;1304;130412
2025-05;2025;05;Leiria;Batalha;ACC;1;10;1004;100401
2025-05;2025;05;Leiria;Pombal;ACC;1;10;1015;101505
2025-05;2025;05;Castelo Branco;Idanha-a-Nova;ACC;1;05;0505;050505
2025-05;2025;05;Santarém;Ourém;ACC;1;14;1421;142115
2025-05;2025;05;Setúbal;Palmela;ACC;2;15;1508;150802
2025-05;2025;05;Santarém;Santarém;ACC;1;14;1416;141614
2025-05;2025;05;Braga;Guimarães;ACC;2;03;0308;030837
2025-05;2025;05;Santarém;Cartaxo;ACC;1;14;1406;140604
2025-05;2025;05;Lisboa;Torres Vedras;ACC;1;11;1113;111326
2025-05;2025;05;Braga;Vila Verde;ACC;1;03;0313;031354
2025-05;2025;05;Porto;Póvoa de Varzim;ACC;1;13;1313;131314
2025-05;2025;05;Braga;Esposende;ACC;1;03;0306;030616
2025-05;2025;05;Leiria;Bombarral;ACC;1;10;1005;100506
2025-05;2025;05;Portalegre;Nisa;ACC;1;12;1212;121212
2025-05;2025;05;Porto;Vila Nova de Gaia;ACC;2;13;1317;131727
2025-05;2025;05;Évora;Montemor-o-Novo;ACC;1;07;0706;070612
2025-05;2025;05;Setúbal;Barreiro;ACC;1;15;1504;150411
2025-05;2025;05;Porto;Vila Nova de Gaia;ACC;2;13;1317;131728
2025-05;2025;05;Braga;Barcelos;ACC;1;03;0302;0302FH
2025-05;2025;05;Lisboa;Amadora;ACC;1;11;1115;111517
2025-05;2025;05;Braga;Vila Verde;ACC;1;03;0313;031342
2025-05;2025;05;Vila Real;Vila Real;ACC;1;17;1714;171438
2023-03;2023;03;Lisboa;Lisboa;ACC;1;11;1106;110618
2024-03;2024;03;Lisboa;Cascais;ACC;1;11;1105;110501
2024-03;2024;03;Santarém;Rio Maior;ACC;1;14;1414;141401
2024-03;2024;03;Santarém;Benavente;ACC;1;14;1405;140504
2024-03;2024;03;Braga;Vila Verde;ACC;1;03;0313;031354
2024-03;2024;03;Lisboa;Alenquer;ACC;1;11;1101;110119
2024-03;2024;03;Braga;Vila Verde;ACC;1;03;0313;031363
2024-03;2024;03;Braga;Braga;ACC;1;03;0303;030375
2024-03;2024;03;Braga;Barcelos;ACC;1;03;0302;030283
2024-03;2024;03;Braga;Vila Verde;ACC;1;03;0313;031342
2025-03;2025;03;Braga;Braga;ACC;2;03;0303;030301
2025-03;2025;03;Leiria;Caldas da Rainha;ACC;1;10;1006;100602
2025-03;2025;03;Guarda;Guarda;ACC;1;09;0907;090706
2025-03;2025;03;Porto;Vila do Conde;ACC;2;13;1316;131602
2025-03;2025;03;Aveiro;Anadia;ACC;1;01;0103;010305
2025-03;2025;03;Porto;Vila do Conde;ACC;1;13;1316;131603
2025-03;2025;03;Porto;Marco de Canaveses;ACC;1;13;1307;130734
2024-05;2024;05;Portalegre;Portalegre;ACC;1;12;1214;121413
2024-05;2024;05;Porto;Santo Tirso;ACC;1;13;1314;131437
2025-05;2025;05;Santarém;Tomar;ACC;2;14;1418;141821
2025-05;2025;05;Lisboa;Lisboa;ACC;1;11;1106;110602
2025-03;2025;03;Lisboa;Lisboa;ACC;1;11;1106;110602
2025-03;2025;03;Braga;Fafe;ACC;1;03;0307;030730
2025-05;2025;05;Santarém;Ourém;ACC;1;14;1421;142102
2025-03;2025;03;Santarém;Ourém;ACC;1;14;1421;142102
2025-05;2025;05;Braga;Barcelos;ACC;1;03;0302;030245
2025-05;2025;05;Porto;Santo Tirso;ACC;1;13;1314;131413
2025-05;2025;05;Aveiro;Oliveira do Bairro;ACC;1;01;0114;011403
2025-05;2025;05;Lisboa;Lisboa;ACC;2;11;1106;110662
2025-05;2025;05;Braga;Póvoa de Lanhoso;ACC;1;03;0309;030919
2025-05;2025;05;Viseu;Viseu;ACC;2;18;1823;182323
2025-05;2025;05;Viana do Castelo;Viana do Castelo;ACC;1;16;1609;160928
2025-05;2025;05;Viseu;Tondela;ACC;1;18;1821;182132
2025-05;2025;05;Aveiro;Águeda;ACC;1;01;0101;010126
2025-03;2025;03;Faro;Loulé;ACC;1;08;0808;080808
2025-03;2025;03;Aveiro;Santa Maria da Feira;ACC;1;01;0109;010914
2025-03;2025;03;Lisboa;Lisboa;ACC;2;11;1106;110661
2025-03;2025;03;Setúbal;Palmela;ACC;2;15;1508;150802
2025-03;2025;03;Lisboa;Lisboa;ACC;2;11;1106;110662
2025-03;2025;03;Lisboa;Torres Vedras;ACC;1;11;1113;111310
2025-03;2025;03;Setúbal;Setúbal;ACC;1;15;1512;151208
2025-03;2025;03;Coimbra;Coimbra;ACC;2;06;0603;060318
2025-03;2025;03;Faro;Silves;ACC;1;08;0813;081305
2025-03;2025;03;Lisboa;Alenquer;ACC;1;11;1101;110118
2025-03;2025;03;Aveiro;Águeda;ACC;1;01;0101;010121
2025-03;2025;03;Braga;Cabeceiras de Basto;ACC;1;03;0304;030421
2025-03;2025;03;Lisboa;Loures;ACC;1;11;1107;110730
2025-03;2025;03;Setúbal;Barreiro;ACC;1;15;1504;150409
2025-03;2025;03;Porto;Vila Nova de Gaia;ACC;2;13;1317;131730
2025-03;2025;03;Viseu;Tarouca;ACC;1;18;1820;182013
2025-03;2025;03;Braga;Vila Nova de Famalicão;ACC;4;03;0312;031260
2025-03;2025;03;Leiria;Pombal;ACC;1;10;1015;101505
2025-03;2025;03;Braga;Barcelos;ACC;1;03;0302;030220
2025-03;2025;03;Porto;Valongo;ACC;3;13;1315;131503
2025-03;2025;03;Coimbra;Cantanhede;ACC;1;06;0602;060207
2025-03;2025;03;Castelo Branco;Idanha-a-Nova;ACC;1;05;0505;050505
2025-03;2025;03;Santarém;Torres Novas;ACC;1;14;1419;141917
2025-03;2025;03;Bragança;Miranda do douro;ACC;1;04;0406;040608
2025-03;2025;03;Porto;Penafiel;ACC;2;13;1311;131129
2025-03;2025;03;Lisboa;Sintra;ACC;3;11;1111;111108
2025-03;2025;03;Aveiro;Santa Maria da Feira;ACC;1;01;0109;010933
2025-03;2025;03;Castelo Branco;Fundão;ACC;1;05;0504;050434
2025-03;2025;03;Leiria;Leiria;ACC;1;10;1009;100936
2025-03;2025;03;Braga;Vila Nova de Famalicão;ACC;1;03;0312;031249
2024-10;2024;10;Bragança;Miranda do douro;ACC;1;04;0406;040608
2024-09;2024;09;Coimbra;Figueira da Foz;ACC;1;06;0605;060520
2024-09;2024;09;Braga;Barcelos;ACC;1;03;0302;030220
2024-09;2024;09;Braga;Fafe;ACC;1;03;0307;030708
2024-09;2024;09;Braga;Fafe;ACC;1;03;0307;030709
2024-09;2024;09;Coimbra;Cantanhede;ACC;1;06;0602;060207
2024-09;2024;09;Braga;Vila Verde;ACC;1;03;0313;031317
2024-09;2024;09;Lisboa;Torres Vedras;ACC;1;11;1113;111310
2024-09;2024;09;Vila Real;Vila Pouca de Aguiar;ACC;1;17;1713;171317
2024-09;2024;09;Setúbal;Setúbal;ACC;1;15;1512;151208
2024-09;2024;09;Lisboa;Lisboa;ACC;1;11;1106;110639
2024-09;2024;09;Viseu;Sátão;ACC;1;18;1817;181710
2024-09;2024;09;Lisboa;Sobral de Monte Agraço;ACC;1;11;1112;111203
2024-09;2024;09;Santarém;Alcanena;ACC;1;14;1402;140211
2024-09;2024;09;Aveiro;Estarreja;ACC;1;01;0108;010808
2024-09;2024;09;Porto;Trofa;ACC;1;13;1318;131810
2024-09;2024;09;Porto;Porto;ACC;1;13;1312;131217
2024-09;2024;09;Braga;Esposende;ACC;3;03;0306;030618
2024-09;2024;09;Braga;Braga;ACC;1;03;0303;030371
2024-09;2024;09;Porto;Gondomar;ACC;1;13;1304;130415
2024-09;2024;09;Leiria;Leiria;ACC;1;10;1009;100935
2024-09;2024;09;Setúbal;Montijo;ACC;1;15;1507;150710
2024-09;2024;09;Porto;Santo Tirso;ACC;1;13;1314;131402
2024-09;2024;09;Leiria;Alcobaça;ACC;1;10;1001;100120
2024-09;2024;09;Santarém;Alpiarça;ACC;1;14;1404;140401
2024-09;2024;09;Aveiro;Anadia;ACC;1;01;0103;010305
2024-09;2024;09;Porto;Vila do Conde;ACC;1;13;1316;131603
2024-09;2024;09;Porto;Gondomar;ACC;3;13;1304;130412
2024-09;2024;09;Porto;Marco de Canaveses;ACC;1;13;1307;130734
2024-09;2024;09;Setúbal;Moita;ACC;1;15;1506;150603
2024-09;2024;09;Santarém;Salvaterra de Magos;ACC;1;14;1415;141503
2024-09;2024;09;Viana do Castelo;Arcos de Valdevez;ACC;1;16;1601;160149
2024-04;2024;04;Braga;Guimarães;ACC;1;03;0308;030858
2023-04;2023;04;Santarém;Ourém;ACC;1;14;1421;142115
2024-04;2024;04;Leiria;Batalha;ACC;1;10;1004;100401
2025-04;2025;04;Setúbal;Barreiro;ACC;1;15;1504;150409
2024-08;2024;08;Aveiro;Albergaria-a-Velha;ACC;1;01;0102;010204
2025-04;2025;04;Aveiro;Santa Maria da Feira;ACC;1;01;0109;010902
2025-04;2025;04;Aveiro;Oliveira do Bairro;ACC;1;01;0114;011403
2025-04;2025;04;Leiria;Alcobaça;ACC;1;10;1001;100120
2025-04;2025;04;Leiria;Marinha Grande;ACC;3;10;1010;101001
2025-04;2025;04;Évora;Évora;ACC;1;07;0705;070525
2024-08;2024;08;Portalegre;Avis;ACC;1;12;1203;120303
2025-04;2025;04;Santarém;Tomar;ACC;2;14;1418;141821
2025-04;2025;04;Santarém;Torres Novas;ACC;1;14;1419;141910
2025-04;2025;04;Santarém;Cartaxo;ACC;1;14;1406;140604
2025-04;2025;04;Santarém;Coruche;ACC;1;14;1409;140909
2024-08;2024;08;Faro;Loulé;ACC;1;08;0808;080809
2024-08;2024;08;Coimbra;Figueira da Foz;ACC;1;06;0605;060502
2024-08;2024;08;Coimbra;Figueira da Foz;ACC;1;06;0605;060520
2024-04;2024;04;Bragança;Mirandela;ACC;1;04;0407;040720
2025-04;2025;04;Castelo Branco;Idanha-a-Nova;ACC;1;05;0505;050505
2025-04;2025;04;Braga;Barcelos;ACC;1;03;0302;030292
2025-04;2025;04;Braga;Barcelos;ACC;1;03;0302;030208
2024-08;2024;08;Braga;Barcelos;ACC;1;03;0302;030208
2025-04;2025;04;Braga;Barcelos;ACC;1;03;0302;030220
2025-04;2025;04;Braga;Guimarães;ACC;2;03;0308;030884
2024-08;2024;08;Braga;Guimarães;ACC;1;03;0308;030820
2024-08;2024;08;Braga;Guimarães;ACC;2;03;0308;030854
2025-04;2025;04;Braga;Esposende;ACC;3;03;0306;030618
2025-04;2025;04;Braga;Vila Verde;ACC;1;03;0313;031317
2025-04;2025;04;Braga;Braga;ACC;1;03;0303;030377
2025-04;2025;04;Braga;Braga;ACC;1;03;0303;030379
2024-08;2024;08;Braga;Fafe;ACC;1;03;0307;030709
2025-04;2025;04;Lisboa;Loures;ACC;2;11;1107;110728
2025-04;2025;04;Lisboa;Loures;ACC;1;11;1107;110702
2025-04;2025;04;Lisboa;Lisboa;ACC;2;11;1106;110661
2025-04;2025;04;Lisboa;Sintra;ACC;1;11;1111;111122
2024-08;2024;08;Lisboa;Oeiras;ACC;1;11;1110;111002
2024-08;2024;08;Lisboa;Oeiras;ACC;1;11;1110;111009
2025-04;2025;04;Porto;Felgueiras;ACC;1;13;1303;130335
2025-04;2025;04;Porto;Vila Nova de Gaia;ACC;2;13;1317;131727
2024-04;2024;04;Porto;Santo Tirso;ACC;1;13;1314;131437
2025-04;2025;04;Porto;Vila do Conde;ACC;2;13;1316;131602
2025-04;2025;04;Porto;Vila do Conde;ACC;1;13;1316;131611
2024-08;2024;08;Porto;Vila do Conde;ACC;1;13;1316;131614
2025-04;2025;04;Porto;Marco de Canaveses;ACC;2;13;1307;130736
2024-08;2024;08;Porto;Marco de Canaveses;ACC;2;13;1307;130736
2024-08;2024;08;Porto;Paços de Ferreira;ACC;3;13;1309;130902
2025-04;2025;04;Porto;Paços de Ferreira;ACC;1;13;1309;130917
2024-08;2024;08;Porto;Póvoa de Varzim;ACC;1;13;1313;131314
2025-04;2025;04;Porto;Póvoa de Varzim;ACC;1;13;1313;131315
2025-04;2025;04;Porto;Matosinhos;ACC;1;13;1308;130812
2025-04;2025;04;Viseu;Viseu;ACC;2;18;1823;182323
2024-08;2024;08;Vila Real;Vila Pouca de Aguiar;ACC;1;17;1713;171317
2024-08;2024;08;Viana do Castelo;Arcos de Valdevez;ACC;1;16;1601;160149
2024-08;2024;08;Braga;Barcelos;ACC;2;03;0302;030293
2024-08;2024;08;Porto;Trofa;ACC;1;13;1318;131810
2024-08;2024;08;Braga;Esposende;ACC;3;03;0306;030618
2024-08;2024;08;Porto;Gondomar;ACC;1;13;1304;130415
2024-08;2024;08;Porto;Felgueiras;ACC;1;13;1303;130335
2024-08;2024;08;Porto;Matosinhos;ACC;1;13;1308;130812
2024-08;2024;08;Braga;Guimarães;ACC;1;03;0308;030884
2024-08;2024;08;Lisboa;Loures;ACC;2;11;1107;110729
2025-08;2025;08;Porto;Valongo;ACC;1;13;1315;131501
2025-08;2025;08;Lisboa;Sintra;ACC;1;11;1111;111102
2025-08;2025;08;Porto;Vila Nova de Gaia;ACC;1;13;1317;131704
2025-08;2025;08;Porto;Valongo;ACC;3;13;1315;131503
2025-08;2025;08;Lisboa;Sintra;ACC;1;11;1111;111122
2025-08;2025;08;Lisboa;Alenquer;ACC;1;11;1101;110119
2025-08;2025;08;Beja;Beja;ACC;4;02;0205;020520
2025-08;2025;08;Lisboa;Loures;ACC;1;11;1107;110731
2025-08;2025;08;Braga;Guimarães;ACC;1;03;0308;030881
2025-08;2025;08;Lisboa;Vila Franca de Xira;ACC;1;11;1114;111414
2025-08;2025;08;Porto;Vila Nova de Gaia;ACC;1;13;1317;131725
2025-08;2025;08;Porto;Porto;ACC;2;13;1312;131218
2025-08;2025;08;Lisboa;Oeiras;ACC;3;11;1110;111014
2025-08;2025;08;Porto;Vila Nova de Gaia;ACC;2;13;1317;131728
2025-08;2025;08;Castelo Branco;Proença-a-Nova;ACC;1;05;0508;050807
2025-08;2025;08;Lisboa;Amadora;ACC;1;11;1115;111517
2025-04;2025;04;Coimbra;Cantanhede;ACC;1;06;0602;060207
2024-08;2024;08;Coimbra;Penacova;ACC;1;06;0613;061302
2025-08;2025;08;Coimbra;Coimbra;ACC;1;06;0603;060336
2025-08;2025;08;Setúbal;Almada;ACC;3;15;1503;150314
2024-08;2024;08;Leiria;Figueiró dos Vinhos;ACC;1;10;1008;100806
2025-08;2025;08;Évora;Évora;ACC;5;07;0705;070524
2024-08;2024;08;Leiria;Leiria;ACC;1;10;1009;100936
2025-08;2025;08;Leiria;Leiria;ACC;1;10;1009;100936
2024-08;2024;08;Setúbal;Montijo;ACC;1;15;1507;150710
2024-08;2024;08;Lisboa;Cadaval;ACC;1;11;1104;110413
2024-08;2024;08;Lisboa;Odivelas;ACC;1;11;1116;111609
2025-08;2025;08;Portalegre;Portalegre;ACC;1;12;1214;121413
2024-08;2024;08;Setúbal;Seixal;ACC;3;15;1510;151007
2024-08;2024;08;Setúbal;Barreiro;ACC;1;15;1504;150409
2024-08;2024;08;Setúbal;Setúbal;ACC;2;15;1512;151210
2023-12;2023;12;Santarém;Tomar;ACC;1;14;1418;141821
2025-08;2025;08;Santarém;Rio Maior;ACC;1;14;1414;141401
2025-08;2025;08;Faro;Portimão;ACC;1;08;0811;081101
2025-08;2025;08;Santarém;Benavente;ACC;1;14;1405;140501
2025-08;2025;08;Setúbal;Seixal;ACC;5;15;1510;151005
2025-08;2025;08;Aveiro;Ílhavo;ACC;1;01;0110;011008
2025-08;2025;08;Faro;Loulé;ACC;1;08;0808;080808
2025-08;2025;08;Santarém;Salvaterra de Magos;ACC;1;14;1415;141503
2025-08;2025;08;Leiria;Pombal;ACC;1;10;1015;101508
2025-08;2025;08;Santarém;Cartaxo;ACC;1;14;1406;140604
2025-08;2025;08;Leiria;Leiria;ACC;1;10;1009;100921
2025-08;2025;08;Leiria;Pombal;ACC;2;10;1015;101518
2024-02;2024;02;Lisboa;Loures;ACC;1;11;1107;110727
2024-02;2024;02;Braga;Vila Verde;ACC;1;03;0313;031342
2024-02;2024;02;Leiria;Batalha;ACC;1;10;1004;100401
2024-02;2024;02;Porto;Valongo;ACC;1;13;1315;131503
2024-02;2024;02;Braga;Braga;ACC;1;03;0303;030371
2024-02;2024;02;Leiria;Leiria;ACC;1;10;1009;100934
2025-02;2025;02;Santarém;Almeirim;ACC;1;14;1403;140301
2025-02;2025;02;Aveiro;Santa Maria da Feira;ACC;3;01;0109;010901
2025-02;2025;02;Porto;Valongo;ACC;2;13;1315;131503
2025-02;2025;02;Santarém;Ourém;ACC;1;14;1421;142106
2025-02;2025;02;Faro;Loulé;ACC;1;08;0808;080809
2025-02;2025;02;Leiria;Pombal;ACC;2;10;1015;101509
2025-02;2025;02;Aveiro;Aveiro;ACC;1;01;0105;010516
2025-02;2025;02;Setúbal;Santiago do Cacém;ACC;1;15;1509;150907
2025-02;2025;02;Faro;Silves;ACC;1;08;0813;081305
2025-02;2025;02;Aveiro;Santa Maria da Feira;ACC;1;01;0109;010933
2025-02;2025;02;Lisboa;Oeiras;ACC;3;11;1110;111009
2025-02;2025;02;Porto;Porto;ACC;1;13;1312;131211
2025-02;2025;02;Vila Real;Vila Pouca de Aguiar;ACC;1;17;1713;171317
2025-02;2025;02;Lisboa;Lisboa;ACC;1;11;1106;110665
2024-02;2024;02;Lisboa;Lisboa;ACC;1;11;1106;110639
2025-02;2025;02;Braga;Guimarães;ACC;2;03;0308;030854
2025-02;2025;02;Braga;Guimarães;ACC;1;03;0308;030878
2024-02;2024;02;Braga;Vila Verde;ACC;1;03;0313;031363
2025-02;2025;02;Lisboa;Amadora;ACC;1;11;1115;111513
2025-02;2025;02;Lisboa;Lisboa;ACC;1;11;1106;110658
2025-02;2025;02;Portalegre;Nisa;ACC;1;12;1212;121212
2025-02;2025;02;Porto;Gondomar;ACC;2;13;1304;130413
2025-02;2025;02;Bragança;Bragança;ACC;1;04;0402;040252
2025-02;2025;02;Porto;Felgueiras;ACC;1;13;1303;130335
2025-02;2025;02;Braga;Braga;ACC;1;03;0303;030375
2025-02;2025;02;Viana do Castelo;Melgaço;ACC;1;16;1603;160322
2024-01;2024;01;Viseu;Tondela;ACC;1;18;1821;182108
2025-01;2025;01;Porto;Valongo;ACC;2;13;1315;131503
2024-01;2024;01;Braga;Vila Nova de Famalicão;ACC;1;03;0312;031233
2025-01;2025;01;Lisboa;Arruda dos Vinhos;ACC;2;11;1102;110202
2025-01;2025;01;Porto;Vila do Conde;ACC;2;13;1316;131602
2025-01;2025;01;Porto;Vila do Conde;ACC;1;13;1316;131603
2025-01;2025;01;Lisboa;Oeiras;ACC;2;11;1110;111002
2025-01;2025;01;Porto;Paços de Ferreira;ACC;3;13;1309;130902
2025-01;2025;01;Setúbal;Seixal;ACC;1;15;1510;151006
2025-01;2025;01;Faro;Loulé;ACC;1;08;0808;080808
2025-01;2025;01;Bragança;Mirandela;ACC;1;04;0407;040720
2025-01;2025;01;Setúbal;Palmela;ACC;2;15;1508;150802
2025-01;2025;01;Braga;Guimarães;ACC;2;03;0308;030837
2025-01;2025;01;Braga;Guimarães;ACC;2;03;0308;030854
2025-01;2025;01;Porto;Amarante;ACC;1;13;1301;130135
2025-01;2025;01;Lisboa;Alenquer;ACC;1;11;1101;110119
2025-01;2025;01;Lisboa;Oeiras;ACC;2;11;1110;111012
2025-01;2025;01;Setúbal;Setúbal;ACC;1;15;1512;151209
2025-01;2025;01;Beja;Beja;ACC;3;02;0205;020520
2025-01;2025;01;Leiria;Bombarral;ACC;1;10;1005;100506
2025-01;2025;01;Lisboa;Vila Franca de Xira;ACC;1;11;1114;111414
2025-01;2025;01;Setúbal;Almada;ACC;2;15;1503;150314
2025-01;2025;01;Braga;Esposende;ACC;3;03;0306;030618
2025-01;2025;01;Braga;Vila Verde;ACC;1;03;0313;031363
2025-01;2025;01;Bragança;Bragança;ACC;1;04;0402;040252
2023-07;2023;07;Viseu;Tondela;ACC;1;18;1821;182108
2024-07;2024;07;Lisboa;Lisboa;ACC;1;11;1106;110618
2024-07;2024;07;Lisboa;Amadora;ACC;1;11;1115;111512
2024-07;2024;07;Lisboa;Arruda dos Vinhos;ACC;3;11;1102;110202
2024-07;2024;07;Leiria;Pombal;ACC;1;10;1015;101505
2024-07;2024;07;Braga;Barcelos;ACC;1;03;0302;030220
2024-07;2024;07;Braga;Guimarães;ACC;1;03;0308;030828
2025-02;2025;02;Faro;Lagoa;ACC;1;08;0806;080607
2025-01;2025;01;Faro;Lagoa;ACC;1;08;0806;080607
2025-02;2025;02;Évora;Estremoz;ACC;1;07;0704;070414
2025-02;2025;02;Aveiro;Santa Maria da Feira;ACC;1;01;0109;010935
2023-01;2023;01;Castelo Branco;Fundão;ACC;1;05;0504;050434
2025-01;2025;01;Castelo Branco;Fundão;ACC;1;05;0504;050434
2025-02;2025;02;Setúbal;Almada;ACC;3;15;1503;150315
2025-02;2025;02;Leiria;Leiria;ACC;4;10;1009;100934
2025-01;2025;01;Coimbra;Montemor-o-Velho;ACC;1;06;0610;061016
2025-02;2025;02;Lisboa;Sintra;ACC;2;11;1111;111126
2025-02;2025;02;Braga;Braga;ACC;1;03;0303;030379
2025-02;2025;02;Braga;Guimarães;ACC;1;03;0308;030887
2025-01;2025;01;Setúbal;Setúbal;ACC;2;15;1512;151210
2025-02;2025;02;Coimbra;Coimbra;ACC;1;06;0603;060339
2025-02;2025;02;Leiria;Pombal;ACC;1;10;1015;101519
2025-01;2025;01;Faro;Tavira;ACC;1;08;0814;081412
2025-02;2025;02;Santarém;Tomar;ACC;2;14;1418;141821
2025-02;2025;02;Braga;Vila Nova de Famalicão;ACC;4;03;0312;031260
2025-02;2025;02;Braga;Vila Nova de Famalicão;ACC;1;03;0312;031241
2025-01;2025;01;Castelo Branco;Vila de Rei;ACC;1;05;0510;051003
2025-01;2025;01;Porto;Vila do Conde;ACC;1;13;1316;131628
2025-01;2025;01;Braga;Vila Nova de Famalicão;ACC;1;03;0312;031249
2025-01;2025;01;Porto;Paredes;ACC;1;13;1310;131024
2025-01;2025;01;Viseu;Viseu;ACC;1;18;1823;182301
2025-01;2025;01;Leiria;Caldas da Rainha;ACC;1;10;1006;100602
2025-01;2025;01;Aveiro;Santa Maria da Feira;ACC;1;01;0109;010902
2024-07;2024;07;Braga;Barcelos;ACC;2;03;0302;030293
2024-07;2024;07;Lisboa;Oeiras;ACC;1;11;1110;111013
2024-07;2024;07;Setúbal;Grândola;ACC;1;15;1505;150506
2024-07;2024;07;Évora;Évora;ACC;3;07;0705;070524
2024-07;2024;07;Porto;Matosinhos;ACC;1;13;1308;130812
2024-07;2024;07;Porto;Vila Nova de Gaia;ACC;1;13;1317;131728
2024-07;2024;07;Portalegre;Ponte de Sor;ACC;1;12;1213;121308
2024-07;2024;07;Guarda;Sabugal;ACC;1;09;0911;091145
2024-07;2024;07;Braga;Guimarães;ACC;1;03;0308;030887
2024-07;2024;07;Porto;Santo Tirso;ACC;1;13;1314;131437
2024-07;2024;07;Setúbal;Seixal;ACC;3;15;1510;151007
2024-07;2024;07;Porto;Vila do Conde;ACC;1;13;1316;131628
2025-07;2025;07;Santarém;Almeirim;ACC;1;14;1403;140301
2025-07;2025;07;Setúbal;Seixal;ACC;2;15;1510;151002
2025-07;2025;07;Braga;Vila Nova de Famalicão;ACC;1;03;0312;031213
2025-07;2025;07;Braga;Fafe;ACC;1;03;0307;030708
2025-07;2025;07;Braga;Guimarães;ACC;1;03;0308;030820
2025-07;2025;07;Viseu;Tondela;ACC;1;18;1821;182108
2025-07;2025;07;Castelo Branco;Idanha-a-Nova;ACC;1;05;0505;050505
2025-07;2025;07;Braga;Esposende;ACC;1;03;0306;030616
2025-07;2025;07;Setúbal;Almada;ACC;3;15;1503;150314
2025-07;2025;07;Leiria;Figueiró dos Vinhos;ACC;1;10;1008;100806
2025-07;2025;07;Porto;Gondomar;ACC;1;13;1304;130415
2025-07;2025;07;Leiria;Leiria;ACC;4;10;1009;100934
2025-07;2025;07;Porto;Matosinhos;ACC;1;13;1308;130812
2025-07;2025;07;Lisboa;Odivelas;ACC;1;11;1116;111609
2025-07;2025;07;Guarda;Sabugal;ACC;1;09;0911;091145
2025-07;2025;07;Porto;Vila Nova de Gaia;ACC;1;13;1317;131729
2025-07;2025;07;Braga;Guimarães;ACC;1;03;0308;030889
2025-07;2025;07;Porto;Vila Nova de Gaia;ACC;2;13;1317;131730
2025-07;2025;07;Coimbra;Coimbra;ACC;1;06;0603;060339
2025-07;2025;07;Lisboa;Amadora;ACC;1;11;1115;111517
2023-06;2023;06;Viseu;Tondela;ACC;1;18;1821;182108
2025-07;2025;07;Porto;Marco de Canaveses;ACC;2;13;1307;130736
2024-07;2024;07;Lisboa;Amadora;ACC;1;11;1115;111516
2025-07;2025;07;Lisboa;Amadora;ACC;1;11;1115;111516
2025-07;2025;07;Leiria;Caldas da Rainha;ACC;1;10;1006;100608
2025-07;2025;07;Lisboa;Oeiras;ACC;4;11;1110;111009
2024-07;2024;07;Braga;Póvoa de Lanhoso;ACC;1;03;0309;030919
2024-07;2024;07;Santarém;Alcanena;ACC;1;14;1402;140211
2025-07;2025;07;Santarém;Alcanena;ACC;1;14;1402;140211
2025-07;2025;07;Braga;Barcelos;ACC;1;03;0302;030209
2025-07;2025;07;Lisboa;Loures;ACC;1;11;1107;110702
2025-07;2025;07;Leiria;Leiria;ACC;1;10;1009;100921
2025-07;2025;07;Santarém;Tomar;ACC;1;14;1418;141813
2025-07;2025;07;Coimbra;Cantanhede;ACC;1;06;0602;060220
2025-07;2025;07;Vila Real;Chaves;ACC;1;17;1703;170358
2025-07;2025;07;Lisboa;Vila Franca de Xira;ACC;1;11;1114;111408
2024-06;2024;06;Braga;Guimarães;ACC;1;03;0308;030832
2024-06;2024;06;Santarém;Ourém;ACC;1;14;1421;142115
2024-06;2024;06;Setúbal;Palmela;ACC;2;15;1508;150802
2024-06;2024;06;Lisboa;Oeiras;ACC;1;11;1110;111009
2024-06;2024;06;Setúbal;Palmela;ACC;1;15;1508;150804
2024-06;2024;06;Braga;Guimarães;ACC;1;03;0308;030854
2024-06;2024;06;Braga;Vila Verde;ACC;1;03;0313;031354
2024-06;2024;06;Braga;Guimarães;ACC;1;03;0308;030887
2024-06;2024;06;Braga;Vila Nova de Famalicão;ACC;2;03;0312;031260
2025-06;2025;06;Lisboa;Cascais;ACC;1;11;1105;110501
2025-06;2025;06;Santarém;Rio Maior;ACC;1;14;1414;141401
2025-06;2025;06;Lisboa;Oeiras;ACC;2;11;1110;111002
2025-06;2025;06;Évora;Évora;ACC;1;07;0705;070515
2025-06;2025;06;Coimbra;Miranda do Corvo;ACC;1;06;0609;060902
2025-06;2025;06;Aveiro;Santa Maria da Feira;ACC;1;01;0109;010916
2025-06;2025;06;Aveiro;Santa Maria da Feira;ACC;1;01;0109;010919
2025-06;2025;06;Porto;Paredes;ACC;1;13;1310;131025
2025-06;2025;06;Leiria;Pombal;ACC;1;10;1015;101508
2025-06;2025;06;Coimbra;Penacova;ACC;1;06;0613;061307
2025-06;2025;06;Faro;Loulé;ACC;1;08;0808;080805
2025-06;2025;06;Lisboa;Sintra;ACC;3;11;1111;111108
2025-06;2025;06;Braga;Guimarães;ACC;1;03;0308;030858
2025-06;2025;06;Braga;Vila Verde;ACC;1;03;0313;031354
2025-06;2025;06;Lisboa;Sintra;ACC;1;11;1111;111122
2025-06;2025;06;Aveiro;Águeda;ACC;1;01;0101;010121
2025-06;2025;06;Braga;Braga;ACC;1;03;0303;030379
2025-06;2025;06;Coimbra;Coimbra;ACC;1;06;0603;060336
2025-06;2025;06;Lisboa;Loures;ACC;2;11;1107;110729
2025-06;2025;06;Porto;Santo Tirso;ACC;3;13;1314;131437
2025-06;2025;06;Bragança;Bragança;ACC;1;04;0402;040257
2025-06;2025;06;Braga;Vila Nova de Famalicão;ACC;4;03;0312;031260
2025-06;2025;06;Santarém;Cartaxo;ACC;1;14;1406;140607
2025-06;2025;06;Porto;Vila do Conde;ACC;1;13;1316;131628
2025-06;2025;06;Porto;Paredes;ACC;1;13;1310;131024
2024-05;2024;05;Lisboa;Lisboa;ACC;1;11;1106;110618
2023-05;2023;05;Braga;Braga;CER;1;03;0303;030331
2024-05;2024;05;Porto;Paços de Ferreira;ACC;1;13;1309;130918
2024-05;2024;05;Braga;Braga;CER;1;03;0303;030331
2024-05;2024;05;Leiria;Peniche;ACC;1;10;1014;101407
2024-05;2024;05;Braga;Guimarães;ACC;1;03;0308;030854
2024-05;2024;05;Braga;Vila Nova de Famalicão;ACC;1;03;0312;031213
2024-05;2024;05;Porto;Valongo;ACC;2;13;1315;131503
2024-06;2024;06;Lisboa;Amadora;ACC;1;11;1115;111515
2024-06;2024;06;Portalegre;Portalegre;ACC;1;12;1214;121404
2024-05;2024;05;Braga;Vila Nova de Famalicão;ACC;1;03;0312;031219
2025-06;2025;06;Coimbra;Penacova;ACC;1;06;0613;061304
2024-06;2024;06;Braga;Barcelos;ACC;1;03;0302;030293
2024-06;2024;06;Aveiro;Estarreja;ACC;1;01;0108;010808
2024-06;2024;06;Porto;Gondomar;ACC;1;13;1304;130413
2025-06;2025;06;Porto;Vila Nova de Gaia;ACC;1;13;1317;131725
2024-06;2024;06;Braga;Braga;ACC;1;03;0303;030377
2025-06;2025;06;Braga;Guimarães;ACC;2;03;0308;030884
2025-06;2025;06;Porto;Matosinhos;ACC;1;13;1308;130813
2025-06;2025;06;Coimbra;Montemor-o-Velho;ACC;1;06;0610;061003
2025-06;2025;06;Aveiro;Aveiro;ACC;2;01;0105;010505
2025-06;2025;06;Setúbal;Seixal;ACC;2;15;1510;151006
2025-06;2025;06;Porto;Trofa;ACC;1;13;1318;131810
2025-06;2025;06;Lisboa;Cascais;ACC;1;11;1105;110508
2025-06;2025;06;Coimbra;Condeixa-a-Nova;ACC;1;06;0604;060411
2025-06;2025;06;Faro;Lagoa;ACC;1;08;0806;080607
2024-05;2024;05;Lisboa;Loures;ACC;2;11;1107;110728
2025-05;2025;05;Santarém;Rio Maior;ACC;1;14;1414;141401
2025-05;2025;05;Porto;Valongo;ACC;1;13;1315;131501
2025-05;2025;05;Faro;Loulé;ACC;3;08;0808;080801
2025-05;2025;05;Santarém;Alpiarça;ACC;1;14;1404;140401
2025-05;2025;05;Guarda;Guarda;ACC;1;09;0907;090706
2025-05;2025;05;Setúbal;Seixal;ACC;5;15;1510;151005
2025-05;2025;05;Lisboa;Amadora;ACC;1;11;1115;111515
2025-05;2025;05;Vila Real;Vila Real;ACC;1;17;1714;171409
2025-05;2025;05;Porto;Paços de Ferreira;ACC;1;13;1309;130917
2025-05;2025;05;Porto;Vila do Conde;ACC;1;13;1316;131611
2025-05;2025;05;Lisboa;Lisboa;ACC;2;11;1106;110618
2025-05;2025;05;Lisboa;Lisboa;CER;1;11;1106;110618
2025-05;2025;05;Leiria;Marinha Grande;ACC;3;10;1010;101001
2025-05;2025;05;Bragança;Mirandela;ACC;1;04;0407;040720
2025-05;2025;05;Braga;Vila Nova de Famalicão;ACC;2;03;0312;031233
2025-05;2025;05;Braga;Guimarães;ACC;1;03;0308;030858
2025-05;2025;05;Faro;Silves;ACC;1;08;0813;081305
2025-05;2025;05;Braga;Braga;ACC;1;03;0303;030354
2025-05;2025;05;Coimbra;Coimbra;ACC;1;06;0603;060333
2025-05;2025;05;Braga;Guimarães;ACC;1;03;0308;030878
2025-05;2025;05;Braga;Barcelos;ACC;2;03;0302;030293
2025-05;2025;05;Leiria;Pombal;ACC;2;10;1015;101518
2025-05;2025;05;Porto;Matosinhos;ACC;1;13;1308;130812
2025-05;2025;05;Braga;Braga;ACC;1;03;0303;030375
2025-05;2025;05;Aveiro;Oliveira de Azeméis;ACC;2;01;0113;011321
2025-05;2025;05;Vila Real;Peso da Régua;ACC;1;17;1708;170816
2024-03;2024;03;Lisboa;Lisboa;ACC;1;11;1106;110618
2023-03;2023;03;Castelo Branco;Fundão;ACC;1;05;0504;050434
2024-03;2024;03;Leiria;Batalha;ACC;1;10;1004;100401
2024-03;2024;03;Braga;Vila Nova de Famalicão;ACC;1;03;0312;031213
2024-03;2024;03;Lisboa;Amadora;ACC;1;11;1115;111515
2024-03;2024;03;Setúbal;Palmela;ACC;2;15;1508;150802
2024-03;2024;03;Lisboa;Oeiras;ACC;1;11;1110;111009
2024-03;2024;03;Lisboa;Lisboa;ACC;1;11;1106;110639
2024-03;2024;03;Braga;Guimarães;ACC;1;03;0308;030854
2024-03;2024;03;Braga;Esposende;ACC;2;03;0306;030618
2025-03;2025;03;Coimbra;Figueira da Foz;ACC;1;06;0605;060502
2025-03;2025;03;Braga;Barcelos;ACC;1;03;0302;030208
2025-03;2025;03;Setúbal;Seixal;ACC;2;15;1510;151002
2025-03;2025;03;Évora;Arraiolos;ACC;1;07;0702;070201
2025-03;2025;03;Lisboa;Lisboa;ACC;1;11;1106;110657
2025-03;2025;03;Porto;Gondomar;ACC;3;13;1304;130412
2024-03;2024;03;Braga;Cabeceiras de Basto;ACC;1;03;0304;030421
2024-05;2024;05;Lisboa;Loures;ACC;2;11;1107;110727
2025-05;2025;05;Lisboa;Loures;ACC;2;11;1107;110727
2024-03;2024;03;Lisboa;Loures;ACC;2;11;1107;110727
2024-05;2024;05;Lisboa;Loures;ACC;1;11;1107;110729
2024-03;2024;03;Leiria;Caldas da Rainha;ACC;2;10;1006;100619
2025-05;2025;05;Lisboa;Oeiras;ACC;2;11;1110;111002
2025-05;2025;05;Lisboa;Lisboa;ACC;2;11;1106;110607
2025-03;2025;03;Santarém;Benavente;ACC;1;14;1405;140501
2025-05;2025;05;Lisboa;Lisboa;ACC;1;11;1106;110660
2025-05;2025;05;Castelo Branco;Castelo Branco;ACC;1;05;0502;050211
2025-05;2025;05;Faro;Loulé;ACC;1;08;0808;080808
2025-05;2025;05;Coimbra;Miranda do Corvo;ACC;1;06;0609;060902
2025-05;2025;05;Porto;Vila Nova de Gaia;ACC;1;13;1317;131717
2025-05;2025;05;Portalegre;Castelo de Vide;ACC;1;12;1205;120504
2025-05;2025;05;Porto;Amarante;ACC;1;13;1301;130135
2025-05;2025;05;Viana do Castelo;Monção;ACC;1;16;1604;160431
2025-05;2025;05;Coimbra;Coimbra;ACC;1;06;0603;060336
2025-05;2025;05;Leiria;Pombal;ACC;1;10;1015;101519
2025-05;2025;05;Viseu;Tarouca;ACC;1;18;1820;182013
2025-03;2025;03;Aveiro;Ílhavo;ACC;1;01;0110;011008
2025-03;2025;03;Leiria;Caldas da Rainha;ACC;1;10;1006;100608
2025-03;2025;03;Braga;Braga;ACC;1;03;0303;030331
2025-03;2025;03;Braga;Braga;CER;1;03;0303;030331
2025-03;2025;03;Aveiro;Espinho;ACC;1;01;0107;010704
2025-03;2025;03;Coimbra;Penacova;ACC;1;06;0613;061307
2025-03;2025;03;Santarém;Cartaxo;ACC;1;14;1406;140604
2025-03;2025;03;Braga;Póvoa de Lanhoso;ACC;1;03;0309;030919
2025-03;2025;03;Beja;Aljustrel;ACC;1;02;0201;020104
2025-03;2025;03;Coimbra;Tábua;ACC;2;06;0616;061614
2025-03;2025;03;Lisboa;Alenquer;ACC;1;11;1101;110119
2025-03;2025;03;Guarda;Sabugal;ACC;1;09;0911;091145
2025-03;2025;03;Lisboa;Loures;ACC;2;11;1107;110729
2025-03;2025;03;Setúbal;Setúbal;ACC;2;15;1512;151210
2025-03;2025;03;Faro;Tavira;ACC;1;08;0814;081412
2025-03;2025;03;Santarém;Tomar;ACC;2;14;1418;141821
2024-11;2024;11;Porto;Santo Tirso;ACC;2;13;1314;131437
2025-03;2025;03;Porto;Paços de Ferreira;ACC;3;13;1309;130902
2025-03;2025;03;Porto;Maia;ACC;3;13;1306;130618
2025-03;2025;03;Braga;Fafe;ACC;1;03;0307;030708
2025-03;2025;03;Braga;Fafe;ACC;1;03;0307;030709
2025-03;2025;03;Portalegre;Portalegre;ACC;1;12;1214;121404
2025-03;2025;03;Lisboa;Oeiras;ACC;2;11;1110;111013
2025-03;2025;03;Lisboa;Vila Franca de Xira;ACC;1;11;1114;111414
2025-03;2025;03;Porto;Vila Nova de Gaia;ACC;2;13;1317;131727
2025-03;2025;03;Setúbal;Montijo;ACC;1;15;1507;150710
2025-03;2025;03;Porto;Matosinhos;ACC;1;13;1308;130813
2025-03;2025;03;Porto;Póvoa de Varzim;ACC;1;13;1313;131315
2025-03;2025;03;Braga;Vila Nova de Famalicão;ACC;1;03;0312;031241
2025-03;2025;03;Santarém;Cartaxo;ACC;1;14;1406;140607
2025-03;2025;03;Lisboa;Cadaval;ACC;1;11;1104;110410
2025-03;2025;03;Porto;Vila do Conde;ACC;1;13;1316;131630
2023-09;2023;09;Braga;Braga;ACC;1;03;0303;030371
2024-10;2024;10;Aveiro;Oliveira de Azeméis;ACC;2;01;0113;011321
2024-10;2024;10;Porto;Santo Tirso;ACC;2;13;1314;131437
2023-09;2023;09;Bragança;Miranda do douro;ACC;1;04;0406;040608
2023-09;2023;09;Porto;Valongo;ACC;1;13;1315;131503
2024-09;2024;09;Aveiro;Aveiro;ACC;1;01;0105;010505
2024-09;2024;09;Porto;Paços de Ferreira;ACC;2;13;1309;130917
2024-09;2024;09;Braga;Guimarães;ACC;1;03;0308;030832
2024-09;2024;09;Aveiro;Espinho;ACC;1;01;0107;010704
2024-09;2024;09;Coimbra;Penacova;ACC;1;06;0613;061307
2024-09;2024;09;Viseu;Viseu;ACC;2;18;1823;182323
2024-09;2024;09;Porto;Penafiel;ACC;2;13;1311;131129
2024-09;2024;09;Braga;Guimarães;ACC;1;03;0308;030858
2024-09;2024;09;Aveiro;Santa Maria da Feira;ACC;1;01;0109;010925
2024-09;2024;09;Coimbra;Coimbra;ACC;2;06;0603;060318
2024-09;2024;09;Braga;Braga;ACC;1;03;0303;030354
2024-09;2024;09;Porto;Porto;ACC;1;13;1312;131216
2024-09;2024;09;Lisboa;Oeiras;ACC;2;11;1110;111013
2024-09;2024;09;Leiria;Figueiró dos Vinhos;ACC;1;10;1008;100806
2024-09;2024;09;Setúbal;Grândola;ACC;1;15;1505;150506
2024-09;2024;09;Bragança;Bragança;ACC;1;04;0402;040252
2024-10;2024;10;Lisboa;Sintra;ACC;1;11;1111;111128
2023-10;2023;10;Santarém;Tomar;ACC;1;14;1418;141821
2024-09;2024;09;Aveiro;Santa Maria da Feira;ACC;1;01;0109;010914
2024-09;2024;09;Braga;Braga;ACC;1;03;0303;030367
2024-09;2024;09;Lisboa;Sintra;ACC;1;11;1111;111128
2024-09;2024;09;Faro;Tavira;ACC;1;08;0814;081412
2024-09;2024;09;Setúbal;Barreiro;ACC;1;15;1504;150409
2024-09;2024;09;Bragança;Bragança;ACC;1;04;0402;040257
2024-09;2024;09;Braga;Barcelos;ACC;1;03;0302;0302FH
2024-09;2024;09;Porto;Paredes;ACC;1;13;1310;131024
2026-08;2026;08;Braga;Braga;ACC;9;03;0303;030301
2026-08;2026;08;Porto;Maia;ACC;2;13;1306;130601
2026-08;2026;08;Porto;Felgueiras;ACC;1;13;1303;130302
2026-08;2026;08;Aveiro;Albergaria-a-Velha;ACC;1;01;0102;010203
2026-08;2026;08;Braga;Barcelos;ACC;3;03;0302;030209
2026-08;2026;08;Braga;Barcelos;ACC;1;03;0302;030216
2026-08;2026;08;Braga;Barcelos;ACC;1;03;0302;030243
2026-08;2026;08;Braga;Barcelos;ACC;1;03;0302;030244
2026-08;2026;08;Porto;Penafiel;ACC;1;13;1311;131113
2026-08;2026;08;Porto;Penafiel;ACC;1;13;1311;131140
2026-08;2026;08;Porto;Maia;CER;1;13;1306;130619
2026-08;2026;08;Viseu;Viseu;ACC;1;18;1823;182304
2026-08;2026;08;Viseu;Viseu;ACC;1;18;1823;182315
2026-08;2026;08;Lisboa;Torres Vedras;ACC;1;11;1113;111328
2026-08;2026;08;Lisboa;Amadora;ACC;4;11;1115;111512
2026-08;2026;08;Lisboa;Amadora;ACC;3;11;1115;111515
2026-08;2026;08;Setúbal;Alcácer do Sal;ACC;2;15;1501;150106
2026-08;2026;08;Castelo Branco;Castelo Branco;ACC;4;05;0502;050203
2026-08;2026;08;Braga;Guimarães;ACC;2;03;0308;030808
2026-08;2026;08;Braga;Guimarães;ACC;1;03;0308;030812
2026-08;2026;08;Braga;Guimarães;ACC;2;03;0308;030815
2026-08;2026;08;Braga;Guimarães;ACC;1;03;0308;030820
2026-08;2026;08;Braga;Guimarães;ACC;1;03;0308;030823
2026-08;2026;08;Braga;Guimarães;ACC;3;03;0308;030832
2026-08;2026;08;Braga;Esposende;ACC;1;03;0306;030621
2026-08;2026;08;Braga;Vieira do Minho;ACC;1;03;0311;031107
2026-08;2026;08;Braga;Vila Verde;ACC;2;03;0313;031317
2026-08;2026;08;Porto;Valongo;CER;1;13;1315;131501
2026-08;2026;08;Porto;Valongo;ACC;7;13;1315;131503
2026-08;2026;08;Porto;Marco de Canaveses;ACC;1;13;1307;130734
2026-08;2026;08;Porto;Marco de Canaveses;ACC;3;13;1307;130705
2026-08;2026;08;Porto;Póvoa de Varzim;ACC;1;13;1313;131317
2026-08;2026;08;Porto;Póvoa de Varzim;ACC;2;13;1313;131319
2026-08;2026;08;Porto;Vila Nova de Gaia;ACC;2;13;1317;131701
2026-08;2026;08;Porto;Vila Nova de Gaia;ACC;3;13;1317;131702
2026-08;2026;08;Porto;Vila Nova de Gaia;ACC;7;13;1317;131703
2026-08;2026;08;Porto;Vila Nova de Gaia;ACC;1;13;1317;131737
2026-08;2026;08;Porto;Vila do Conde;ACC;1;13;1316;131607
2026-08;2026;08;Porto;Vila do Conde;ACC;1;13;1316;131610
2026-08;2026;08;Porto;Vila do Conde;ACC;2;13;1316;131611
2026-08;2026;08;Porto;Vila do Conde;ACC;2;13;1316;131616
2026-08;2026;08;Porto;Paredes;ACC;2;13;1310;131002
2026-08;2026;08;Porto;Paredes;CER;1;13;1310;131003
2026-08;2026;08;Porto;Paredes;ACC;2;13;1310;131004
2026-08;2026;08;Porto;Paredes;ACC;2;13;1310;131008
2026-08;2026;08;Porto;Paredes;ACC;1;13;1310;131010
2026-08;2026;08;Porto;Paredes;ACC;1;13;1310;131017
2026-08;2026;08;Porto;Gondomar;ACC;5;13;1304;130412
2026-08;2026;08;Porto;Porto;CER;1;13;1312;131203
2026-08;2026;08;Porto;Porto;CER;1;13;1312;131210
2026-08;2026;08;Porto;Lousada;ACC;3;13;1305;130513
2026-08;2026;08;Porto;Lousada;ACC;1;13;1305;130515
2026-08;2026;08;Porto;Paços de Ferreira;ACC;1;13;1309;130904
2026-08;2026;08;Porto;Paços de Ferreira;ACC;3;13;1309;130925
2026-08;2026;08;Porto;Matosinhos;ACC;1;13;1308;130819
2026-08;2026;08;Porto;Matosinhos;ACC;1;13;1308;130820
2026-08;2026;08;Porto;Amarante;ACC;1;13;1301;130119
2026-08;2026;08;Viseu;Nelas;ACC;1;18;1809;180903
2026-08;2026;08;Viseu;Carregal do Sal;ACC;1;18;1802;180204
2026-08;2026;08;Lisboa;Lisboa;ACC;1;11;1106;110656
2026-08;2026;08;Lisboa;Lisboa;ACC;2;11;1106;110657
2026-08;2026;08;Lisboa;Lisboa;ACC;3;11;1106;110607
2026-08;2026;08;Lisboa;Lisboa;ACC;4;11;1106;110658
2026-08;2026;08;Lisboa;Lisboa;ACC;2;11;1106;110610
2026-08;2026;08;Lisboa;Lisboa;CER;1;11;1106;110618
2026-08;2026;08;Lisboa;Azambuja;ACC;2;11;1103;110304
2026-08;2026;08;Lisboa;Mafra;ACC;5;11;1109;110909
2026-08;2026;08;Lisboa;Mafra;ACC;3;11;1109;110911
2026-08;2026;08;Aveiro;Arouca;ACC;1;01;0104;010402
2026-08;2026;08;Aveiro;Santa Maria da Feira;ACC;2;01;0109;010908
2026-08;2026;08;Aveiro;Santa Maria da Feira;ACC;1;01;0109;010913
2026-08;2026;08;Aveiro;Santa Maria da Feira;ACC;1;01;0109;010943
2026-08;2026;08;Aveiro;Estarreja;ACC;1;01;0108;010810
2026-08;2026;08;Aveiro;Castelo de Paiva;ACC;2;01;0106;010612
2026-08;2026;08;Aveiro;Murtosa;ACC;3;01;0112;011201
2026-08;2026;08;Aveiro;Oliveira de Azeméis;ACC;2;01;0113;011301
2026-08;2026;08;Aveiro;Oliveira de Azeméis;ACC;2;01;0113;011323
2026-08;2026;08;Aveiro;Ovar;ACC;2;01;0115;011511
2026-08;2026;08;Aveiro;Sever do Vouga;ACC;1;01;0117;011713
2026-08;2026;08;Aveiro;Ílhavo;ACC;2;01;0110;011005
2026-08;2026;08;Aveiro;Ílhavo;ACC;3;01;0110;011008
2026-08;2026;08;Aveiro;Vale de Cambra;ACC;1;01;0119;011905
2026-08;2026;08;Aveiro;Oliveira do Bairro;ACC;1;01;0114;011404
2026-08;2026;08;Santarém;Santarém;ACC;1;14;1416;141614
2026-08;2026;08;Santarém;Rio Maior;ACC;2;14;1414;141405
2026-08;2026;08;Santarém;Almeirim;ACC;6;14;1403;140301
2026-08;2026;08;Santarém;Almeirim;ACC;1;14;1403;140302
2026-08;2026;08;Santarém;Torres Novas;ACC;1;14;1419;141902
2026-08;2026;08;Santarém;Torres Novas;ACC;1;14;1419;141917
2026-08;2026;08;Santarém;Ourém;ACC;3;14;1421;142102
2026-08;2026;08;Santarém;Ourém;ACC;2;14;1421;142104
2026-08;2026;08;Santarém;Abrantes;ACC;1;14;1401;140104
2026-08;2026;08;Santarém;Benavente;ACC;2;14;1405;140501
2026-08;2026;08;Santarém;Alcanena;ACC;1;14;1402;140202
2026-08;2026;08;Santarém;Alcanena;ACC;1;14;1402;140206
2026-08;2026;08;Santarém;Mação;ACC;1;14;1413;141305
2026-08;2026;08;Santarém;Salvaterra de Magos;ACC;1;14;1415;141509
2026-08;2026;08;Santarém;Salvaterra de Magos;ACC;4;14;1415;141502
2026-08;2026;08;Leiria;Alcobaça;ACC;1;10;1001;100120
2026-08;2026;08;Leiria;Alcobaça;ACC;2;10;1001;100108
2026-08;2026;08;Leiria;Alvaiázere;ACC;1;10;1002;100208
2026-08;2026;08;Leiria;Caldas da Rainha;ACC;1;10;1006;100602
2026-08;2026;08;Leiria;Leiria;ACC;2;10;1009;100925
2026-08;2026;08;Leiria;Leiria;ACC;5;10;1009;100913
2026-08;2026;08;Leiria;Ansião;ACC;1;10;1003;100309
2026-08;2026;08;Leiria;Peniche;ACC;3;10;1014;101402
2026-08;2026;08;Leiria;Marinha Grande;ACC;9;10;1010;101001
2026-08;2026;08;Leiria;Porto de Mós;ACC;1;10;1016;101608
2026-08;2026;08;Faro;Silves;ACC;1;08;0813;081303
2026-08;2026;08;Faro;Silves;ACC;1;08;0813;081313
2026-08;2026;08;Faro;Aljezur;ACC;2;08;0803;080301
2026-08;2026;08;Faro;Loulé;ACC;6;08;0808;080801
2026-08;2026;08;Faro;Loulé;ACC;2;08;0808;080809
2026-08;2026;08;Faro;Castro Marim;ACC;1;08;0804;080404
2026-08;2026;08;Faro;Tavira;ACC;1;08;0814;081415
2026-08;2026;08;Faro;Olhão;ACC;2;08;0810;081004
2026-08;2026;08;Setúbal;Moita;ACC;4;15;1506;150601
2026-08;2026;08;Setúbal;Moita;ACC;5;15;1506;150603
2026-08;2026;08;Setúbal;Seixal;ACC;4;15;1510;151009
2026-08;2026;08;Setúbal;Grândola;ACC;1;15;1505;150505
2026-08;2026;08;Setúbal;Palmela;ACC;5;15;1508;150803
2026-08;2026;08;Évora;Arraiolos;ACC;1;07;0702;070202
2026-08;2026;08;Évora;Évora;ACC;1;07;0705;070515
2026-08;2026;08;Évora;Évora;ACC;1;07;0705;070503
2026-08;2026;08;Évora;Mourão;ACC;1;07;0708;070801
2026-08;2026;08;Évora;Mora;ACC;2;07;0707;070703
2026-08;2026;08;Évora;Vila Viçosa;ACC;2;07;0714;071406
2026-08;2026;08;Castelo Branco;Fundão;ACC;1;05;0504;050402
2026-08;2026;08;Guarda;Guarda;ACC;1;09;0907;090711
2026-08;2026;08;Guarda;Figueira de Castelo Rodrigo;ACC;1;09;0904;090408
2026-08;2026;08;Guarda;Fornos de Algodres;ACC;1;09;0905;090505
2026-08;2026;08;Guarda;Gouveia;ACC;1;09;0906;090625
2026-08;2026;08;Beja;Almodôvar;ACC;1;02;0202;020211
2026-08;2026;08;Beja;Beja;ACC;2;02;0205;020506
2026-08;2026;08;Beja;Mértola;ACC;1;02;0209;020904
2026-08;2026;08;Beja;Serpa;ACC;1;02;0213;021303
2026-08;2026;08;Portalegre;Alter do Chão;ACC;1;12;1201;120104
2026-08;2026;08;Portalegre;Elvas;ACC;1;12;1207;120712
2026-08;2026;08;Portalegre;Avis;ACC;2;12;1203;120303
2026-08;2026;08;Portalegre;Ponte de Sor;ACC;1;12;1213;121304
2026-08;2026;08;Portalegre;Portalegre;ACC;1;12;1214;121404
2026-08;2026;08;Coimbra;Figueira da Foz;ACC;1;06;0605;060522
2026-08;2026;08;Coimbra;Figueira da Foz;ACC;1;06;0605;060507
2026-08;2026;08;Coimbra;Góis;ACC;1;06;0606;060601
2026-08;2026;08;Coimbra;Penacova;ACC;2;06;0613;061304
2026-08;2026;08;Coimbra;Mira;ACC;2;06;0608;060801
2026-08;2026;08;Viana do Castelo;Ponte de Lima;ACC;1;16;1607;160701
2026-08;2026;08;Viana do Castelo;Ponte de Lima;ACC;2;16;1607;160704
2026-08;2026;08;Viana do Castelo;Ponte de Lima;ACC;1;16;1607;160713
2026-08;2026;08;Viana do Castelo;Viana do Castelo;ACC;1;16;1609;160910
2026-08;2026;08;Viana do Castelo;Valença;ACC;1;16;1608;160805
2026-08;2026;08;Vila Real;Mondim de Basto;ACC;1;17;1705;170501
2026-08;2026;08;Vila Real;Boticas;ACC;1;17;1702;170219
2026-08;2026;08;Vila Real;Vila Pouca de Aguiar;ACC;2;17;1713;171303
2026-08;2026;08;Vila Real;Valpaços;ACC;1;17;1712;171232
2026-08;2026;08;Bragança;Torre de Moncorvo;ACC;1;04;0409;040905
2026-08;2026;08;Bragança;Mogadouro;ACC;1;04;0408;040812
2026-08;2026;08;Vila Real;Alijó;ACC;1;17;1701;170109
2026-08;2026;08;Vila Real;Vila Pouca de Aguiar;ACC;1;17;1713;171317
2026-08;2026;08;Vila Real;Vila Pouca de Aguiar;ACC;1;17;1713;171310
2026-08;2026;08;Vila Real;Sabrosa;ACC;1;17;1710;171017
2026-08;2026;08;Braga;Guimarães;ACC;4;03;0308;0308FA
2026-08;2026;08;Braga;Guimarães;ACC;1;03;0308;030868
2026-08;2026;08;Braga;Guimarães;ACC;1;03;0308;030879
2026-08;2026;08;Braga;Guimarães;ACC;1;03;0308;030886
2026-08;2026;08;Braga;Guimarães;ACC;1;03;0308;030887
2026-08;2026;08;Braga;Vila Verde;ACC;1;03;0313;031337
2026-08;2026;08;Braga;Vila Verde;ACC;2;03;0313;031352
2026-08;2026;08;Braga;Vila Verde;ACC;1;03;0313;031354
2026-08;2026;08;Braga;Vila Verde;ACC;1;03;0313;031366
2026-08;2026;08;Braga;Vila Verde;ACC;3;03;0313;031342
2026-08;2026;08;Braga;Barcelos;ACC;1;03;0302;030277
2026-08;2026;08;Braga;Barcelos;ACC;1;03;0302;030299
2026-08;2026;08;Braga;Barcelos;ACC;2;03;0302;030283
2026-08;2026;08;Braga;Barcelos;ACC;2;03;0302;0302FM
2026-08;2026;08;Braga;Fafe;ACC;1;03;0307;030728
2026-08;2026;08;Braga;Cabeceiras de Basto;ACC;1;03;0304;030424
2026-08;2026;08;Braga;Vila Nova de Famalicão;ACC;5;03;0312;031235
2026-08;2026;08;Braga;Vila Nova de Famalicão;ACC;7;03;0312;031260
2026-08;2026;08;Braga;Vila Nova de Famalicão;ACC;2;03;0312;031241
2026-08;2026;08;Braga;Braga;ACC;1;03;0303;030365
2026-08;2026;08;Braga;Braga;ACC;4;03;0303;030379
2026-08;2026;08;Braga;Braga;ACC;1;03;0303;030380
2026-08;2026;08;Braga;Amares;ACC;2;03;0301;030125
2026-08;2026;08;Braga;Vieira do Minho;ACC;1;03;0311;031123
2026-08;2026;08;Braga;Esposende;ACC;1;03;0306;030619
2026-08;2026;08;Leiria;Pombal;ACC;6;10;1015;101509
2026-08;2026;08;Leiria;Leiria;ACC;1;10;1009;100935
2026-08;2026;08;Leiria;Leiria;ACC;3;10;1009;100937
2026-08;2026;08;Leiria;Leiria;ACC;3;10;1009;100939
2026-08;2026;08;Leiria;Leiria;ACC;3;10;1009;100938
2026-08;2026;08;Leiria;Batalha;ACC;1;10;1004;100402
2026-08;2026;08;Leiria;Caldas da Rainha;ACC;3;10;1006;100618
2026-08;2026;08;Porto;Porto;ACC;7;13;1312;131211
2026-08;2026;08;Porto;Porto;CER;1;13;1312;131211
2026-08;2026;08;Porto;Porto;ACC;2;13;1312;131216
2026-08;2026;08;Porto;Porto;ACC;1;13;1312;131217
2026-08;2026;08;Porto;Porto;ACC;2;13;1312;131218
2026-08;2026;08;Porto;Paredes;ACC;1;13;1310;131020
2026-08;2026;08;Porto;Paredes;CER;1;13;1310;131020
2026-08;2026;08;Porto;Paredes;ACC;3;13;1310;131022
2026-08;2026;08;Porto;Penafiel;ACC;1;13;1311;131134
2026-08;2026;08;Porto;Gondomar;ACC;8;13;1304;130413
2026-08;2026;08;Porto;Gondomar;CER;1;13;1304;130413
2026-08;2026;08;Porto;Gondomar;ACC;4;13;1304;130414
2026-08;2026;08;Porto;Gondomar;CER;1;13;1304;130415
2026-08;2026;08;Porto;Gondomar;ACC;1;13;1304;130416
2026-08;2026;08;Porto;Marco de Canaveses;ACC;1;13;1307;130739
2026-08;2026;08;Porto;Matosinhos;ACC;1;13;1308;130823
2026-08;2026;08;Porto;Vila Nova de Gaia;ACC;8;13;1317;131717
2026-08;2026;08;Porto;Vila Nova de Gaia;ACC;5;13;1317;131745
2026-08;2026;08;Porto;Vila Nova de Gaia;ACC;1;13;1317;131723
2026-08;2026;08;Porto;Valongo;CER;1;13;1315;131508
2026-08;2026;08;Porto;Valongo;ACC;5;13;1315;131505
2026-08;2026;08;Porto;Lousada;ACC;5;13;1305;130528
2026-08;2026;08;Porto;Amarante;ACC;2;13;1301;130142
2026-08;2026;08;Porto;Amarante;ACC;1;13;1301;130138
2026-08;2026;08;Porto;Santo Tirso;ACC;1;13;1314;131436
2026-08;2026;08;Porto;Vila do Conde;CER;1;13;1316;131628
2026-08;2026;08;Portalegre;Sousel;ACC;2;12;1215;121504
2026-08;2026;08;Portalegre;Avis;ACC;2;12;1203;120309
2026-08;2026;08;Portalegre;Portalegre;ACC;1;12;1214;121410
2026-08;2026;08;Lisboa;Torres Vedras;ACC;4;11;1113;111310
2026-08;2026;08;Lisboa;Torres Vedras;ACC;4;11;1113;111314
2026-08;2026;08;Lisboa;Torres Vedras;ACC;2;11;1113;111318
2026-08;2026;08;Lisboa;Sintra;ACC;2;11;1111;111135
2026-08;2026;08;Lisboa;Sintra;ACC;2;11;1111;111122
2026-08;2026;08;Lisboa;Sintra;ACC;2;11;1111;111124
2026-08;2026;08;Lisboa;Lourinhã;ACC;1;11;1108;110814
2026-08;2026;08;Lisboa;Lisboa;ACC;1;11;1106;110665
2026-08;2026;08;Lisboa;Lisboa;ACC;4;11;1106;110639
2026-08;2026;08;Lisboa;Mafra;ACC;1;11;1109;110921
2026-08;2026;08;Lisboa;Cascais;ACC;6;11;1105;110506
2026-08;2026;08;Lisboa;Cascais;ACC;10;11;1105;110508
2026-08;2026;08;Lisboa;Loures;ACC;7;11;1107;110728
2026-08;2026;08;Lisboa;Loures;ACC;6;11;1107;110730
2026-08;2026;08;Lisboa;Loures;ACC;5;11;1107;110729
2026-08;2026;08;Santarém;Tomar;ACC;2;14;1418;141818
2026-08;2026;08;Santarém;Tomar;ACC;2;14;1418;141819
2026-08;2026;08;Santarém;Chamusca;ACC;2;14;1407;140708
2026-08;2026;08;Faro;Silves;ACC;1;08;0813;081307
2026-08;2026;08;Évora;Reguengos de Monsaraz;ACC;4;07;0711;071104
2026-08;2026;08;Évora;Borba;ACC;1;07;0703;070303
2026-08;2026;08;Évora;Évora;ACC;1;07;0705;070522
2026-08;2026;08;Évora;Évora;ACC;16;07;0705;070524
2026-08;2026;08;Évora;Évora;ACC;1;07;0705;070526
2026-08;2026;08;Beja;Beja;ACC;8;02;0205;020520
2026-08;2026;08;Beja;Beja;ACC;3;02;0205;020521
2026-08;2026;08;Beja;Mértola;ACC;1;02;0209;020905
2026-08;2026;08;Beja;Aljustrel;ACC;1;02;0201;020104
2026-08;2026;08;Coimbra;Mira;ACC;2;06;0608;060804
2026-08;2026;08;Coimbra;Figueira da Foz;ACC;1;06;0605;060524
2026-08;2026;08;Coimbra;Coimbra;ACC;5;06;0603;060318
2026-08;2026;08;Coimbra;Coimbra;ACC;5;06;0603;060336
2026-08;2026;08;Coimbra;Coimbra;ACC;2;06;0603;060338
2026-08;2026;08;Coimbra;Coimbra;ACC;1;06;0603;060340
2026-08;2026;08;Coimbra;Coimbra;ACC;1;06;0603;060341
2026-08;2026;08;Coimbra;Tábua;ACC;3;06;0616;061614
2026-08;2026;08;Coimbra;Oliveira do Hospital;ACC;3;06;0611;061124
2026-08;2026;08;Viana do Castelo;Viana do Castelo;ACC;3;16;1609;160928
2026-08;2026;08;Viana do Castelo;Viana do Castelo;ACC;3;16;1609;160923
2026-08;2026;08;Viana do Castelo;Viana do Castelo;ACC;1;16;1609;160943
2026-08;2026;08;Viana do Castelo;Viana do Castelo;ACC;1;16;1609;160938
2026-08;2026;08;Viana do Castelo;Viana do Castelo;ACC;1;16;1609;160935
2026-08;2026;08;Viana do Castelo;Valença;ACC;2;16;1608;160812
2026-08;2026;08;Viana do Castelo;Vila Nova de Cerveira;ACC;3;16;1610;161019
2026-08;2026;08;Setúbal;Palmela;ACC;3;15;1508;150804
2026-08;2026;08;Setúbal;Setúbal;ACC;4;15;1512;151205
2026-08;2026;08;Setúbal;Setúbal;ACC;6;15;1512;151209
2026-08;2026;08;Setúbal;Alcácer do Sal;ACC;1;15;1501;150104
2026-08;2026;08;Setúbal;Santiago do Cacém;ACC;1;15;1509;150907
2026-08;2026;08;Setúbal;Santiago do Cacém;ACC;2;15;1509;150912
2026-08;2026;08;Setúbal;Almada;ACC;11;15;1503;150314
2026-08;2026;08;Setúbal;Almada;ACC;7;15;1503;150315
2026-08;2026;08;Viseu;Viseu;ACC;1;18;1823;182339
2026-08;2026;08;Viseu;Viseu;ACC;1;18;1823;182338
2026-08;2026;08;Viseu;Tarouca;ACC;1;18;1820;182016
2026-08;2026;08;Viseu;Vouzela;ACC;3;18;1824;182415
2026-08;2026;08;Viseu;Mangualde;ACC;2;18;1806;180619
2026-08;2026;08;Viseu;São Pedro do Sul;ACC;1;18;1816;181623
2026-08;2026;08;Viseu;São João da Pesqueira;ACC;1;18;1815;181515
2026-08;2026;08;Viseu;São João da Pesqueira;ACC;1;18;1815;181516
2026-08;2026;08;Aveiro;Aveiro;ACC;2;01;0105;010516
2026-08;2026;08;Aveiro;Aveiro;ACC;1;01;0105;010517
2026-08;2026;08;Aveiro;Santa Maria da Feira;ACC;1;01;0109;010924
2026-08;2026;08;Aveiro;Santa Maria da Feira;ACC;4;01;0109;010926
2026-08;2026;08;Aveiro;Santa Maria da Feira;ACC;3;01;0109;010918
2026-07;2026;07;Braga;Vila Nova de Famalicão;ACC;2;03;0312;031261
2026-07;2026;07;Braga;Vila Nova de Famalicão;ACC;1;03;0312;031219
2026-07;2026;07;Braga;Barcelos;ACC;1;03;0302;030208
2026-07;2026;07;Braga;Barcelos;ACC;1;03;0302;030212
2026-07;2026;07;Braga;Barcelos;ACC;1;03;0302;030213
2026-07;2026;07;Braga;Barcelos;ACC;1;03;0302;030216
2026-07;2026;07;Braga;Barcelos;ACC;1;03;0302;030220
2026-07;2026;07;Braga;Barcelos;ACC;1;03;0302;030237
2026-07;2026;07;Braga;Barcelos;ACC;1;03;0302;030243
2026-07;2026;07;Porto;Paredes;ACC;2;13;1310;131004
2026-07;2026;07;Braga;Cabeceiras de Basto;ACC;1;03;0304;030413
2026-07;2026;07;Porto;Penafiel;ACC;1;13;1311;131108
2026-07;2026;07;Porto;Penafiel;ACC;2;13;1311;131141
2026-07;2026;07;Porto;Penafiel;ACC;2;13;1311;131125
2026-07;2026;07;Braga;Braga;ACC;2;03;0303;030315
2026-07;2026;07;Lisboa;Torres Vedras;ACC;1;11;1113;111328
2026-07;2026;07;Aveiro;Águeda;ACC;1;01;0101;010103
2026-07;2026;07;Aveiro;Águeda;ACC;1;01;0101;010133
2026-07;2026;07;Aveiro;Águeda;ACC;1;01;0101;010112
2026-07;2026;07;Porto;Santo Tirso;ACC;1;13;1314;131402
2026-07;2026;07;Santarém;Ferreira do Zêzere;ACC;1;14;1411;141107
2026-07;2026;07;Lisboa;Amadora;ACC;1;11;1115;111513
2026-07;2026;07;Lisboa;Amadora;ACC;4;11;1115;111512
2026-07;2026;07;Lisboa;Amadora;ACC;3;11;1115;111515
2026-07;2026;07;Lisboa;Amadora;ACC;3;11;1115;111516
2026-07;2026;07;Porto;Maia;ACC;2;13;1306;130601
2026-07;2026;07;Porto;Maia;ACC;11;13;1306;130618
2026-07;2026;07;Porto;Maia;ACC;1;13;1306;130603
2026-07;2026;07;Aveiro;Albergaria-a-Velha;ACC;3;01;0102;010209
2026-07;2026;07;Aveiro;Albergaria-a-Velha;ACC;1;01;0102;010203
2026-07;2026;07;Leiria;Pombal;ACC;1;10;1015;101520
2026-07;2026;07;Leiria;Pombal;ACC;1;10;1015;101505
2026-07;2026;07;Leiria;Pombal;ACC;1;10;1015;101521
2026-07;2026;07;Leiria;Pombal;ACC;2;10;1015;101522
2026-07;2026;07;Faro;Albufeira;ACC;1;08;0801;080104
2026-07;2026;07;Castelo Branco;Castelo Branco;ACC;4;05;0502;050203
2026-07;2026;07;Castelo Branco;Castelo Branco;ACC;1;05;0502;050211
2026-07;2026;07;Santarém;Santarém;ACC;4;14;1416;141604
2026-07;2026;07;Lisboa;Lisboa;ACC;1;11;1106;110660
2026-07;2026;07;Lisboa;Lisboa;ACC;6;11;1106;110618
2026-07;2026;07;Castelo Branco;Fundão;ACC;1;05;0504;050402
2026-07;2026;07;Castelo Branco;Fundão;ACC;1;05;0504;050406
2026-07;2026;07;Santarém;Rio Maior;ACC;1;14;1414;141405
2026-07;2026;07;Braga;Guimarães;ACC;1;03;0308;030820
2026-07;2026;07;Braga;Guimarães;ACC;1;03;0308;030823
2026-07;2026;07;Braga;Guimarães;ACC;1;03;0308;030831
2026-07;2026;07;Braga;Guimarães;ACC;3;03;0308;030832
2026-07;2026;07;Guarda;Guarda;ACC;1;09;0907;090703
2026-07;2026;07;Leiria;Alcobaça;ACC;1;10;1001;100102
2026-07;2026;07;Leiria;Alcobaça;ACC;1;10;1001;100105
2026-07;2026;07;Porto;Valongo;CER;1;13;1315;131501
2026-07;2026;07;Porto;Valongo;CER;1;13;1315;131503
2026-07;2026;07;Faro;Silves;ACC;1;08;0813;081313
2026-07;2026;07;Lisboa;Sintra;ACC;9;11;1111;111102
2026-07;2026;07;Lisboa;Sintra;ACC;2;11;1111;111115
2026-07;2026;07;Setúbal;Moita;ACC;4;15;1506;150601
2026-07;2026;07;Faro;Aljezur;ACC;2;08;0803;080301
2026-07;2026;07;Faro;Aljezur;ACC;1;08;0803;080302
2026-07;2026;07;Faro;Loulé;ACC;6;08;0808;080801
2026-07;2026;07;Porto;Marco de Canaveses;ACC;1;13;1307;130732
2026-07;2026;07;Porto;Marco de Canaveses;ACC;1;13;1307;130743
2026-07;2026;07;Coimbra;Figueira da Foz;ACC;2;06;0605;060502
2026-07;2026;07;Coimbra;Figueira da Foz;ACC;1;06;0605;060522
2026-07;2026;07;Coimbra;Figueira da Foz;ACC;1;06;0605;060507
2026-07;2026;07;Portalegre;Alter do Chão;ACC;1;12;1201;120101
2026-07;2026;07;Portalegre;Alter do Chão;ACC;1;12;1201;120104
2026-07;2026;07;Faro;Portimão;ACC;1;08;0811;081101
2026-07;2026;07;Faro;Portimão;ACC;1;08;0811;081102
2026-07;2026;07;Leiria;Leiria;ACC;2;10;1009;100902
2026-07;2026;07;Leiria;Leiria;ACC;3;10;1009;100907
2026-07;2026;07;Leiria;Leiria;ACC;4;10;1009;100942
2026-07;2026;07;Setúbal;Seixal;ACC;10;15;1510;151002
2026-07;2026;07;Setúbal;Seixal;ACC;9;15;1510;151008
2026-07;2026;07;Porto;Póvoa de Varzim;ACC;1;13;1313;131318
2026-07;2026;07;Porto;Póvoa de Varzim;ACC;2;13;1313;131319
2026-07;2026;07;Viana do Castelo;Ponte de Lima;ACC;1;16;1607;160721
2026-07;2026;07;Coimbra;Cantanhede;ACC;2;06;0602;060207
2026-07;2026;07;Leiria;Ansião;ACC;1;10;1003;100309
2026-07;2026;07;Braga;Esposende;ACC;1;03;0306;030624
2026-07;2026;07;Braga;Esposende;ACC;1;03;0306;030625
2026-07;2026;07;Braga;Esposende;ACC;1;03;0306;030608
2026-07;2026;07;Porto;Vila Nova de Gaia;ACC;2;13;1317;131701
2026-07;2026;07;Porto;Vila Nova de Gaia;ACC;2;13;1317;131704
2026-07;2026;07;Porto;Vila Nova de Gaia;ACC;1;13;1317;131737
2026-07;2026;07;Viseu;Moimenta da Beira;ACC;1;18;1807;180710
2026-07;2026;07;Aveiro;Santa Maria da Feira;ACC;1;01;0109;010908
2026-07;2026;07;Aveiro;Santa Maria da Feira;ACC;2;01;0109;010916
2026-07;2026;07;Aveiro;Santa Maria da Feira;ACC;4;01;0109;010919
2026-07;2026;07;Braga;Fafe;ACC;4;03;0307;030709
2026-07;2026;07;Évora;Arraiolos;ACC;3;07;0702;070201
2026-07;2026;07;Lisboa;Arruda dos Vinhos;ACC;4;11;1102;110202
2026-07;2026;07;Porto;Vila do Conde;ACC;2;13;1316;131603
2026-07;2026;07;Porto;Vila do Conde;ACC;1;13;1316;131610
2026-07;2026;07;Porto;Vila do Conde;ACC;2;13;1316;131611
2026-07;2026;07;Santarém;Ourém;ACC;6;14;1421;142106
2026-07;2026;07;Santarém;Ourém;ACC;6;14;1421;142115
2026-07;2026;07;Santarém;Ourém;ACC;2;14;1421;142111
2026-07;2026;07;Aveiro;Estarreja;ACC;3;01;0108;010801
2026-07;2026;07;Lisboa;Azambuja;ACC;2;11;1103;110304
2026-07;2026;07;Porto;Gondomar;ACC;5;13;1304;130412
2026-07;2026;07;Leiria;Batalha;ACC;2;10;1004;100401
2026-07;2026;07;Vila Real;Boticas;ACC;1;17;1702;170219
2026-07;2026;07;Beja;Odemira;ACC;2;02;0211;021116
2026-07;2026;07;Coimbra;Oliveira do Hospital;ACC;1;06;0611;061111
2026-07;2026;07;Porto;Porto;CER;1;13;1312;131202
2026-07;2026;07;Porto;Porto;ACC;3;13;1312;131203
2026-07;2026;07;Porto;Porto;ACC;3;13;1312;131210
2026-07;2026;07;Évora;Borba;ACC;1;07;0703;070301
2026-07;2026;07;Lisboa;Loures;ACC;1;11;1107;110708
2026-07;2026;07;Porto;Lousada;ACC;1;13;1305;130510
2026-08;2026;08;Aveiro;Santa Maria da Feira;ACC;2;01;0109;010947
2026-08;2026;08;Aveiro;Anadia;ACC;2;01;0103;010309
2026-08;2026;08;Aveiro;Vagos;ACC;1;01;0118;011810
2026-08;2026;08;Aveiro;Vagos;ACC;1;01;0118;011820
2026-08;2026;08;Aveiro;Vale de Cambra;ACC;3;01;0119;011902
2026-08;2026;08;Aveiro;Oliveira de Azeméis;ACC;3;01;0113;011319
2026-08;2026;08;Aveiro;Sever do Vouga;ACC;1;01;0117;011708
2026-08;2026;08;Aveiro;Espinho;ACC;1;01;0107;010705
2026-08;2026;08;Aveiro;Arouca;ACC;3;01;0104;010421
2026-08;2026;08;Castelo Branco;Castelo Branco;ACC;1;05;0502;050222
2026-08;2026;08;Castelo Branco;Castelo Branco;ACC;1;05;0502;050237
2026-08;2026;08;Castelo Branco;Covilhã;ACC;4;05;0503;050335
2026-08;2026;08;Bragança;Bragança;ACC;1;04;0402;040240
2026-08;2026;08;Bragança;Mogadouro;ACC;4;04;0408;040830
2026-08;2026;08;Guarda;Sabugal;ACC;1;09;0911;091145
2026-08;2026;08;Guarda;Aguiar da Beira;ACC;1;09;0901;090114
2026-08;2026;08;Guarda;Trancoso;ACC;1;09;0913;091332
2026-08;2026;08;Vila Real;Chaves;ACC;3;17;1703;170354
2026-08;2026;08;Vila Real;Peso da Régua;ACC;1;17;1708;170815
2026-08;2026;08;Vila Real;Mesão Frio;ACC;1;17;1704;170407
2026-08;2026;08;Braga;Póvoa de Lanhoso;ACC;1;03;0309;030922
2026-08;2026;08;Braga;Póvoa de Lanhoso;ACC;1;03;0309;030931
2026-08;2026;08;Leiria;Bombarral;ACC;1;10;1005;100506
2026-08;2026;08;Leiria;Figueiró dos Vinhos;ACC;5;10;1008;100806
2026-08;2026;08;Leiria;Nazaré;ACC;2;10;1011;101103
2026-08;2026;08;Lisboa;Sobral de Monte Agraço;ACC;1;11;1112;111203
2026-08;2026;08;Lisboa;Alenquer;ACC;3;11;1101;110117
2026-08;2026;08;Lisboa;Alenquer;ACC;5;11;1101;110119
2026-08;2026;08;Lisboa;Alenquer;ACC;6;11;1101;110120
2026-08;2026;08;Lisboa;Vila Franca de Xira;ACC;2;11;1114;111414
2026-08;2026;08;Lisboa;Odivelas;ACC;6;11;1116;111610
2026-08;2026;08;Santarém;Cartaxo;ACC;2;14;1406;140607
2026-08;2026;08;Santarém;Sardoal;ACC;1;14;1417;141703
2026-08;2026;08;Faro;Lagoa;ACC;1;08;0806;080604
2026-08;2026;08;Évora;Portel;ACC;1;07;0709;070905
2026-08;2026;08;Évora;Alandroal;ACC;1;07;0701;070103
2026-08;2026;08;Beja;Moura;ACC;1;02;0210;021002
2026-08;2026;08;Coimbra;Vila Nova de Poiares;ACC;1;06;0617;061704
2026-08;2026;08;Coimbra;Arganil;ACC;1;06;0601;060121
2026-08;2026;08;Coimbra;Condeixa-a-Nova;ACC;4;06;0604;060411
2026-08;2026;08;Viana do Castelo;Arcos de Valdevez;ACC;1;16;1601;160154
2026-08;2026;08;Viana do Castelo;Arcos de Valdevez;ACC;1;16;1601;160149
2026-08;2026;08;Setúbal;Sesimbra;ACC;6;15;1511;151103
2026-08;2026;08;Setúbal;Barreiro;ACC;3;15;1504;150410
2026-08;2026;08;Setúbal;Barreiro;ACC;3;15;1504;150409
2026-08;2026;08;Setúbal;Montijo;ACC;2;15;1507;150709
2026-08;2026;08;Setúbal;Sines;ACC;3;15;1513;151301
2026-08;2026;08;Viseu;Sátão;ACC;1;18;1817;181711
2026-08;2026;08;Viseu;Mortágua;ACC;1;18;1808;180808
2026-08;2026;08;Aveiro;São João da Madeira;ACC;3;01;0116;011601
2026-08;2026;08;Castelo Branco;Idanha-a-Nova;ACC;1;05;0505;050514
2026-08;2026;08;Castelo Branco;Sertã;ACC;3;05;0509;050912
2026-08;2026;08;Porto;Paredes;ACC;2;13;1310;131024
2026-07;2026;07;Braga;Fafe;ACC;1;03;0307;030708
2026-07;2026;07;Porto;Lousada;ACC;4;13;1305;130534
2026-07;2026;07;Viseu;Nelas;ACC;1;18;1809;180903
2026-07;2026;07;Santarém;Mação;ACC;1;14;1413;141303
2026-07;2026;07;Aveiro;Oliveira de Azeméis;ACC;2;01;0113;011303
2026-07;2026;07;Aveiro;Oliveira de Azeméis;ACC;1;01;0113;011323
2026-07;2026;07;Setúbal;Grândola;ACC;1;15;1505;150505
2026-07;2026;07;Porto;Paços de Ferreira;ACC;8;13;1309;130902
2026-07;2026;07;Porto;Paços de Ferreira;ACC;3;13;1309;130910
2026-07;2026;07;Porto;Paços de Ferreira;ACC;1;13;1309;130924
2026-07;2026;07;Porto;Paços de Ferreira;ACC;2;13;1309;130913
2026-07;2026;07;Bragança;Torre de Moncorvo;ACC;1;04;0409;040905
2026-07;2026;07;Lisboa;Mafra;ACC;1;11;1109;110902
2026-07;2026;07;Lisboa;Mafra;ACC;5;11;1109;110909
2026-07;2026;07;Setúbal;Santiago do Cacém;ACC;1;15;1509;150903
2026-07;2026;07;Coimbra;Coimbra;ACC;1;06;0603;060312
2026-07;2026;07;Faro;Faro;ACC;1;08;0805;080506
2026-07;2026;07;Aveiro;Ovar;ACC;1;01;0115;011503
2026-07;2026;07;Aveiro;Ovar;ACC;2;01;0115;011511
2026-07;2026;07;Santarém;Coruche;ACC;3;14;1409;140910
2026-07;2026;07;Porto;Matosinhos;ACC;4;13;1308;130815
2026-07;2026;07;Porto;Matosinhos;ACC;1;13;1308;130818
2026-07;2026;07;Porto;Matosinhos;ACC;1;13;1308;130819
2026-07;2026;07;Porto;Matosinhos;ACC;1;13;1308;130820
2026-07;2026;07;Porto;Matosinhos;ACC;4;13;1308;130821
2026-07;2026;07;Viseu;Tarouca;ACC;1;18;1820;182014
2026-07;2026;07;Aveiro;Sever do Vouga;ACC;1;01;0117;011713
2026-07;2026;07;Braga;Vieira do Minho;ACC;1;03;0311;031107
2026-07;2026;07;Guarda;Figueira de Castelo Rodrigo;ACC;1;09;0904;090408
2026-07;2026;07;Vila Real;Vila Real;ACC;1;17;1714;171414
2026-07;2026;07;Portalegre;Ponte de Sor;ACC;2;12;1213;121305
2026-07;2026;07;Braga;Vila Verde;ACC;2;03;0313;031317
2026-07;2026;07;Leiria;Óbidos;ACC;3;10;1012;101208
2026-07;2026;07;Aveiro;Ílhavo;ACC;2;01;0110;011005
2026-07;2026;07;Santarém;Golegã;ACC;1;14;1412;141202
2026-07;2026;07;Viseu;Tondela;ACC;1;18;1821;182108
2026-07;2026;07;Aveiro;Vale de Cambra;ACC;1;01;0119;011905
2026-07;2026;07;Bragança;Macedo de Cavaleiros;ACC;1;04;0405;040518
2026-07;2026;07;Coimbra;Lousã;ACC;1;06;0607;060709
2026-07;2026;07;Faro;Tavira;ACC;1;08;0814;081415
2026-07;2026;07;Leiria;Marinha Grande;ACC;9;10;1010;101001
2026-07;2026;07;Beja;Mértola;ACC;1;02;0209;020904
2026-07;2026;07;Leiria;Porto de Mós;ACC;1;10;1016;101608
2026-07;2026;07;Leiria;Porto de Mós;ACC;1;10;1016;101609
2026-07;2026;07;Faro;Olhão;ACC;2;08;0810;081003
2026-07;2026;07;Vila Real;Murça;ACC;1;17;1707;170705
2026-07;2026;07;Évora;Montemor-o-Novo;ACC;1;07;0706;070616
2026-07;2026;07;Aveiro;Oliveira do Bairro;ACC;4;01;0114;011403
2026-07;2026;07;Viseu;Carregal do Sal;ACC;1;18;1802;180204
2026-07;2026;07;Beja;Ourique;ACC;1;02;0212;021203
2026-07;2026;07;Setúbal;Palmela;ACC;5;15;1508;150803
2026-07;2026;07;Aveiro;Espinho;ACC;1;01;0107;010704
2026-07;2026;07;Guarda;Seia;ACC;1;09;0912;091209
2026-07;2026;07;Braga;Guimarães;ACC;2;03;0308;030837
2026-07;2026;07;Braga;Guimarães;ACC;1;03;0308;030898
2026-07;2026;07;Braga;Guimarães;ACC;1;03;0308;030858
2026-07;2026;07;Braga;Guimarães;ACC;4;03;0308;0308FA
2026-07;2026;07;Braga;Guimarães;ACC;5;03;0308;030854
2026-07;2026;07;Braga;Guimarães;ACC;2;03;0308;0308FC
2026-07;2026;07;Braga;Guimarães;ACC;1;03;0308;030868
2026-07;2026;07;Braga;Guimarães;ACC;1;03;0308;030886
2026-07;2026;07;Braga;Guimarães;ACC;1;03;0308;030887
2026-07;2026;07;Braga;Guimarães;ACC;3;03;0308;030888
2026-07;2026;07;Leiria;Pombal;ACC;1;10;1015;101524
2026-07;2026;07;Porto;Felgueiras;ACC;1;13;1303;130339
2026-07;2026;07;Braga;Vila Verde;ACC;2;03;0313;031352
2026-07;2026;07;Lisboa;Torres Vedras;ACC;2;11;1113;111311
2026-07;2026;07;Lisboa;Torres Vedras;ACC;3;11;1113;111317
2026-07;2026;07;Santarém;Cartaxo;ACC;2;14;1406;140609
2026-07;2026;07;Santarém;Cartaxo;ACC;1;14;1406;140605
2026-07;2026;07;Santarém;Cartaxo;ACC;1;14;1406;140608
2026-07;2026;07;Faro;Lagoa;ACC;4;08;0806;080607
2026-07;2026;07;Faro;Lagoa;ACC;2;08;0806;080608
2026-07;2026;07;Braga;Barcelos;ACC;3;03;0302;030261
2026-07;2026;07;Braga;Barcelos;ACC;1;03;0302;030263
2026-07;2026;07;Braga;Barcelos;ACC;1;03;0302;030296
2026-07;2026;07;Braga;Barcelos;ACC;1;03;0302;030299
2026-07;2026;07;Beja;Moura;ACC;1;02;0210;021002
2026-07;2026;07;Porto;Póvoa de Varzim;ACC;1;13;1313;131322
2026-07;2026;07;Coimbra;Mira;ACC;2;06;0608;060804
2026-07;2026;07;Viana do Castelo;Arcos de Valdevez;ACC;1;16;1601;160128
2026-07;2026;07;Viana do Castelo;Arcos de Valdevez;ACC;1;16;1601;160159
2026-07;2026;07;Lisboa;Sintra;ACC;2;11;1111;111135
2026-07;2026;07;Lisboa;Sintra;ACC;1;11;1111;111124
2026-07;2026;07;Coimbra;Figueira da Foz;ACC;1;06;0605;060524
2026-07;2026;07;Coimbra;Figueira da Foz;ACC;1;06;0605;060530
2026-07;2026;07;Coimbra;Figueira da Foz;ACC;1;06;0605;060512
2026-07;2026;07;Braga;Fafe;ACC;1;03;0307;030724
2026-07;2026;07;Braga;Fafe;ACC;1;03;0307;030728
2026-07;2026;07;Setúbal;Palmela;ACC;4;15;1508;150806
2026-07;2026;07;Setúbal;Sesimbra;ACC;6;15;1511;151103
2026-07;2026;07;Setúbal;Sesimbra;ACC;6;15;1511;151101
2026-07;2026;07;Porto;Paços de Ferreira;ACC;1;13;1309;130914
2026-07;2026;07;Porto;Porto;ACC;7;13;1312;131211
2026-07;2026;07;Porto;Porto;ACC;2;13;1312;131216
2026-07;2026;07;Porto;Porto;CER;1;13;1312;131216
2026-07;2026;07;Porto;Porto;ACC;2;13;1312;131218
2026-07;2026;07;Porto;Paredes;ACC;2;13;1310;131021
2026-07;2026;07;Leiria;Leiria;ACC;1;10;1009;100935
2026-07;2026;07;Leiria;Leiria;ACC;3;10;1009;100939
2026-07;2026;07;Leiria;Batalha;ACC;1;10;1004;100403
2026-07;2026;07;Viseu;Viseu;ACC;4;18;1823;182323
2026-07;2026;07;Aveiro;Aveiro;ACC;1;01;0105;010517
2026-07;2026;07;Braga;Vila Nova de Famalicão;ACC;2;03;0312;031241
2026-07;2026;07;Viseu;Resende;ACC;2;18;1813;181311
2026-07;2026;07;Santarém;Torres Novas;ACC;1;14;1419;141921
2026-07;2026;07;Évora;Borba;ACC;1;07;0703;070303
2026-07;2026;07;Porto;Penafiel;ACC;3;13;1311;131129
2026-07;2026;07;Porto;Penafiel;ACC;1;13;1311;131138
2026-07;2026;07;Santarém;Rio Maior;ACC;5;14;1414;141408
2026-07;2026;07;Aveiro;Santa Maria da Feira;ACC;2;01;0109;010921
2026-07;2026;07;Aveiro;Santa Maria da Feira;ACC;2;01;0109;010922
2026-07;2026;07;Aveiro;Santa Maria da Feira;ACC;5;01;0109;010925
2026-07;2026;07;Aveiro;Santa Maria da Feira;ACC;3;01;0109;010918
2026-07;2026;07;Aveiro;Santa Maria da Feira;ACC;1;01;0109;010947
2026-07;2026;07;Porto;Gondomar;ACC;4;13;1304;130415
2026-07;2026;07;Castelo Branco;Idanha-a-Nova;ACC;1;05;0505;050512
2026-07;2026;07;Castelo Branco;Idanha-a-Nova;ACC;2;05;0505;050518
2026-07;2026;07;Vila Real;Vila Pouca de Aguiar;ACC;1;17;1713;171317
2026-07;2026;07;Vila Real;Vila Pouca de Aguiar;ACC;4;17;1713;171314
2026-07;2026;07;Setúbal;Setúbal;ACC;1;15;1512;151208
2026-07;2026;07;Setúbal;Setúbal;ACC;4;15;1512;151205
2026-07;2026;07;Setúbal;Setúbal;ACC;7;15;1512;151210
2026-07;2026;07;Porto;Marco de Canaveses;ACC;1;13;1307;130739
2026-07;2026;07;Aveiro;Anadia;ACC;1;01;0103;010318
2026-07;2026;07;Lisboa;Lourinhã;ACC;1;11;1108;110806
2026-07;2026;07;Beja;Beja;ACC;8;02;0205;020520
2026-07;2026;07;Braga;Vizela;ACC;2;03;0314;031408
2026-07;2026;07;Vila Real;Chaves;ACC;1;17;1703;170340
2026-07;2026;07;Vila Real;Chaves;ACC;3;17;1703;170354
2026-07;2026;07;Vila Real;Chaves;ACC;5;17;1703;170358
2026-07;2026;07;Porto;Vila Nova de Gaia;ACC;8;13;1317;131717
2026-07;2026;07;Viana do Castelo;Viana do Castelo;ACC;4;16;1609;160948
2026-07;2026;07;Setúbal;Alcácer do Sal;ACC;1;15;1501;150110
2026-07;2026;07;Aveiro;Vagos;ACC;1;01;0118;011820
2026-07;2026;07;Setúbal;Barreiro;ACC;1;15;1504;150407
2026-07;2026;07;Setúbal;Barreiro;ACC;3;15;1504;150411
2026-07;2026;07;Coimbra;Coimbra;ACC;5;06;0603;060318
2026-07;2026;07;Coimbra;Coimbra;ACC;1;06;0603;060333
2026-07;2026;07;Coimbra;Coimbra;ACC;4;06;0603;060335
2026-07;2026;07;Coimbra;Coimbra;ACC;5;06;0603;060336
2026-07;2026;07;Coimbra;Coimbra;ACC;2;06;0603;060338
2026-07;2026;07;Coimbra;Coimbra;ACC;2;06;0603;060339
2026-07;2026;07;Coimbra;Coimbra;ACC;1;06;0603;060341
2026-07;2026;07;Lisboa;Mafra;ACC;4;11;1109;110920
2026-07;2026;07;Lisboa;Mafra;ACC;5;11;1109;110922
2026-07;2026;07;Évora;Évora;ACC;1;07;0705;070522
2026-07;2026;07;Faro;São Brás de Alportel;ACC;1;08;0812;081201
2026-07;2026;07;Lisboa;Cascais;ACC;10;11;1105;110508
2026-07;2026;07;Aveiro;Ovar;ACC;4;01;0115;011512
2026-07;2026;07;Portalegre;Campo Maior;ACC;2;12;1204;120403
2026-07;2026;07;Santarém;Entroncamento;ACC;1;14;1410;141001
2026-07;2026;07;Coimbra;Vila Nova de Poiares;ACC;1;06;0617;061704
2026-07;2026;07;Viana do Castelo;Valença;ACC;1;16;1608;160817
2026-07;2026;07;Santarém;Tomar;ACC;2;14;1418;141818
2026-07;2026;07;Santarém;Tomar;ACC;4;14;1418;141821
2026-07;2026;07;Porto;Maia;ACC;1;13;1306;130613
2026-07;2026;07;Porto;Maia;ACC;3;13;1306;130616
2026-07;2026;07;Santarém;Sardoal;ACC;1;14;1417;141704
2026-07;2026;07;Setúbal;Montijo;ACC;1;15;1507;150704
2026-07;2026;07;Setúbal;Montijo;ACC;11;15;1507;150710
2026-07;2026;07;Setúbal;Montijo;ACC;1;15;1507;150711
2026-07;2026;07;Viseu;Sátão;ACC;1;18;1817;181711
2026-07;2026;07;Setúbal;Seixal;ACC;1;15;1510;151010
2026-07;2026;07;Braga;Braga;ACC;1;03;0303;030366
2026-07;2026;07;Braga;Braga;ACC;3;03;0303;030370
2026-07;2026;07;Braga;Braga;ACC;1;03;0303;030373
2026-07;2026;07;Braga;Braga;ACC;8;03;0303;030375
2026-06;2026;06;Braga;Braga;ACC;5;03;0303;030301
2026-07;2026;07;Aveiro;Sever do Vouga;ACC;3;01;0117;011706
2026-07;2026;07;Setúbal;Sines;ACC;3;15;1513;151301
2026-07;2026;07;Porto;Valongo;CER;1;13;1315;131508
2026-07;2026;07;Porto;Valongo;CER;1;13;1315;131505
2026-07;2026;07;Portalegre;Sousel;ACC;2;12;1215;121504
2026-07;2026;07;Porto;Lousada;ACC;1;13;1305;130524
2026-07;2026;07;Porto;Lousada;ACC;1;13;1305;130525
2026-07;2026;07;Lisboa;Arruda dos Vinhos;ACC;3;11;1102;110204
2026-07;2026;07;Coimbra;Tábua;ACC;3;06;0616;061614
2026-07;2026;07;Viseu;Tarouca;ACC;1;18;1820;182013
2026-07;2026;07;Porto;Amarante;ACC;2;13;1301;130142
2026-07;2026;07;Santarém;Abrantes;ACC;2;14;1401;140120
2026-07;2026;07;Lisboa;Alenquer;ACC;5;11;1101;110119
2026-07;2026;07;Leiria;Alcobaça;ACC;1;10;1001;100122
2026-07;2026;07;Setúbal;Almada;ACC;7;15;1503;150315
2026-07;2026;07;Lisboa;Vila Franca de Xira;ACC;5;11;1114;111408
2026-07;2026;07;Bragança;Carrazeda de Ansiães;ACC;1;04;0403;040320
2026-07;2026;07;Porto;Santo Tirso;ACC;1;13;1314;131433
2026-07;2026;07;Porto;Santo Tirso;ACC;5;13;1314;131437
2026-07;2026;07;Porto;Santo Tirso;ACC;3;13;1314;131434
2026-06;2026;06;Porto;Santo Tirso;ACC;1;13;1314;131402
2026-07;2026;07;Lisboa;Loures;ACC;8;11;1107;110727
2026-07;2026;07;Lisboa;Loures;ACC;6;11;1107;110730
2026-07;2026;07;Setúbal;Moita;ACC;5;15;1506;150607
2026-07;2026;07;Porto;Trofa;ACC;4;13;1318;131811
2026-07;2026;07;Aveiro;Oliveira do Bairro;ACC;2;01;0114;011407
2026-07;2026;07;Lisboa;Cadaval;ACC;5;11;1104;110411
2026-07;2026;07;Leiria;Caldas da Rainha;ACC;3;10;1006;100618
2026-07;2026;07;Leiria;Caldas da Rainha;ACC;5;10;1006;100619
2026-07;2026;07;Viana do Castelo;Caminha;ACC;1;16;1602;160222
2026-07;2026;07;Porto;Baião;ACC;2;13;1302;130223
2026-07;2026;07;Santarém;Chamusca;ACC;1;14;1407;140705
2026-07;2026;07;Santarém;Santarém;ACC;2;14;1416;141632
2026-07;2026;07;Coimbra;Arganil;ACC;1;06;0601;060121
2026-07;2026;07;Coimbra;Condeixa-a-Nova;ACC;4;06;0604;060411
2026-07;2026;07;Portalegre;Crato;ACC;1;12;1206;120607
2026-07;2026;07;Portalegre;Nisa;ACC;2;12;1212;121212
2026-07;2026;07;Évora;Estremoz;ACC;7;07;0704;070414
2026-07;2026;07;Viseu;Mangualde;ACC;2;18;1806;180619
2026-07;2026;07;Coimbra;Montemor-o-Velho;ACC;1;06;0610;061016
2026-07;2026;07;Lisboa;Odivelas;ACC;5;11;1116;111610
2026-07;2026;07;Coimbra;Cantanhede;ACC;1;06;0602;060222
2026-07;2026;07;Viana do Castelo;Melgaço;ACC;1;16;1603;160322
2026-07;2026;07;Aveiro;Águeda;ACC;1;01;0101;010124
2026-06;2026;06;Aveiro;Águeda;ACC;1;01;0101;010103
2026-07;2026;07;Portalegre;Portalegre;ACC;4;12;1214;121411
2026-07;2026;07;Portalegre;Portalegre;ACC;1;12;1214;121410
2026-07;2026;07;Viseu;São Pedro do Sul;ACC;1;18;1816;181623
2026-07;2026;07;Viseu;São João da Pesqueira;ACC;1;18;1815;181515
2026-07;2026;07;Viseu;São João da Pesqueira;ACC;1;18;1815;181516
2026-07;2026;07;Coimbra;Penela;ACC;2;06;0614;061407
2026-07;2026;07;Porto;Vila do Conde;ACC;5;13;1316;131628
2026-07;2026;07;Porto;Vila do Conde;CER;1;13;1316;131628
2026-07;2026;07;Porto;Vila do Conde;ACC;2;13;1316;131630
2026-07;2026;07;Guarda;Trancoso;ACC;1;09;0913;091334
2026-07;2026;07;Leiria;Nazaré;ACC;2;10;1011;101103
2026-07;2026;07;Évora;Vendas Novas;ACC;5;07;0712;071201
2026-07;2026;07;Castelo Branco;Vila de Rei;ACC;1;05;0510;051003
2026-07;2026;07;Beja;Serpa;ACC;1;02;0213;021311
2026-07;2026;07;Bragança;Vinhais;ACC;1;04;0412;041235
2026-06;2026;06;Porto;Maia;ACC;2;13;1306;130601
2026-06;2026;06;Lisboa;Lisboa;ACC;2;11;1106;110602
2026-06;2026;06;Guarda;Guarda;ACC;1;09;0907;090703
2026-06;2026;06;Leiria;Alcobaça;ACC;1;10;1001;100102
2026-06;2026;06;Porto;Valongo;ACC;5;13;1315;131501
2026-06;2026;06;Lisboa;Sintra;ACC;5;11;1111;111102
2026-06;2026;06;Faro;Aljezur;ACC;2;08;0803;080301
2026-06;2026;06;Leiria;Alcobaça;ACC;1;10;1001;100120
2026-06;2026;06;Santarém;Alpiarça;ACC;1;14;1404;140401
2026-06;2026;06;Aveiro;Arouca;ACC;1;01;0104;010402
2026-06;2026;06;Santarém;Santarém;ACC;1;14;1416;141607
2026-06;2026;06;Coimbra;Cantanhede;ACC;1;06;0602;060201
2026-06;2026;06;Viana do Castelo;Viana do Castelo;ACC;2;16;1609;160904
2026-06;2026;06;Aveiro;Aveiro;ACC;1;01;0105;010501
2026-06;2026;06;Viseu;Moimenta da Beira;ACC;1;18;1807;180703
2026-06;2026;06;Braga;Fafe;ACC;1;03;0307;030730
2026-06;2026;06;Porto;Paredes;ACC;2;13;1310;131002
2026-06;2026;06;Santarém;Ourém;ACC;2;14;1421;142102
2026-06;2026;06;Lisboa;Azambuja;ACC;1;11;1103;110303
2026-06;2026;06;Porto;Vila do Conde;ACC;1;13;1316;131604
2026-06;2026;06;Porto;Gondomar;ACC;4;13;1304;130412
2026-06;2026;06;Porto;Paredes;CER;1;13;1310;131003
2026-06;2026;06;Braga;Barcelos;ACC;1;03;0302;030213
2026-06;2026;06;Aveiro;Estarreja;ACC;1;01;0108;010810
2026-06;2026;06;Porto;Marco de Canaveses;ACC;1;13;1307;130734
2026-06;2026;06;Aveiro;Albergaria-a-Velha;ACC;1;01;0102;010204
2026-06;2026;06;Braga;Guimarães;ACC;2;03;0308;030807
2026-06;2026;06;Lisboa;Loures;ACC;1;11;1107;110702
2026-06;2026;06;Porto;Lousada;ACC;1;13;1305;130504
2026-06;2026;06;Aveiro;Santa Maria da Feira;ACC;1;01;0109;010937
2026-06;2026;06;Porto;Porto;ACC;3;13;1312;131203
2026-06;2026;06;Lisboa;Lisboa;ACC;1;11;1106;110610
2026-06;2026;06;Viseu;Nelas;ACC;1;18;1809;180901
2026-06;2026;06;Santarém;Mação;ACC;1;14;1413;141303
2026-06;2026;06;Lisboa;Mafra;ACC;1;11;1109;110902
2026-06;2026;06;Viana do Castelo;Vila Nova de Cerveira;ACC;1;16;1610;161003
2026-06;2026;06;Setúbal;Seixal;ACC;10;15;1510;151005
2026-06;2026;06;Aveiro;Ovar;ACC;1;01;0115;011502
2026-06;2026;06;Évora;Reguengos de Monsaraz;ACC;1;07;0711;071102
2026-06;2026;06;Braga;Guimarães;ACC;1;03;0308;030812
2026-06;2026;06;Porto;Matosinhos;ACC;3;13;1308;130815
2026-06;2026;06;Porto;Paços de Ferreira;ACC;1;13;1309;130904
2026-06;2026;06;Aveiro;Aveiro;ACC;1;01;0105;010515
2026-06;2026;06;Santarém;Mação;ACC;1;14;1413;141305
2026-06;2026;06;Lisboa;Mafra;ACC;2;11;1109;110906
2026-06;2026;06;Porto;Valongo;ACC;5;13;1315;131503
2026-06;2026;06;Aveiro;Aveiro;ACC;4;01;0105;010505
2026-06;2026;06;Braga;Vila Nova de Famalicão;ACC;1;03;0312;031264
2026-06;2026;06;Leiria;Alcobaça;ACC;1;10;1001;100108
2026-06;2026;06;Braga;Fafe;ACC;3;03;0307;030709
2026-06;2026;06;Aveiro;Oliveira de Azeméis;ACC;2;01;0113;011303
2026-06;2026;06;Viana do Castelo;Ponte de Lima;ACC;1;16;1607;160719
2026-06;2026;06;Braga;Guimarães;ACC;1;03;0308;030815
2026-06;2026;06;Setúbal;Seixal;ACC;4;15;1510;151006
2026-06;2026;06;Porto;Paços de Ferreira;ACC;1;13;1309;130905
2026-06;2026;06;Guarda;Figueira de Castelo Rodrigo;ACC;1;09;0904;090408
2026-06;2026;06;Coimbra;Penacova;ACC;2;06;0613;061302
2026-06;2026;06;Viana do Castelo;Valença;ACC;1;16;1608;160805
2026-06;2026;06;Santarém;Salvaterra de Magos;ACC;1;14;1415;141509
2026-06;2026;06;Portalegre;Portalegre;ACC;1;12;1214;121404
2026-06;2026;06;Santarém;Rio Maior;ACC;1;14;1414;141405
2026-06;2026;06;Porto;Paços de Ferreira;ACC;1;13;1309;130908
2026-06;2026;06;Leiria;Óbidos;ACC;1;10;1012;101208
2026-06;2026;06;Braga;Vila Verde;ACC;1;03;0313;031317
2026-06;2026;06;Évora;Mourão;ACC;1;07;0708;070801
2026-06;2026;06;Viseu;Tondela;ACC;1;18;1821;182108
2026-06;2026;06;Santarém;Ferreira do Zêzere;ACC;1;14;1411;141107
2026-06;2026;06;Leiria;Pombal;ACC;2;10;1015;101522
2026-06;2026;06;Castelo Branco;Castelo Branco;ACC;1;05;0502;050211
2026-06;2026;06;Braga;Guimarães;ACC;2;03;0308;030828
2026-06;2026;06;Coimbra;Penacova;ACC;2;06;0613;061304
2026-06;2026;06;Faro;Loulé;ACC;4;08;0808;080808
2026-06;2026;06;Porto;Paredes;ACC;1;13;1310;131014
2026-06;2026;06;Aveiro;Santa Maria da Feira;ACC;1;01;0109;010913
2026-06;2026;06;Coimbra;Lousã;ACC;1;06;0607;060709
2026-06;2026;06;Lisboa;Lisboa;CER;1;11;1106;110618
2026-06;2026;06;Faro;Tavira;ACC;1;08;0814;081415
2026-06;2026;06;Coimbra;Figueira da Foz;ACC;1;06;0605;060507
2026-06;2026;06;Bragança;Mirandela;ACC;1;04;0407;040720
2026-06;2026;06;Porto;Matosinhos;CER;1;13;1308;130820
2026-06;2026;06;Aveiro;Mealhada;ACC;1;01;0111;011111
2026-06;2026;06;Guarda;Mêda;ACC;1;09;0909;090917
2026-06;2026;06;Beja;Aljustrel;ACC;1;02;0201;020103
2026-06;2026;06;Faro;Portimão;ACC;1;08;0811;081102
2026-06;2026;06;Aveiro;Santa Maria da Feira;ACC;1;01;0109;010914
2026-06;2026;06;Viseu;Moimenta da Beira;ACC;1;18;1807;180710
2026-06;2026;06;Setúbal;Moita;ACC;3;15;1506;150603
2026-06;2026;06;Portalegre;Monforte;ACC;1;12;1211;121102
2026-06;2026;06;Santarém;Constância;ACC;1;14;1408;140802
2026-06;2026;06;Lisboa;Sintra;ACC;1;11;1111;111131
2026-06;2026;06;Santarém;Salvaterra de Magos;ACC;1;14;1415;141503
2026-06;2026;06;Viseu;Nelas;ACC;1;18;1809;180903
2026-06;2026;06;Braga;Guimarães;ACC;2;03;0308;030832
2026-06;2026;06;Porto;Lousada;ACC;1;13;1305;130515
2026-06;2026;06;Porto;Vila Nova de Gaia;ACC;1;13;1317;131712
2026-06;2026;06;Aveiro;Santa Maria da Feira;ACC;4;01;0109;010919
2026-06;2026;06;Porto;Paços de Ferreira;ACC;1;13;1309;130925
2026-06;2026;06;Setúbal;Seixal;ACC;3;15;1510;151009
2026-06;2026;06;Setúbal;Palmela;ACC;2;15;1508;150802
2026-06;2026;06;Porto;Porto;ACC;1;13;1312;131210
2026-06;2026;06;Porto;Porto;CER;1;13;1312;131210
2026-06;2026;06;Leiria;Porto de Mós;ACC;1;10;1016;101609
2026-06;2026;06;Leiria;Pombal;ACC;2;10;1015;101508
2026-06;2026;06;Santarém;Santarém;ACC;1;14;1416;141614
2026-06;2026;06;Lisboa;Sintra;ACC;1;11;1111;111132
2026-06;2026;06;Porto;Penafiel;ACC;1;13;1311;131125
2026-06;2026;06;Beja;Serpa;ACC;1;02;0213;021303
2026-06;2026;06;Aveiro;Oliveira de Azeméis;ACC;1;01;0113;011324
2026-06;2026;06;Porto;Paços de Ferreira;ACC;1;13;1309;130917
2026-06;2026;06;Guarda;Pinhel;ACC;1;09;0910;091017
2026-06;2026;06;Braga;Guimarães;ACC;2;03;0308;030837
2026-06;2026;06;Braga;Guimarães;ACC;1;03;0308;030838
2026-06;2026;06;Lisboa;Torres Vedras;ACC;2;11;1113;111310
2026-06;2026;06;Faro;Lagoa;ACC;1;08;0806;080604
2026-06;2026;06;Faro;Olhão;ACC;2;08;0810;081005
2026-06;2026;06;Lisboa;Sintra;ACC;2;11;1111;111133
2026-06;2026;06;Braga;Fafe;ACC;3;03;0307;030722
2026-06;2026;06;Setúbal;Sesimbra;ACC;3;15;1511;151103
2026-06;2026;06;Porto;Porto;ACC;7;13;1312;131211
2026-06;2026;06;Évora;Redondo;ACC;1;07;0710;071002
2026-06;2026;06;Leiria;Leiria;ACC;2;10;1009;100921
2026-06;2026;06;Braga;Fafe;ACC;1;03;0307;030724
2026-06;2026;06;Santarém;Torres Novas;ACC;1;14;1419;141910
2026-06;2026;06;Braga;Vila Nova de Famalicão;ACC;2;03;0312;031235
2026-06;2026;06;Porto;Penafiel;ACC;2;13;1311;131129
2026-06;2026;06;Santarém;Rio Maior;ACC;2;14;1414;141408
2026-06;2026;06;Porto;Gondomar;CER;1;13;1304;130408
2026-06;2026;06;Castelo Branco;Idanha-a-Nova;ACC;1;05;0505;050512
2026-06;2026;06;Porto;Marco de Canaveses;ACC;1;13;1307;130739
2026-06;2026;06;Braga;Guimarães;ACC;1;03;0308;030858
2026-06;2026;06;Aveiro;Santa Maria da Feira;ACC;3;01;0109;010925
2026-06;2026;06;Vila Real;Chaves;ACC;1;17;1703;170350
2026-06;2026;06;Faro;Silves;ACC;2;08;0813;081305
2026-06;2026;06;Lisboa;Cascais;ACC;4;11;1105;110506
2026-06;2026;06;Portalegre;Campo Maior;ACC;2;12;1204;120403
2026-06;2026;06;Santarém;Entroncamento;ACC;1;14;1410;141001
2026-06;2026;06;Beja;Aljustrel;ACC;1;02;0201;020104
2026-06;2026;06;Castelo Branco;Castelo Branco;ACC;1;05;0502;050222
2026-06;2026;06;Santarém;Sardoal;ACC;1;14;1417;141703
2026-06;2026;06;Setúbal;Montijo;ACC;1;15;1507;150704
2026-06;2026;06;Braga;Guimarães;ACC;2;03;0308;030854
2026-06;2026;06;Porto;Matosinhos;CER;1;13;1308;130824
2026-06;2026;06;Viseu;Sátão;ACC;1;18;1817;181711
2026-06;2026;06;Lisboa;Sobral de Monte Agraço;ACC;1;11;1112;111203
2026-06;2026;06;Castelo Branco;Castelo Branco;ACC;1;05;0502;050237
2026-06;2026;06;Lisboa;Arruda dos Vinhos;ACC;1;11;1102;110204
2026-06;2026;06;Porto;Amarante;ACC;2;13;1301;130135
2026-06;2026;06;Lisboa;Sintra;ACC;1;11;1111;111135
2026-06;2026;06;Santarém;Abrantes;ACC;1;14;1401;140120
2026-06;2026;06;Guarda;Aguiar da Beira;ACC;1;09;0901;090114
2026-06;2026;06;Porto;Porto;ACC;2;13;1312;131216
2026-06;2026;06;Lisboa;Alenquer;ACC;2;11;1101;110119
2026-06;2026;06;Setúbal;Almada;ACC;3;15;1503;150312
2026-06;2026;06;Braga;Vieira do Minho;ACC;1;03;0311;031123
2026-06;2026;06;Coimbra;Coimbra;ACC;1;06;0603;060333
2026-06;2026;06;Setúbal;Setúbal;ACC;3;15;1512;151209
2026-06;2026;06;Setúbal;Moita;ACC;3;15;1506;150607
2026-06;2026;06;Beja;Beja;ACC;2;02;0205;020521
2026-06;2026;06;Braga;Celorico de Basto;ACC;1;03;0305;030523
2026-06;2026;06;Lisboa;Cadaval;ACC;2;11;1104;110411
2026-06;2026;06;Braga;Guimarães;ACC;3;03;0308;030881
2026-06;2026;06;Setúbal;Almada;ACC;4;15;1503;150313
2026-06;2026;06;Lisboa;Oeiras;ACC;7;11;1110;111013
2026-06;2026;06;Lisboa;Alenquer;ACC;2;11;1101;110120
2026-06;2026;06;Lisboa;Cascais;ACC;10;11;1105;110508
2026-06;2026;06;Beja;Castro Verde;ACC;2;02;0206;020606
2026-06;2026;06;Porto;Porto;CER;1;13;1312;131217
2026-06;2026;06;Santarém;Chamusca;ACC;2;14;1407;140708
2026-06;2026;06;Porto;Trofa;ACC;2;13;1318;131811
2026-06;2026;06;Braga;Vila Verde;ACC;1;03;0313;031363
2026-06;2026;06;Braga;Braga;ACC;1;03;0303;030370
2026-06;2026;06;Faro;Lagoa;ACC;2;08;0806;080607
2026-06;2026;06;Porto;Gondomar;ACC;5;13;1304;130413
2026-06;2026;06;Aveiro;Santa Maria da Feira;ACC;6;01;0109;010935
2026-06;2026;06;Braga;Braga;ACC;1;03;0303;030371
2026-06;2026;06;Leiria;Figueiró dos Vinhos;ACC;4;10;1008;100806
2026-06;2026;06;Porto;Gondomar;CER;1;13;1304;130414
2026-06;2026;06;Castelo Branco;Fundão;ACC;3;05;0504;050434
2026-06;2026;06;Porto;Santo Tirso;ACC;1;13;1314;131436
2026-06;2026;06;Santarém;Alcanena;ACC;1;14;1402;140212
2026-06;2026;06;Porto;Gondomar;ACC;1;13;1304;130416
2026-06;2026;06;Braga;Braga;ACC;1;03;0303;030374
2026-06;2026;06;Braga;Braga;ACC;5;03;0303;030375
2026-06;2026;06;Vila Real;Montalegre;ACC;1;17;1706;170638
2026-06;2026;06;Setúbal;Montijo;ACC;8;15;1507;150710
2026-06;2026;06;Lisboa;Loures;ACC;1;11;1107;110726
2026-06;2026;06;Évora;Évora;ACC;1;07;0705;070525
2026-06;2026;06;Coimbra;Oliveira do Hospital;ACC;2;06;0611;061124
2026-06;2026;06;Braga;Guimarães;ACC;3;03;0308;030884
2026-06;2026;06;Leiria;Leiria;ACC;2;10;1009;100937
2026-06;2026;06;Lisboa;Odivelas;ACC;1;11;1116;111609
2026-06;2026;06;Santarém;Santarém;ACC;1;14;1416;141632
2026-06;2026;06;Lisboa;Loures;ACC;7;11;1107;110727
2026-06;2026;06;Braga;Guimarães;ACC;1;03;0308;030886
2026-06;2026;06;Coimbra;Coimbra;ACC;3;06;0603;060336
2026-06;2026;06;Vila Real;Chaves;ACC;3;17;1703;170358
2026-06;2026;06;Coimbra;Cantanhede;ACC;1;06;0602;060223
2026-06;2026;06;Bragança;Bragança;ACC;1;04;0402;040257
2026-06;2026;06;Setúbal;Setúbal;ACC;5;15;1512;151210
2026-06;2026;06;Lisboa;Sintra;ACC;11;11;1111;111128
2026-06;2026;06;Braga;Braga;ACC;1;03;0303;030380
2026-06;2026;06;Coimbra;Coimbra;ACC;2;06;0603;060339
2026-06;2026;06;Viseu;Tarouca;ACC;1;18;1820;182013
2026-06;2026;06;Coimbra;Coimbra;ACC;1;06;0603;060340
2026-06;2026;06;Santarém;Torres Novas;ACC;1;14;1419;141921
2026-06;2026;06;Viseu;Tondela;ACC;3;18;1821;182132
2026-06;2026;06;Aveiro;Águeda;ACC;2;01;0101;010126
2026-06;2026;06;Braga;Celorico de Basto;ACC;1;03;0305;030527
2026-06;2026;06;Braga;Braga;ACC;1;03;0303;030381
2026-06;2026;06;Viseu;Vouzela;ACC;1;18;1824;182415
2026-06;2026;06;Braga;Guimarães;ACC;1;03;0308;030871
2026-06;2026;06;Leiria;Nazaré;ACC;1;10;1011;101103
2026-06;2026;06;Viana do Castelo;Arcos de Valdevez;ACC;1;16;1601;160149
2026-06;2026;06;Santarém;Cartaxo;ACC;1;14;1406;140608
2026-06;2026;06;Santarém;Chamusca;ACC;1;14;1407;140705
2026-06;2026;06;Braga;Vila Nova de Famalicão;ACC;2;03;0312;031241
2026-06;2026;06;Porto;Valongo;CER;1;13;1315;131505
2026-06;2026;06;Porto;Paredes;ACC;1;13;1310;131022
2026-06;2026;06;Évora;Vendas Novas;ACC;3;07;0712;071201
2026-06;2026;06;Lisboa;Amadora;ACC;2;11;1115;111517
2026-06;2026;06;Porto;Amarante;ACC;1;13;1301;130139
2026-06;2026;06;Aveiro;Oliveira de Azeméis;ACC;3;01;0113;011319
2026-06;2026;06;Porto;Vila do Conde;ACC;5;13;1316;131628
2026-06;2026;06;Porto;Vila do Conde;CER;1;13;1316;131628
2026-06;2026;06;Vila Real;Vila Pouca de Aguiar;ACC;2;17;1713;171314
2026-06;2026;06;Vila Real;Vila Real;ACC;2;17;1714;171438
2026-06;2026;06;Faro;Vila Real de Santo António;ACC;3;08;0816;081602
2026-06;2026;06;Braga;Vila Nova de Famalicão;ACC;2;03;0312;031249
2026-06;2026;06;Bragança;Vinhais;ACC;1;04;0412;041235
2026-01;2026;01;Braga;Braga;ACC;4;03;0303;030301
2026-01;2026;01;Aveiro;Águeda;ACC;1;01;0101;010103
2026-01;2026;01;Aveiro;Albergaria-a-Velha;ACC;2;01;0102;010209
2026-01;2026;01;Faro;Albufeira;ACC;1;08;0801;080106
2026-01;2026;01;Évora;Viana do Alentejo;ACC;1;07;0713;071301
2026-01;2026;01;Castelo Branco;Castelo Branco;ACC;1;05;0502;050201
2026-01;2026;01;Santarém;Rio Maior;ACC;3;14;1414;141401
2026-01;2026;01;Braga;Guimarães;ACC;1;03;0308;030801
2026-01;2026;01;Guarda;Guarda;ACC;1;09;0907;090703
2026-01;2026;01;Leiria;Alcobaça;ACC;1;10;1001;100102
2026-01;2026;01;Porto;Valongo;CER;1;13;1315;131501
2026-01;2026;01;Faro;Aljezur;ACC;2;08;0803;080301
2026-01;2026;01;Leiria;Alcobaça;ACC;1;10;1001;100120
2026-01;2026;01;Santarém;Almeirim;ACC;2;14;1403;140301
2026-01;2026;01;Portalegre;Nisa;ACC;1;12;1212;121201
2026-01;2026;01;Aveiro;Arouca;ACC;1;01;0104;010402
2026-01;2026;01;Braga;Barcelos;ACC;1;03;0302;030208
2026-01;2026;01;Santarém;Santarém;ACC;1;14;1416;141607
2026-01;2026;01;Évora;Estremoz;ACC;1;07;0704;070401
2026-01;2026;01;Braga;Barcelos;ACC;1;03;0302;030209
2026-01;2026;01;Porto;Vila Nova de Gaia;ACC;2;13;1317;131701
2026-01;2026;01;Viseu;Armamar;ACC;1;18;1801;180120
2026-01;2026;01;Braga;Fafe;ACC;1;03;0307;030726
2026-01;2026;01;Aveiro;Santa Maria da Feira;ACC;1;01;0109;010902
2026-01;2026;01;Guarda;Guarda;ACC;1;09;0907;090706
2026-01;2026;01;Lisboa;Lisboa;ACC;1;11;1106;110656
2026-01;2026;01;Santarém;Ourém;ACC;2;14;1421;142102
2026-01;2026;01;Leiria;Peniche;ACC;1;10;1014;101402
2026-01;2026;01;Aveiro;Anadia;ACC;1;01;0103;010305
2026-01;2026;01;Porto;Vila Nova de Gaia;ACC;1;13;1317;131702
2026-01;2026;01;Portalegre;Avis;ACC;1;12;1203;120303
2026-01;2026;01;Lisboa;Azambuja;ACC;1;11;1103;110304
2026-01;2026;01;Santarém;Golegã;ACC;1;14;1412;141201
2026-01;2026;01;Porto;Gondomar;ACC;4;13;1304;130412
2026-01;2026;01;Porto;Paredes;CER;1;13;1310;131003
2026-01;2026;01;Lisboa;Oeiras;ACC;4;11;1110;111002
2026-01;2026;01;Leiria;Batalha;ACC;1;10;1004;100401
2026-01;2026;01;Santarém;Benavente;ACC;2;14;1405;140501
2026-01;2026;01;Beja;Odemira;ACC;1;02;0211;021116
2026-01;2026;01;Vila Real;Boticas;ACC;1;17;1702;170219
2026-01;2026;01;Aveiro;Albergaria-a-Velha;ACC;1;01;0102;010204
2026-01;2026;01;Braga;Guimarães;ACC;2;03;0308;030807
2026-01;2026;01;Lisboa;Loures;ACC;1;11;1107;110702
2026-01;2026;01;Lisboa;Lisboa;ACC;1;11;1106;110610
2026-01;2026;01;Viseu;Nelas;ACC;1;18;1809;180901
2026-01;2026;01;Porto;Vila Nova de Gaia;ACC;2;13;1317;131704
2026-01;2026;01;Coimbra;Montemor-o-Velho;ACC;1;06;0610;061003
2026-01;2026;01;Setúbal;Grândola;ACC;1;15;1505;150505
2026-01;2026;01;Porto;Paços de Ferreira;ACC;4;13;1309;130902
2026-06;2026;06;Porto;Valongo;ACC;3;13;1315;131506
2026-06;2026;06;Porto;Vila Nova de Gaia;ACC;2;13;1317;131725
2026-01;2026;01;Lisboa;Mafra;ACC;1;11;1109;110902
2026-01;2026;01;Lisboa;Sintra;ACC;1;11;1111;111115
2026-01;2026;01;Porto;Maia;ACC;7;13;1306;130618
2026-01;2026;01;Viana do Castelo;Viana do Castelo;ACC;1;16;1609;160910
2026-01;2026;01;Viseu;Castro daire;ACC;1;18;1803;180304
2026-01;2026;01;Santarém;Ourém;ACC;1;14;1421;142104
2026-01;2026;01;Setúbal;Seixal;ACC;9;15;1510;151005
2026-01;2026;01;Braga;Guimarães;ACC;1;03;0308;030812
2026-01;2026;01;Porto;Paredes;CER;1;13;1310;131009
2026-01;2026;01;Santarém;Mação;ACC;1;14;1413;141305
2026-01;2026;01;Lisboa;Mafra;ACC;1;11;1109;110906
2026-01;2026;01;Braga;Fafe;ACC;3;03;0307;030709
2026-01;2026;01;Viana do Castelo;Ponte de Lima;ACC;1;16;1607;160719
2026-01;2026;01;Braga;Guimarães;ACC;1;03;0308;030815
2026-01;2026;01;Setúbal;Seixal;ACC;3;15;1510;151006
2026-01;2026;01;Coimbra;Penacova;ACC;2;06;0613;061302
2026-01;2026;01;Braga;Braga;ACC;1;03;0303;030315
2026-01;2026;01;Aveiro;Santa Maria da Feira;ACC;1;01;0109;010908
2026-01;2026;01;Portalegre;Portalegre;ACC;1;12;1214;121404
2026-01;2026;01;Viseu;Viseu;ACC;1;18;1823;182315
2026-01;2026;01;Braga;Vila Verde;ACC;1;03;0313;031316
2026-01;2026;01;Porto;Paredes;CER;1;13;1310;131011
2026-01;2026;01;Braga;Vila Verde;ACC;1;03;0313;031317
2026-01;2026;01;Porto;Vila do Conde;ACC;1;13;1316;131610
2026-01;2026;01;Santarém;Golegã;ACC;1;14;1412;141202
2026-01;2026;01;Braga;Braga;ACC;1;03;0303;030319
2026-01;2026;01;Guarda;Guarda;ACC;1;09;0907;090758
2026-01;2026;01;Viseu;Tondela;ACC;1;18;1821;182108
2026-01;2026;01;Porto;Póvoa de Varzim;ACC;1;13;1313;131308
2026-01;2026;01;Lisboa;Lisboa;ACC;5;11;1106;110618
2026-01;2026;01;Porto;Vila do Conde;ACC;2;13;1316;131614
2026-01;2026;01;Braga;Barcelos;ACC;1;03;0302;030244
2026-01;2026;01;Lisboa;Mafra;ACC;2;11;1109;110909
2026-01;2026;01;Leiria;Marinha Grande;ACC;5;10;1010;101001
2026-01;2026;01;Santarém;Torres Novas;ACC;1;14;1419;141917
2026-01;2026;01;Porto;Paços de Ferreira;ACC;1;13;1309;130910
2026-01;2026;01;Coimbra;Mira;ACC;1;06;0608;060801
2026-01;2026;01;Coimbra;Miranda do Corvo;ACC;2;06;0609;060902
2026-01;2026;01;Bragança;Miranda do douro;ACC;1;04;0406;040608
2026-01;2026;01;Viseu;Moimenta da Beira;ACC;1;18;1807;180710
2026-01;2026;01;Porto;Santo Tirso;ACC;1;13;1314;131413
2026-01;2026;01;Porto;Maia;ACC;5;13;1306;130609
2026-01;2026;01;Aveiro;Santa Maria da Feira;ACC;2;01;0109;010916
2026-01;2026;01;Leiria;Caldas da Rainha;ACC;1;10;1006;100608
2026-01;2026;01;Viseu;Nelas;ACC;1;18;1809;180903
2026-01;2026;01;Beja;Beja;ACC;1;02;0205;020506
2026-01;2026;01;Santarém;Entroncamento;ACC;1;14;1410;141002
2026-01;2026;01;Faro;Olhão;ACC;1;08;0810;081003
2026-01;2026;01;Leiria;Óbidos;ACC;1;10;1012;101203
2026-01;2026;01;Beja;Ourique;ACC;1;02;0212;021203
2026-01;2026;01;Aveiro;Santa Maria da Feira;ACC;2;01;0109;010919
2026-01;2026;01;Braga;Braga;ACC;2;03;0303;030331
2026-01;2026;01;Aveiro;Espinho;ACC;1;01;0107;010704
2026-01;2026;01;Porto;Porto;ACC;1;13;1312;131210
2026-01;2026;01;Porto;Maia;CER;1;13;1306;130617
2026-01;2026;01;Coimbra;Penacova;ACC;2;06;0613;061307
2026-01;2026;01;Porto;Penafiel;ACC;2;13;1311;131139
2026-01;2026;01;Leiria;Peniche;ACC;1;10;1014;101407
2026-01;2026;01;Braga;Guimarães;ACC;1;03;0308;030838
2026-01;2026;01;Évora;Portel;ACC;1;07;0709;070905
2026-01;2026;01;Leiria;Porto de Mós;ACC;1;10;1016;101614
2026-01;2026;01;Braga;Barcelos;ACC;2;03;0302;030261
2026-01;2026;01;Beja;Moura;ACC;1;02;0210;021002
2026-01;2026;01;Braga;Fafe;ACC;3;03;0307;030722
2026-01;2026;01;Porto;Porto;CER;1;13;1312;131211
2026-01;2026;01;Évora;Reguengos de Monsaraz;ACC;1;07;0711;071104
2026-01;2026;01;Aveiro;Aveiro;ACC;1;01;0105;010516
2026-01;2026;01;Braga;Vila Nova de Famalicão;ACC;3;03;0312;031233
2026-01;2026;01;Viseu;Viseu;ACC;2;18;1823;182323
2026-01;2026;01;Porto;Penafiel;ACC;2;13;1311;131129
2026-01;2026;01;Lisboa;Sintra;ACC;5;11;1111;111108
2026-01;2026;01;Leiria;Bombarral;ACC;1;10;1005;100503
2026-01;2026;01;Setúbal;Setúbal;ACC;1;15;1512;151208
2026-01;2026;01;Santarém;Benavente;ACC;1;14;1405;140502
2026-01;2026;01;Vila Real;Chaves;ACC;1;17;1703;170350
2026-01;2026;01;Faro;Silves;ACC;2;08;0813;081305
2026-01;2026;01;Porto;Vila Nova de Gaia;ACC;4;13;1317;131717
2026-01;2026;01;Faro;Lagos;ACC;2;08;0807;080708
2026-01;2026;01;Santarém;Entroncamento;ACC;1;14;1410;141001
2026-01;2026;01;Aveiro;Santa Maria da Feira;ACC;2;01;0109;010926
2026-01;2026;01;Aveiro;Anadia;ACC;1;01;0103;010310
2026-01;2026;01;Aveiro;Oliveira de Azeméis;ACC;1;01;0113;011318
2026-01;2026;01;Setúbal;Montijo;ACC;1;15;1507;150704
2026-01;2026;01;Castelo Branco;Sertã;ACC;1;05;0509;050912
2026-01;2026;01;Setúbal;Sesimbra;ACC;2;15;1511;151101
2026-01;2026;01;Aveiro;Sever do Vouga;ACC;1;01;0117;011706
2026-01;2026;01;Portalegre;Sousel;ACC;1;12;1215;121504
2026-01;2026;01;Aveiro;Sever do Vouga;ACC;1;01;0117;011708
2026-01;2026;01;Lisboa;Sintra;ACC;2;11;1111;111122
2026-01;2026;01;Évora;Alandroal;ACC;1;07;0701;070107
2026-01;2026;01;Porto;Porto;ACC;2;13;1312;131216
2026-01;2026;01;Porto;Porto;CER;1;13;1312;131216
2026-01;2026;01;Lisboa;Oeiras;ACC;4;11;1110;111012
2026-01;2026;01;Lisboa;Vila Franca de Xira;ACC;2;11;1114;111413
2026-01;2026;01;Viana do Castelo;Arcos de Valdevez;ACC;1;16;1601;160154
2026-01;2026;01;Porto;Santo Tirso;ACC;1;13;1314;131433
2026-01;2026;01;Évora;Évora;ACC;1;07;0705;070522
2026-01;2026;01;Porto;Trofa;ACC;2;13;1318;131810
2026-01;2026;01;Lisboa;Cadaval;ACC;2;11;1104;110411
2026-01;2026;01;Braga;Vizela;ACC;2;03;0314;031408
2026-01;2026;01;Lisboa;Loures;ACC;1;11;1107;110731
2026-01;2026;01;Porto;Valongo;ACC;1;13;1315;131506
2026-01;2026;01;Braga;Guimarães;ACC;2;03;0308;030881
2026-01;2026;01;Setúbal;Almada;ACC;1;15;1503;150313
2026-01;2026;01;Lisboa;Oeiras;ACC;6;11;1110;111013
2026-01;2026;01;Lisboa;Alenquer;ACC;2;11;1101;110120
2026-01;2026;01;Beja;Castro Verde;ACC;1;02;0206;020606
2026-01;2026;01;Porto;Porto;ACC;1;13;1312;131217
2026-01;2026;01;Porto;Porto;CER;1;13;1312;131217
2026-01;2026;01;Santarém;Santarém;ACC;1;14;1416;141633
2026-01;2026;01;Porto;Lousada;ACC;2;13;1305;130528
2026-01;2026;01;Portalegre;Nisa;ACC;1;12;1212;121212
2026-01;2026;01;Braga;Vila Verde;ACC;1;03;0313;031363
2026-01;2026;01;Braga;Braga;ACC;1;03;0303;030370
2026-01;2026;01;Viseu;Viseu;ACC;1;18;1823;182338
2026-01;2026;01;Aveiro;Santa Maria da Feira;ACC;5;01;0109;010935
2026-01;2026;01;Viana do Castelo;Valença;ACC;1;16;1608;160817
2026-01;2026;01;Viana do Castelo;Viana do Castelo;ACC;1;16;1609;160943
2026-01;2026;01;Castelo Branco;Idanha-a-Nova;ACC;2;05;0505;050518
2026-01;2026;01;Lisboa;Mafra;ACC;3;11;1109;110920
2026-01;2026;01;Porto;Santo Tirso;ACC;1;13;1314;131436
2026-01;2026;01;Porto;Porto;ACC;2;13;1312;131218
2026-01;2026;01;Leiria;Leiria;ACC;7;10;1009;100934
2026-01;2026;01;Lisboa;Torres Vedras;ACC;1;11;1113;111325
2026-01;2026;01;Guarda;Gouveia;ACC;1;09;0906;090626
2026-01;2026;01;Vila Real;Montalegre;ACC;1;17;1706;170638
2026-01;2026;01;Coimbra;Montemor-o-Velho;ACC;1;06;0610;061016
2026-01;2026;01;Braga;Braga;ACC;2;03;0303;030377
2026-01;2026;01;Évora;Évora;ACC;1;07;0705;070525
2026-01;2026;01;Coimbra;Penacova;ACC;1;06;0613;061313
2026-01;2026;01;Viseu;Santa Comba Dão;ACC;1;18;1814;181410
2026-01;2026;01;Leiria;Leiria;ACC;1;10;1009;100937
2026-01;2026;01;Viana do Castelo;Melgaço;ACC;1;16;1603;160322
2026-01;2026;01;Lisboa;Odivelas;ACC;1;11;1116;111609
2026-01;2026;01;Lisboa;Odivelas;ACC;1;11;1116;111610
2026-01;2026;01;Aveiro;Águeda;ACC;1;01;0101;010124
2026-01;2026;01;Lisboa;Loures;ACC;5;11;1107;110727
2026-01;2026;01;Braga;Vila Verde;ACC;1;03;0313;031367
2026-01;2026;01;Coimbra;Coimbra;ACC;2;06;0603;060336
2026-01;2026;01;Lisboa;Loures;ACC;2;11;1107;110730
2026-01;2026;01;Viseu;Santa Comba Dão;ACC;1;18;1814;181411
2026-01;2026;01;Vila Real;Chaves;ACC;3;17;1703;170358
2026-01;2026;01;Braga;Guimarães;ACC;1;03;0308;030888
2026-01;2026;01;Coimbra;Cantanhede;ACC;1;06;0602;060223
2026-01;2026;01;Setúbal;Setúbal;ACC;4;15;1512;151210
2026-01;2026;01;Viseu;Tarouca;ACC;2;18;1820;182013
2026-01;2026;01;Santarém;Torres Novas;ACC;1;14;1419;141921
2026-01;2026;01;Leiria;Caldas da Rainha;ACC;2;10;1006;100619
2026-01;2026;01;Santarém;Torres Novas;ACC;1;14;1419;141920
2026-01;2026;01;Viana do Castelo;Viana do Castelo;ACC;2;16;1609;160948
2026-01;2026;01;Braga;Barcelos;ACC;1;03;0302;0302FH
2026-01;2026;01;Viana do Castelo;Arcos de Valdevez;ACC;1;16;1601;160149
2026-01;2026;01;Lisboa;Azambuja;ACC;1;11;1103;110306
2026-01;2026;01;Porto;Valongo;ACC;4;13;1315;131505
2026-01;2026;01;Viseu;Lamego;ACC;1;18;1805;180523
2026-01;2026;01;Évora;Vendas Novas;ACC;3;07;0712;071201
2026-01;2026;01;Leiria;Pombal;ACC;1;10;1015;101513
2026-01;2026;01;Aveiro;Oliveira de Azeméis;ACC;3;01;0113;011319
2026-01;2026;01;Porto;Póvoa de Varzim;ACC;1;13;1313;131314
2026-01;2026;01;Coimbra;Cantanhede;ACC;2;06;0602;060220
2026-01;2026;01;Porto;Matosinhos;ACC;3;13;1308;130811
2026-01;2026;01;Leiria;Pombal;ACC;3;10;1015;101518
2026-01;2026;01;Porto;Matosinhos;ACC;4;13;1308;130813
2026-01;2026;01;Portalegre;Ponte de Sor;ACC;2;12;1213;121308
2026-01;2026;01;Braga;Cabeceiras de Basto;ACC;1;03;0304;030421
2026-01;2026;01;Lisboa;Sintra;ACC;2;11;1111;111127
2026-01;2026;01;Porto;Matosinhos;CER;1;13;1308;130814
2026-01;2026;01;Vila Real;Mesão Frio;ACC;1;17;1704;170407
2026-01;2026;01;Porto;Maia;ACC;1;13;1306;130616
2026-01;2026;01;Lisboa;Cadaval;ACC;1;11;1104;110410
2026-01;2026;01;Porto;Vila do Conde;ACC;2;13;1316;131630
2026-01;2026;01;Vila Real;Vila Real;ACC;2;17;1714;171438
2026-01;2026;01;Faro;Vila Real de Santo António;ACC;2;08;0816;081602
2026-01;2026;01;Braga;Vila Nova de Famalicão;ACC;2;03;0312;031249
2026-01;2026;01;Castelo Branco;Vila Velha de Ródão;ACC;1;05;0511;051104
2026-01;2026;01;Porto;Paredes;ACC;2;13;1310;131024
2026-01;2026;01;Bragança;Vimioso;ACC;1;04;0411;041114
2026-01;2026;01;Bragança;Vinhais;ACC;1;04;0412;041235
2026-01;2026;01;Viseu;Viseu;ACC;1;18;1823;182341
2026-02;2026;02;Aveiro;Albergaria-a-Velha;ACC;2;01;0102;010209
2026-02;2026;02;Faro;Albufeira;ACC;1;08;0801;080106
2026-02;2026;02;Castelo Branco;Castelo Branco;ACC;1;05;0502;050201
2026-02;2026;02;Porto;Valongo;ACC;4;13;1315;131501
2026-02;2026;02;Faro;Loulé;ACC;4;08;0808;080801
2026-02;2026;02;Coimbra;Figueira da Foz;ACC;1;06;0605;060502
2026-02;2026;02;Faro;Portimão;ACC;1;08;0811;081101
2026-02;2026;02;Leiria;Caldas da Rainha;ACC;1;10;1006;100602
2026-02;2026;02;Santarém;Santarém;ACC;1;14;1416;141607
2026-02;2026;02;Viana do Castelo;Ponte de Lima;ACC;1;16;1607;160701
2026-02;2026;02;Viana do Castelo;Viana do Castelo;ACC;1;16;1609;160904
2026-02;2026;02;Braga;Barcelos;ACC;1;03;0302;030209
2026-02;2026;02;Viseu;Moimenta da Beira;ACC;1;18;1807;180703
2026-02;2026;02;Aveiro;Santa Maria da Feira;ACC;5;01;0109;010901
2026-02;2026;02;Braga;Fafe;ACC;1;03;0307;030726
2026-02;2026;02;Aveiro;Santa Maria da Feira;ACC;1;01;0109;010902
2026-02;2026;02;Guarda;Guarda;ACC;1;09;0907;090706
2026-02;2026;02;Portalegre;Elvas;ACC;1;12;1207;120712
2026-02;2026;02;Porto;Paredes;ACC;2;13;1310;131002
2026-02;2026;02;Leiria;Peniche;ACC;1;10;1014;101402
2026-02;2026;02;Aveiro;Anadia;ACC;1;01;0103;010305
2026-02;2026;02;Porto;Vila Nova de Gaia;ACC;1;13;1317;131702
2026-02;2026;02;Portalegre;Avis;ACC;1;12;1203;120303
2026-02;2026;02;Porto;Gondomar;ACC;4;13;1304;130412
2026-02;2026;02;Porto;Paredes;CER;1;13;1310;131003
2026-02;2026;02;Lisboa;Lisboa;ACC;3;11;1106;110607
2026-02;2026;02;Lisboa;Lisboa;ACC;2;11;1106;110658
2026-02;2026;02;Santarém;Benavente;ACC;2;14;1405;140501
2026-02;2026;02;Castelo Branco;Castelo Branco;ACC;1;05;0502;050203
2026-02;2026;02;Beja;Odemira;ACC;1;02;0211;021116
2026-02;2026;02;Évora;Borba;ACC;1;07;0703;070301
2026-02;2026;02;Vila Real;Vila Pouca de Aguiar;ACC;1;17;1713;171303
2026-02;2026;02;Vila Real;Boticas;ACC;1;17;1702;170219
2026-02;2026;02;Aveiro;Murtosa;ACC;2;01;0112;011201
2026-02;2026;02;Viana do Castelo;Ponte de Lima;ACC;1;16;1607;160713
2026-02;2026;02;Porto;Porto;ACC;3;13;1312;131203
2026-02;2026;02;Porto;Porto;CER;1;13;1312;131203
2026-02;2026;02;Lisboa;Lisboa;ACC;1;11;1106;110610
2026-02;2026;02;Évora;Évora;ACC;1;07;0705;070515
2026-02;2026;02;Porto;Vila Nova de Gaia;ACC;2;13;1317;131704
2026-02;2026;02;Leiria;Leiria;ACC;3;10;1009;100907
2026-02;2026;02;Lisboa;Lisboa;ACC;2;11;1106;110611
2026-02;2026;02;Aveiro;Oliveira de Azeméis;ACC;2;01;0113;011301
2026-02;2026;02;Leiria;Pombal;ACC;1;10;1015;101505
2026-02;2026;02;Braga;Barcelos;ACC;1;03;0302;030220
2026-02;2026;02;Castelo Branco;Castelo Branco;ACC;2;05;0502;050205
2026-02;2026;02;Santarém;Ourém;ACC;1;14;1421;142104
2026-02;2026;02;Porto;Paredes;ACC;1;13;1310;131008
2026-02;2026;02;Porto;Maia;ACC;2;13;1306;130619
2026-02;2026;02;Viana do Castelo;Vila Nova de Cerveira;ACC;1;16;1610;161003
2026-02;2026;02;Aveiro;Ovar;ACC;1;01;0115;011502
2026-02;2026;02;Braga;Guimarães;ACC;1;03;0308;030812
2026-02;2026;02;Porto;Paredes;CER;1;13;1310;131009
2026-02;2026;02;Braga;Vila Nova de Famalicão;ACC;2;03;0312;031213
2026-02;2026;02;Porto;Paços de Ferreira;ACC;1;13;1309;130904
2026-02;2026;02;Aveiro;Aveiro;ACC;1;01;0105;010515
2026-02;2026;02;Santarém;Mação;ACC;1;14;1413;141305
2026-02;2026;02;Lisboa;Mafra;ACC;1;11;1109;110906
2026-02;2026;02;Porto;Valongo;CER;1;13;1315;131503
2026-02;2026;02;Braga;Fafe;ACC;3;03;0307;030709
2026-02;2026;02;Santarém;Ourém;ACC;3;14;1421;142106
2026-02;2026;02;Viana do Castelo;Ponte de Lima;ACC;1;16;1607;160719
2026-02;2026;02;Setúbal;Seixal;ACC;3;15;1510;151006
2026-02;2026;02;Castelo Branco;Covilhã;ACC;1;05;0503;050311
2026-02;2026;02;Viana do Castelo;Valença;ACC;1;16;1608;160805
2026-02;2026;02;Aveiro;Santa Maria da Feira;ACC;1;01;0109;010908
2026-02;2026;02;Portalegre;Portalegre;ACC;1;12;1214;121404
2026-02;2026;02;Santarém;Rio Maior;ACC;1;14;1414;141405
2026-02;2026;02;Portalegre;Fronteira;ACC;1;12;1208;120802
2026-02;2026;02;Leiria;Óbidos;ACC;1;10;1012;101208
2026-02;2026;02;Braga;Vila Verde;ACC;1;03;0313;031317
2026-02;2026;02;Porto;Vila do Conde;ACC;1;13;1316;131611
2026-02;2026;02;Aveiro;Ílhavo;ACC;3;01;0110;011008
2026-02;2026;02;Viseu;Penalva do Castelo;ACC;2;18;1811;181105
2026-02;2026;02;Braga;Vila Nova de Famalicão;ACC;1;03;0312;031219
2026-02;2026;02;Bragança;Macedo de Cavaleiros;ACC;1;04;0405;040518
2026-02;2026;02;Porto;Póvoa de Varzim;ACC;1;13;1313;131308
2026-02;2026;02;Porto;Lousada;ACC;1;13;1305;130510
2026-02;2026;02;Vila Real;Vila Real;ACC;1;17;1714;171414
2026-02;2026;02;Coimbra;Penacova;ACC;2;06;0613;061304
2026-02;2026;02;Faro;Loulé;ACC;1;08;0808;080809
2026-02;2026;02;Lisboa;Loures;ACC;3;11;1107;110707
2026-02;2026;02;Braga;Barcelos;ACC;1;03;0302;030244
2026-02;2026;02;Leiria;Marinha Grande;ACC;5;10;1010;101001
2026-02;2026;02;Porto;Paços de Ferreira;ACC;1;13;1309;130910
2026-02;2026;02;Aveiro;Santa Maria da Feira;ACC;1;01;0109;010914
2026-02;2026;02;Lisboa;Amadora;ACC;2;11;1115;111516
2026-02;2026;02;Setúbal;Moita;ACC;2;15;1506;150603
2026-02;2026;02;Portalegre;Monforte;ACC;1;12;1211;121102
2026-02;2026;02;Porto;Santo Tirso;ACC;1;13;1314;131413
2026-02;2026;02;Porto;Maia;ACC;5;13;1306;130609
2026-02;2026;02;Aveiro;Santa Maria da Feira;ACC;2;01;0109;010916
2026-02;2026;02;Braga;Guimarães;ACC;1;03;0308;030832
2026-02;2026;02;Porto;Maia;ACC;2;13;1306;130620
2026-02;2026;02;Santarém;Entroncamento;ACC;1;14;1410;141002
2026-02;2026;02;Lisboa;Lisboa;ACC;2;11;1106;110633
2026-02;2026;02;Aveiro;Aveiro;ACC;1;01;0105;010508
2026-02;2026;02;Braga;Braga;ACC;2;03;0303;030331
2026-02;2026;02;Braga;Braga;CER;1;03;0303;030331
2026-02;2026;02;Setúbal;Palmela;ACC;2;15;1508;150802
2026-02;2026;02;Aveiro;Espinho;ACC;1;01;0107;010704
2026-02;2026;02;Porto;Porto;ACC;1;13;1312;131210
2026-02;2026;02;Porto;Paredes;ACC;3;13;1310;131025
2026-02;2026;02;Porto;Maia;CER;1;13;1306;130617
2026-02;2026;02;Coimbra;Penacova;ACC;2;06;0613;061307
2026-02;2026;02;Bragança;Mogadouro;ACC;1;04;0408;040812
2026-02;2026;02;Braga;Guimarães;ACC;2;03;0308;030837
2026-02;2026;02;Lisboa;Torres Vedras;ACC;2;11;1113;111310
2026-02;2026;02;Évora;Portel;ACC;1;07;0709;070905
2026-02;2026;02;Lisboa;Oeiras;ACC;4;11;1110;111009
2026-02;2026;02;Faro;Olhão;ACC;2;08;0810;081005
2026-02;2026;02;Braga;Fafe;ACC;3;03;0307;030722
2026-02;2026;02;Porto;Porto;ACC;6;13;1312;131211
2026-02;2026;02;Leiria;Leiria;ACC;2;10;1009;100921
2026-02;2026;02;Évora;Reguengos de Monsaraz;ACC;1;07;0711;071104
2026-02;2026;02;Aveiro;Aveiro;ACC;1;01;0105;010516
2026-02;2026;02;Braga;Vila Nova de Famalicão;ACC;3;03;0312;031233
2026-02;2026;02;Braga;Fafe;ACC;1;03;0307;030724
2026-02;2026;02;Viseu;Viseu;ACC;2;18;1823;182323
2026-02;2026;02;Évora;Borba;ACC;1;07;0703;070303
2026-02;2026;02;Lisboa;Sintra;ACC;5;11;1111;111108
2026-02;2026;02;Santarém;Rio Maior;ACC;2;14;1414;141408
2026-02;2026;02;Aveiro;Santa Maria da Feira;ACC;1;01;0109;010922
2026-02;2026;02;Santarém;Benavente;ACC;1;14;1405;140502
2026-02;2026;02;Braga;Vizela;ACC;1;03;0314;031401
2026-02;2026;02;Aveiro;Aveiro;ACC;1;01;0105;010513
2026-02;2026;02;Évora;Alandroal;ACC;1;07;0701;070103
2026-02;2026;02;Setúbal;Santiago do Cacém;ACC;1;15;1509;150907
2026-02;2026;02;Coimbra;Coimbra;ACC;4;06;0603;060318
2026-02;2026;02;Faro;Silves;ACC;2;08;0813;081305
2026-02;2026;02;Évora;Évora;ACC;1;07;0705;070506
2026-02;2026;02;Portalegre;Castelo de Vide;ACC;1;12;1205;120504
2026-02;2026;02;Aveiro;Santa Maria da Feira;ACC;2;01;0109;010926
2026-02;2026;02;Porto;Maia;ACC;1;13;1306;130613
2026-02;2026;02;Setúbal;Montijo;ACC;1;15;1507;150704
2026-02;2026;02;Braga;Guimarães;ACC;1;03;0308;030866
2026-02;2026;02;Aveiro;Espinho;ACC;1;01;0107;010705
2026-02;2026;02;Coimbra;Tábua;ACC;3;06;0616;061614
2026-02;2026;02;Coimbra;Figueira da Foz;ACC;1;06;0605;060512
2026-02;2026;02;Viana do Castelo;Monção;ACC;1;16;1604;160431
2026-02;2026;02;Lisboa;Torres Vedras;ACC;1;11;1113;111317
2026-02;2026;02;Lisboa;Sintra;ACC;1;11;1111;111123
2026-02;2026;02;Lisboa;Alenquer;ACC;1;11;1101;110118
2026-02;2026;02;Porto;Póvoa de Varzim;ACC;1;13;1313;131314
2026-02;2026;02;Évora;Alandroal;ACC;1;07;0701;070107
2026-02;2026;02;Santarém;Alcanena;ACC;2;14;1402;140211
2026-02;2026;02;Porto;Porto;CER;1;13;1312;131216
2026-02;2026;02;Lisboa;Oeiras;ACC;4;11;1110;111012
2026-02;2026;02;Setúbal;Almada;ACC;1;15;1503;150312
2026-02;2026;02;Beja;Almodôvar;ACC;1;02;0202;020209
2026-02;2026;02;Porto;Santo Tirso;ACC;1;13;1314;131433
2026-02;2026;02;Aveiro;Arouca;ACC;1;01;0104;010421
2026-02;2026;02;Coimbra;Coimbra;ACC;1;06;0603;060333
2026-02;2026;02;Lisboa;Loures;ACC;3;11;1107;110728
2026-02;2026;02;Beja;Beja;ACC;1;02;0205;020521
2026-02;2026;02;Lisboa;Cadaval;ACC;2;11;1104;110411
2026-02;2026;02;Braga;Vizela;ACC;2;03;0314;031408
2026-02;2026;02;Lisboa;Loures;ACC;1;11;1107;110731
2026-02;2026;02;Lisboa;Alenquer;ACC;2;11;1101;110120
2026-02;2026;02;Santarém;Cartaxo;ACC;2;14;1406;140609
2026-02;2026;02;Beja;Castro Verde;ACC;2;02;0206;020606
2026-02;2026;02;Porto;Porto;CER;1;13;1312;131217
2026-02;2026;02;Braga;Braga;ACC;1;03;0303;030367
2026-02;2026;02;Santarém;Chamusca;ACC;1;14;1407;140708
2026-02;2026;02;Setúbal;Almada;ACC;4;15;1503;150314
2026-02;2026;02;Coimbra;Condeixa-a-Nova;ACC;3;06;0604;060411
2026-02;2026;02;Santarém;Coruche;ACC;2;14;1409;140909
2026-02;2026;02;Castelo Branco;Covilhã;ACC;4;05;0503;050335
2026-02;2026;02;Porto;Lousada;ACC;3;13;1305;130528
2026-02;2026;02;Porto;Matosinhos;ACC;3;13;1308;130811
2026-02;2026;02;Castelo Branco;Castelo Branco;ACC;1;05;0502;050228
2026-02;2026;02;Braga;Braga;ACC;1;03;0303;030371
2026-02;2026;02;Braga;Póvoa de Lanhoso;ACC;1;03;0309;030934
2026-02;2026;02;Viana do Castelo;Valença;ACC;1;16;1608;160817
2026-02;2026;02;Aveiro;Aveiro;ACC;1;01;0105;010517
2026-02;2026;02;Porto;Santo Tirso;ACC;1;13;1314;131436
2026-02;2026;02;Vila Real;Santa Marta de Penaguião;ACC;1;17;1711;171111
2026-02;2026;02;Faro;Tavira;ACC;1;08;0814;081411
2026-02;2026;02;Vila Real;Chaves;ACC;1;17;1703;170354
2026-02;2026;02;Évora;Évora;ACC;9;07;0705;070524
2026-02;2026;02;Santarém;Alcanena;ACC;1;14;1402;140212
2026-02;2026;02;Bragança;Mogadouro;ACC;1;04;0408;040830
2026-02;2026;02;Braga;Braga;ACC;2;03;0303;030377
2026-02;2026;02;Braga;Braga;ACC;1;03;0303;030378
2026-02;2026;02;Évora;Montemor-o-Novo;ACC;5;07;0706;070612
2026-02;2026;02;Aveiro;Oliveira de Azeméis;ACC;3;01;0113;011321
2026-02;2026;02;Lisboa;Oeiras;ACC;4;11;1110;111014
2026-02;2026;02;Braga;Guimarães;ACC;2;03;0308;030884
2026-02;2026;02;Coimbra;Penacova;ACC;1;06;0613;061313
2026-02;2026;02;Setúbal;Barreiro;ACC;2;15;1504;150411
2026-02;2026;02;Aveiro;Oliveira de Azeméis;ACC;1;01;0113;011322
2026-02;2026;02;Setúbal;Palmela;ACC;3;15;1508;150806
2026-02;2026;02;Lisboa;Odivelas;ACC;6;11;1116;111608
2026-02;2026;02;Lisboa;Sintra;ACC;3;11;1111;111126
2026-02;2026;02;Lisboa;Odivelas;ACC;2;11;1116;111610
2026-02;2026;02;Braga;Cabeceiras de Basto;ACC;1;03;0304;030421
2026-02;2026;02;Braga;Vila Verde;ACC;1;03;0313;031367
2026-02;2026;02;Porto;Vila Nova de Gaia;ACC;1;13;1317;131729
2026-02;2026;02;Lisboa;Loures;ACC;2;11;1107;110730
2026-02;2026;02;Lisboa;Loures;ACC;3;11;1107;110729
2026-02;2026;02;Porto;Santo Tirso;ACC;3;13;1314;131437
2026-02;2026;02;Vila Real;Chaves;ACC;3;17;1703;170358
2026-02;2026;02;Coimbra;Condeixa-a-Nova;ACC;1;06;0604;060412
2026-02;2026;02;Bragança;Bragança;ACC;1;04;0402;040257
2026-02;2026;02;Porto;Vila Nova de Gaia;ACC;2;13;1317;131730
2026-02;2026;02;Setúbal;Santiago do Cacém;ACC;1;15;1509;150912
2026-02;2026;02;Viseu;Tarouca;ACC;2;18;1820;182013
2026-02;2026;02;Coimbra;Coimbra;ACC;1;06;0603;060340
2026-02;2026;02;Santarém;Torres Novas;ACC;1;14;1419;141921
2026-02;2026;02;Viana do Castelo;Viana do Castelo;ACC;2;16;1609;160948
2026-02;2026;02;Viseu;Vouzela;ACC;1;18;1824;182415
2026-02;2026;02;Lisboa;Mafra;ACC;2;11;1109;110922
2026-02;2026;02;Braga;Guimarães;ACC;1;03;0308;030871
2026-02;2026;02;Leiria;Nazaré;ACC;1;10;1011;101103
2026-02;2026;02;Aveiro;Ovar;ACC;1;01;0115;011507
2026-02;2026;02;Porto;Valongo;ACC;4;13;1315;131505
2026-02;2026;02;Porto;Paredes;ACC;1;13;1310;131022
2026-02;2026;02;Braga;Barcelos;ACC;2;03;0302;030283
2026-02;2026;02;Viseu;Lamego;ACC;1;18;1805;180523
2026-02;2026;02;Lisboa;Amadora;ACC;2;11;1115;111517
2026-02;2026;02;Lisboa;Torres Vedras;ACC;1;11;1113;111318
2026-02;2026;02;Lisboa;Vila Franca de Xira;ACC;2;11;1114;111408
2026-02;2026;02;Aveiro;Oliveira de Azeméis;ACC;3;01;0113;011319
2026-02;2026;02;Braga;Vila Verde;ACC;2;03;0313;031342
2026-02;2026;02;Santarém;Vila Nova da Barquinha;ACC;1;14;1420;142006
2026-02;2026;02;Porto;Maia;ACC;1;13;1306;130616
2026-02;2026;02;Vila Real;Vila Real;ACC;2;17;1714;171438
2026-02;2026;02;Faro;Vila Real de Santo António;ACC;2;08;0816;081602
2026-02;2026;02;Braga;Vila Nova de Famalicão;ACC;2;03;0312;031249
2026-02;2026;02;Bragança;Vimioso;ACC;1;04;0411;041114
2026-03;2026;03;Aveiro;Águeda;ACC;1;01;0101;010103
2026-03;2026;03;Lisboa;Amadora;ACC;1;11;1115;111513
2026-03;2026;03;Aveiro;Albergaria-a-Velha;ACC;2;01;0102;010209
2026-03;2026;03;Faro;Albufeira;ACC;1;08;0801;080106
2026-03;2026;03;Castelo Branco;Castelo Branco;ACC;1;05;0502;050201
2026-03;2026;03;Setúbal;Alcochete;ACC;2;15;1502;150201
2026-03;2026;03;Lisboa;Sintra;ACC;4;11;1111;111102
2026-03;2026;03;Setúbal;Moita;ACC;3;15;1506;150601
2026-03;2026;03;Faro;Aljezur;ACC;2;08;0803;080301
2026-03;2026;03;Santarém;Almeirim;ACC;2;14;1403;140301
2026-03;2026;03;Portalegre;Nisa;ACC;1;12;1212;121201
2026-03;2026;03;Santarém;Santarém;ACC;1;14;1416;141607
2026-03;2026;03;Setúbal;Seixal;ACC;5;15;1510;151002
2026-03;2026;03;Viseu;Moimenta da Beira;ACC;1;18;1807;180703
2026-03;2026;03;Faro;Silves;ACC;1;08;0813;081303
2026-03;2026;03;Braga;Fafe;ACC;1;03;0307;030726
2026-03;2026;03;Braga;Fafe;ACC;1;03;0307;030730
2026-03;2026;03;Leiria;Leiria;ACC;2;10;1009;100902
2026-03;2026;03;Évora;Arraiolos;ACC;2;07;0702;070201
2026-03;2026;03;Lisboa;Arruda dos Vinhos;ACC;2;11;1102;110202
2026-03;2026;03;Portalegre;Elvas;ACC;1;12;1207;120712
2026-03;2026;03;Porto;Paredes;ACC;2;13;1310;131002
2026-03;2026;03;Santarém;Ourém;ACC;2;14;1421;142102
2026-03;2026;03;Porto;Paredes;CER;1;13;1310;131003
2026-03;2026;03;Leiria;Batalha;ACC;1;10;1004;100401
2026-03;2026;03;Lisboa;Lisboa;ACC;2;11;1106;110658
2026-03;2026;03;Santarém;Benavente;ACC;2;14;1405;140501
2026-03;2026;03;Faro;Loulé;ACC;1;08;0808;080804
2026-03;2026;03;Faro;Aljezur;ACC;1;08;0803;080302
2026-03;2026;03;Coimbra;Figueira da Foz;ACC;1;06;0605;060520
2026-03;2026;03;Lisboa;Loures;ACC;1;11;1107;110702
2026-03;2026;03;Portalegre;Elvas;ACC;1;12;1207;120713
2026-03;2026;03;Porto;Porto;ACC;3;13;1312;131203
2026-03;2026;03;Porto;Porto;CER;1;13;1312;131203
2026-03;2026;03;Lisboa;Lisboa;ACC;1;11;1106;110610
2026-03;2026;03;Porto;Vila Nova de Gaia;ACC;3;13;1317;131703
2026-03;2026;03;Porto;Vila Nova de Gaia;ACC;2;13;1317;131704
2026-03;2026;03;Leiria;Leiria;ACC;3;10;1009;100907
2026-03;2026;03;Bragança;Carrazeda de Ansiães;ACC;2;04;0403;040304
2026-03;2026;03;Lisboa;Sintra;ACC;1;11;1111;111115
2026-03;2026;03;Viseu;Castro daire;ACC;1;18;1803;180304
2026-03;2026;03;Santarém;Ourém;ACC;1;14;1421;142104
2026-03;2026;03;Vila Real;Sabrosa;ACC;1;17;1710;171001
2026-03;2026;03;Coimbra;Coimbra;ACC;1;06;0603;060312
2026-03;2026;03;Aveiro;Oliveira de Azeméis;ACC;1;01;0113;011302
2026-03;2026;03;Porto;Paredes;ACC;1;13;1310;131008
2026-03;2026;03;Porto;Maia;CER;1;13;1306;130619
2026-03;2026;03;Aveiro;Ovar;ACC;1;01;0115;011502
2026-03;2026;03;Santarém;Coruche;ACC;1;14;1409;140902
2026-03;2026;03;Braga;Vila Nova de Famalicão;ACC;2;03;0312;031213
2026-03;2026;03;Santarém;Mação;ACC;1;14;1413;141305
2026-03;2026;03;Lisboa;Mafra;ACC;2;11;1109;110906
2026-03;2026;03;Porto;Valongo;ACC;5;13;1315;131503
2026-03;2026;03;Porto;Valongo;CER;1;13;1315;131503
2026-03;2026;03;Aveiro;Ovar;ACC;1;01;0115;011503
2026-03;2026;03;Braga;Fafe;ACC;1;03;0307;030708
2026-03;2026;03;Leiria;Alcobaça;ACC;1;10;1001;100108
2026-03;2026;03;Braga;Guimarães;ACC;1;03;0308;030815
2026-03;2026;03;Aveiro;Santa Maria da Feira;ACC;1;01;0109;010908
2026-03;2026;03;Portalegre;Portalegre;ACC;1;12;1214;121404
2026-03;2026;03;Porto;Paços de Ferreira;ACC;1;13;1309;130908
2026-03;2026;03;Braga;Vila Verde;ACC;1;03;0313;031316
2026-03;2026;03;Braga;Vila Verde;ACC;1;03;0313;031317
2026-03;2026;03;Braga;Guimarães;ACC;1;03;0308;030820
2026-03;2026;03;Braga;Braga;ACC;1;03;0303;030319
2026-03;2026;03;Aveiro;Ílhavo;ACC;3;01;0110;011008
2026-03;2026;03;Bragança;Macedo de Cavaleiros;ACC;1;04;0405;040518
2026-03;2026;03;Castelo Branco;Castelo Branco;ACC;1;05;0502;050211
2026-03;2026;03;Porto;Póvoa de Varzim;ACC;1;13;1313;131308
2026-03;2026;03;Vila Real;Vila Real;ACC;1;17;1714;171414
2026-03;2026;03;Faro;Loulé;ACC;1;08;0808;080809
2026-03;2026;03;Porto;Marco de Canaveses;ACC;5;13;1307;130736
2026-03;2026;03;Bragança;Mirandela;ACC;1;04;0407;040720
2026-03;2026;03;Santarém;Torres Novas;ACC;1;14;1419;141917
2026-03;2026;03;Faro;Portimão;ACC;1;08;0811;081102
2026-03;2026;03;Bragança;Miranda do douro;ACC;1;04;0406;040608
2026-03;2026;03;Setúbal;Moita;ACC;2;15;1506;150603
2026-03;2026;03;Faro;Vila Real de Santo António;ACC;1;08;0816;081603
2026-03;2026;03;Braga;Guimarães;ACC;1;03;0308;030831
2026-03;2026;03;Santarém;Salvaterra de Magos;ACC;1;14;1415;141503
2026-03;2026;03;Braga;Guimarães;ACC;2;03;0308;030832
2026-03;2026;03;Porto;Lousada;ACC;1;13;1305;130515
2026-03;2026;03;Porto;Maia;ACC;3;13;1306;130620
2026-03;2026;03;Santarém;Ourém;ACC;3;14;1421;142115
2026-03;2026;03;Évora;Vila Viçosa;ACC;2;07;0714;071406
2026-03;2026;03;Faro;Olhão;ACC;1;08;0810;081003
2026-03;2026;03;Aveiro;Aveiro;ACC;1;01;0105;010508
2026-03;2026;03;Beja;Ourique;ACC;1;02;0212;021203
2026-03;2026;03;Braga;Braga;CER;1;03;0303;030331
2026-03;2026;03;Setúbal;Palmela;ACC;2;15;1508;150802
2026-03;2026;03;Porto;Paredes;ACC;4;13;1310;131025
2026-03;2026;03;Leiria;Pombal;ACC;2;10;1015;101508
2026-03;2026;03;Bragança;Mogadouro;ACC;1;04;0408;040812
2026-03;2026;03;Santarém;Santarém;ACC;1;14;1416;141614
2026-03;2026;03;Porto;Penafiel;ACC;1;13;1311;131125
2026-03;2026;03;Guarda;Pinhel;ACC;1;09;0910;091017
2026-03;2026;03;Braga;Guimarães;ACC;1;03;0308;030838
2026-03;2026;03;Beja;Moura;ACC;1;02;0210;021002
2026-03;2026;03;Coimbra;Mira;ACC;1;06;0608;060804
2026-03;2026;03;Faro;Olhão;ACC;2;08;0810;081005
2026-03;2026;03;Braga;Fafe;ACC;3;03;0307;030722
2026-03;2026;03;Setúbal;Sesimbra;ACC;2;15;1511;151103
2026-03;2026;03;Leiria;Leiria;ACC;2;10;1009;100921
2026-03;2026;03;Évora;Reguengos de Monsaraz;ACC;1;07;0711;071104
2026-03;2026;03;Braga;Fafe;ACC;1;03;0307;030724
2026-03;2026;03;Évora;Borba;ACC;1;07;0703;070303
2026-03;2026;03;Porto;Penafiel;ACC;2;13;1311;131129
2026-03;2026;03;Lisboa;Sintra;ACC;5;11;1111;111108
2026-03;2026;03;Porto;Gondomar;ACC;2;13;1304;130408
2026-03;2026;03;Leiria;Bombarral;ACC;1;10;1005;100503
2026-03;2026;03;Setúbal;Setúbal;ACC;1;15;1512;151208
2026-03;2026;03;Santarém;Benavente;ACC;2;14;1405;140502
2026-03;2026;03;Porto;Marco de Canaveses;ACC;1;13;1307;130739
2026-03;2026;03;Aveiro;Santa Maria da Feira;ACC;3;01;0109;010925
2026-03;2026;03;Évora;Alandroal;ACC;1;07;0701;070103
2026-03;2026;03;Setúbal;Santiago do Cacém;ACC;1;15;1509;150907
2026-03;2026;03;Leiria;Porto de Mós;ACC;1;10;1016;101610
2026-03;2026;03;Lisboa;Lisboa;ACC;4;11;1106;110639
2026-03;2026;03;Faro;Lagos;ACC;2;08;0807;080708
2026-03;2026;03;Beja;Aljustrel;ACC;1;02;0201;020104
2026-03;2026;03;Aveiro;Santa Maria da Feira;ACC;2;01;0109;010926
2026-03;2026;03;Lisboa;Torres Vedras;ACC;2;11;1113;111314
2026-03;2026;03;Santarém;Tomar;ACC;1;14;1418;141813
2026-03;2026;03;Porto;Maia;ACC;1;13;1306;130613
2026-03;2026;03;Setúbal;Montijo;ACC;1;15;1507;150704
2026-03;2026;03;Braga;Guimarães;ACC;2;03;0308;030854
2026-03;2026;03;Braga;Braga;ACC;1;03;0303;030354
2026-03;2026;03;Setúbal;Sines;ACC;2;15;1513;151301
2026-03;2026;03;Lisboa;Sobral de Monte Agraço;ACC;1;11;1112;111203
2026-03;2026;03;Porto;Paredes;CER;1;13;1310;131020
2026-03;2026;03;Portalegre;Sousel;ACC;1;12;1215;121504
2026-03;2026;03;Braga;Vila Verde;ACC;1;03;0313;031352
2026-03;2026;03;Coimbra;Tábua;ACC;3;06;0616;061614
2026-03;2026;03;Aveiro;Sever do Vouga;ACC;1;01;0117;011708
2026-03;2026;03;Viana do Castelo;Monção;ACC;1;16;1604;160431
2026-03;2026;03;Lisboa;Sintra;ACC;1;11;1111;111123
2026-03;2026;03;Guarda;Aguiar da Beira;ACC;1;09;0901;090114
2026-03;2026;03;Porto;Porto;CER;1;13;1312;131216
2026-03;2026;03;Lisboa;Alenquer;ACC;2;11;1101;110119
2026-03;2026;03;Setúbal;Almada;ACC;1;15;1503;150312
2026-03;2026;03;Beja;Almodôvar;ACC;1;02;0202;020209
2026-03;2026;03;Bragança;Carrazeda de Ansiães;ACC;1;04;0403;040320
2026-03;2026;03;Aveiro;Anadia;ACC;1;01;0103;010317
2026-03;2026;03;Viana do Castelo;Arcos de Valdevez;ACC;1;16;1601;160154
2026-03;2026;03;Aveiro;Arouca;ACC;1;01;0104;010421
2026-03;2026;03;Porto;Póvoa de Varzim;ACC;1;13;1313;131313
2026-03;2026;03;Setúbal;Moita;ACC;3;15;1506;150607
2026-03;2026;03;Beja;Beja;ACC;5;02;0205;020520
2026-03;2026;03;Porto;Trofa;ACC;2;13;1318;131810
2026-03;2026;03;Braga;Celorico de Basto;ACC;1;03;0305;030523
2026-03;2026;03;Braga;Vizela;ACC;2;03;0314;031408
2026-03;2026;03;Viana do Castelo;Caminha;ACC;1;16;1602;160222
2026-03;2026;03;Porto;Valongo;ACC;2;13;1315;131506
2026-03;2026;03;Porto;Valongo;CER;1;13;1315;131506
2026-03;2026;03;Santarém;Cartaxo;ACC;2;14;1406;140609
2026-03;2026;03;Lisboa;Vila Franca de Xira;ACC;1;11;1114;111414
2026-03;2026;03;Beja;Castro Verde;ACC;2;02;0206;020606
2026-03;2026;03;Porto;Porto;ACC;1;13;1312;131217
2026-03;2026;03;Coimbra;Condeixa-a-Nova;ACC;3;06;0604;060411
2026-03;2026;03;Porto;Trofa;ACC;2;13;1318;131811
2026-03;2026;03;Castelo Branco;Castelo Branco;ACC;1;05;0502;050228
2026-03;2026;03;Portalegre;Nisa;ACC;1;12;1212;121212
2026-03;2026;03;Braga;Vila Verde;ACC;1;03;0313;031363
2026-03;2026;03;Porto;Gondomar;CER;1;13;1304;130413
2026-03;2026;03;Faro;Faro;CER;1;08;0805;080508
2026-03;2026;03;Viseu;Vouzela;ACC;1;18;1824;182414
2026-03;2026;03;Aveiro;Santa Maria da Feira;ACC;5;01;0109;010935
2026-03;2026;03;Braga;Braga;ACC;1;03;0303;030371
2026-03;2026;03;Porto;Lousada;ACC;1;13;1305;130529
2026-03;2026;03;Aveiro;Vagos;ACC;1;01;0118;011812
2026-03;2026;03;Porto;Gondomar;CER;1;13;1304;130414
2026-03;2026;03;Viana do Castelo;Viana do Castelo;ACC;1;16;1609;160943
2026-03;2026;03;Porto;Gondomar;ACC;2;13;1304;130415
2026-03;2026;03;Lisboa;Mafra;ACC;3;11;1109;110920
2026-03;2026;03;Porto;Santo Tirso;ACC;1;13;1314;131436
2026-03;2026;03;Setúbal;Almada;ACC;4;15;1503;150315
2026-03;2026;03;Vila Real;Santa Marta de Penaguião;ACC;1;17;1711;171111
2026-03;2026;03;Porto;Porto;ACC;2;13;1312;131218
2026-03;2026;03;Faro;Tavira;ACC;1;08;0814;081411
2026-03;2026;03;Porto;Felgueiras;ACC;3;13;1303;130335
2026-03;2026;03;Porto;Matosinhos;CER;1;13;1308;130812
2026-03;2026;03;Évora;Évora;ACC;1;07;0705;070525
2026-03;2026;03;Porto;Matosinhos;ACC;4;13;1308;130813
2026-03;2026;03;Portalegre;Ponte de Sor;ACC;2;12;1213;121308
2026-03;2026;03;Lisboa;Odivelas;ACC;2;11;1116;111610
2026-03;2026;03;Aveiro;Águeda;ACC;1;01;0101;010124
2026-03;2026;03;Guarda;Sabugal;ACC;1;09;0911;091145
2026-03;2026;03;Lisboa;Loures;ACC;6;11;1107;110727
2026-03;2026;03;Santarém;Salvaterra de Magos;ACC;1;14;1415;141508
2026-03;2026;03;Lisboa;Loures;ACC;3;11;1107;110730
2026-03;2026;03;Vila Real;Chaves;ACC;3;17;1703;170358
2026-03;2026;03;Portalegre;Portalegre;ACC;1;12;1214;121411
2026-03;2026;03;Setúbal;Barreiro;ACC;3;15;1504;150409
2026-03;2026;03;Braga;Guimarães;ACC;1;03;0308;030888
2026-03;2026;03;Coimbra;Cantanhede;ACC;1;06;0602;060223
2026-03;2026;03;Porto;Vila Nova de Gaia;ACC;2;13;1317;131731
2026-03;2026;03;Braga;Braga;ACC;1;03;0303;030380
2026-03;2026;03;Porto;Vila Nova de Gaia;ACC;2;13;1317;131730
2026-03;2026;03;Coimbra;Coimbra;ACC;2;06;0603;060338
2026-03;2026;03;Porto;Matosinhos;CER;1;13;1308;130814
2026-03;2026;03;Coimbra;Coimbra;ACC;2;06;0603;060339
2026-03;2026;03;Setúbal;Santiago do Cacém;ACC;1;15;1509;150912
2026-03;2026;03;Leiria;Pombal;ACC;2;10;1015;101519
2026-03;2026;03;Aveiro;Anadia;ACC;1;01;0103;010318
2026-03;2026;03;Coimbra;Coimbra;ACC;1;06;0603;060340
2026-03;2026;03;Santarém;Torres Novas;ACC;1;14;1419;141921
2026-03;2026;03;Viseu;Tondela;ACC;3;18;1821;182132
2026-03;2026;03;Aveiro;Águeda;ACC;2;01;0101;010126
2026-03;2026;03;Aveiro;Vagos;ACC;1;01;0118;011814
2026-03;2026;03;Viana do Castelo;Valença;ACC;1;16;1608;160820
2026-03;2026;03;Viana do Castelo;Vila Nova de Cerveira;ACC;2;16;1610;161019
2026-03;2026;03;Braga;Vila Nova de Famalicão;ACC;5;03;0312;031260
2026-03;2026;03;Leiria;Nazaré;ACC;1;10;1011;101103
2026-03;2026;03;Porto;Paredes;ACC;1;13;1310;131022
2026-03;2026;03;Braga;Barcelos;ACC;2;03;0302;030283
2026-03;2026;03;Viseu;Lamego;ACC;1;18;1805;180523
2026-03;2026;03;Évora;Vendas Novas;ACC;3;07;0712;071201
2026-03;2026;03;Lisboa;Amadora;ACC;2;11;1115;111517
2026-03;2026;03;Lisboa;Torres Vedras;ACC;1;11;1113;111318
2026-03;2026;03;Leiria;Pombal;ACC;1;10;1015;101513
2026-03;2026;03;Viana do Castelo;Viana do Castelo;ACC;1;16;1609;160938
2026-03;2026;03;Porto;Vila do Conde;ACC;3;13;1316;131628
2026-03;2026;03;Porto;Amarante;ACC;1;13;1301;130147
2026-03;2026;03;Porto;Maia;ACC;1;13;1306;130616
2026-03;2026;03;Vila Real;Vila Pouca de Aguiar;ACC;1;17;1713;171314
2026-03;2026;03;Faro;Vila Real de Santo António;ACC;3;08;0816;081602
2026-03;2026;03;Braga;Vila Nova de Famalicão;ACC;2;03;0312;031249
2026-03;2026;03;Castelo Branco;Vila Velha de Ródão;ACC;1;05;0511;051104
2026-03;2026;03;Bragança;Vinhais;ACC;1;04;0412;041235
2026-04;2026;04;Porto;Santo Tirso;ACC;1;13;1314;131402
2026-04;2026;04;Lisboa;Amadora;ACC;1;11;1115;111513
2026-04;2026;04;Porto;Maia;ACC;2;13;1306;130601
2026-04;2026;04;Porto;Felgueiras;ACC;1;13;1303;130302
2026-04;2026;04;Faro;Albufeira;ACC;1;08;0801;080106
2026-04;2026;04;Lisboa;Cascais;ACC;3;11;1105;110501
2026-04;2026;04;Castelo Branco;Castelo Branco;ACC;1;05;0502;050201
2026-04;2026;04;Lisboa;Lisboa;ACC;2;11;1106;110602
2026-04;2026;04;Setúbal;Alcochete;ACC;2;15;1502;150201
2026-04;2026;04;Braga;Guimarães;ACC;1;03;0308;030801
2026-04;2026;04;Leiria;Alcobaça;ACC;1;10;1001;100102
2026-04;2026;04;Porto;Valongo;ACC;4;13;1315;131501
2026-04;2026;04;Porto;Valongo;CER;1;13;1315;131501
2026-04;2026;04;Lisboa;Sintra;ACC;4;11;1111;111102
2026-04;2026;04;Faro;Aljezur;ACC;2;08;0803;080301
2026-04;2026;04;Leiria;Alcobaça;ACC;1;10;1001;100120
2026-04;2026;04;Santarém;Almeirim;ACC;2;14;1403;140301
2026-04;2026;04;Coimbra;Figueira da Foz;ACC;1;06;0605;060502
2026-04;2026;04;Faro;Portimão;ACC;1;08;0811;081101
2026-04;2026;04;Viseu;Moimenta da Beira;ACC;1;18;1807;180703
2026-04;2026;04;Aveiro;Santa Maria da Feira;ACC;5;01;0109;010901
2026-04;2026;04;Faro;Silves;ACC;1;08;0813;081303
2026-04;2026;04;Braga;Fafe;ACC;1;03;0307;030730
2026-04;2026;04;Évora;Arraiolos;ACC;2;07;0702;070201
2026-04;2026;04;Guarda;Guarda;ACC;1;09;0907;090706
2026-04;2026;04;Lisboa;Lisboa;ACC;1;11;1106;110656
2026-04;2026;04;Portalegre;Elvas;ACC;1;12;1207;120712
2026-04;2026;04;Santarém;Ourém;ACC;2;14;1421;142102
2026-04;2026;04;Porto;Vila do Conde;ACC;2;13;1316;131603
2026-04;2026;04;Lisboa;Lisboa;ACC;1;11;1106;110657
2026-04;2026;04;Porto;Santo Tirso;ACC;1;13;1314;131405
2026-04;2026;04;Lisboa;Azambuja;ACC;1;11;1103;110304
2026-04;2026;04;Porto;Gondomar;ACC;4;13;1304;130412
2026-04;2026;04;Porto;Gondomar;CER;1;13;1304;130412
2026-04;2026;04;Porto;Paredes;CER;1;13;1310;131003
2026-04;2026;04;Lisboa;Oeiras;ACC;4;11;1110;111002
2026-04;2026;04;Lisboa;Lisboa;ACC;3;11;1106;110607
2026-04;2026;04;Santarém;Benavente;ACC;2;14;1405;140501
2026-04;2026;04;Faro;Aljezur;ACC;1;08;0803;080302
2026-04;2026;04;Braga;Braga;ACC;1;03;0303;030351
2026-04;2026;04;Portalegre;Fronteira;ACC;1;12;1208;120801
2026-04;2026;04;Portalegre;Elvas;ACC;1;12;1207;120713
2026-04;2026;04;Porto;Lousada;ACC;1;13;1305;130504
2026-04;2026;04;Porto;Porto;ACC;3;13;1312;131203
2026-04;2026;04;Porto;Porto;CER;1;13;1312;131203
2026-04;2026;04;Leiria;Leiria;ACC;3;10;1009;100907
2026-04;2026;04;Coimbra;Montemor-o-Velho;ACC;1;06;0610;061003
2026-04;2026;04;Leiria;Pombal;ACC;1;10;1015;101505
2026-04;2026;04;Braga;Barcelos;ACC;1;03;0302;030220
2026-04;2026;04;Santarém;Ourém;ACC;1;14;1421;142104
2026-04;2026;04;Setúbal;Santiago do Cacém;ACC;1;15;1509;150903
2026-04;2026;04;Aveiro;Oliveira de Azeméis;ACC;1;01;0113;011302
2026-04;2026;04;Porto;Maia;ACC;3;13;1306;130619
2026-04;2026;04;Porto;Maia;CER;1;13;1306;130619
2026-04;2026;04;Setúbal;Seixal;ACC;10;15;1510;151005
2026-04;2026;04;Aveiro;Ovar;ACC;1;01;0115;011502
2026-04;2026;04;Santarém;Coruche;ACC;1;14;1409;140902
2026-04;2026;04;Aveiro;Aveiro;ACC;1;01;0105;010515
2026-04;2026;04;Santarém;Mação;ACC;1;14;1413;141305
2026-04;2026;04;Lisboa;Mafra;ACC;2;11;1109;110906
2026-04;2026;04;Braga;Fafe;ACC;1;03;0307;030708
2026-03;2026;03;Lisboa;Torres Vedras;ACC;1;11;1113;111321
2026-04;2026;04;Coimbra;Cantanhede;ACC;2;06;0602;060207
2026-04;2026;04;Braga;Guimarães;ACC;1;03;0308;030815
2026-04;2026;04;Braga;Braga;ACC;1;03;0303;030315
2026-04;2026;04;Vila Real;Vila Real;ACC;1;17;1714;171409
2026-04;2026;04;Braga;Vila Verde;ACC;1;03;0313;031316
2026-04;2026;04;Setúbal;Setúbal;ACC;1;15;1512;151207
2026-04;2026;04;Porto;Paredes;CER;1;13;1310;131011
2026-04;2026;04;Braga;Vila Verde;ACC;1;03;0313;031317
2026-04;2026;04;Porto;Vila do Conde;ACC;1;13;1316;131610
2026-04;2026;04;Guarda;Gouveia;ACC;1;09;0906;090625
2026-04;2026;04;Guarda;Guarda;ACC;1;09;0907;090758
2026-04;2026;04;Braga;Guimarães;ACC;1;03;0308;030823
2026-04;2026;04;Porto;Vila do Conde;ACC;1;13;1316;131611
2026-04;2026;04;Santarém;Ferreira do Zêzere;ACC;1;14;1411;141107
2026-04;2026;04;Viseu;Penalva do Castelo;ACC;2;18;1811;181105
2026-04;2026;04;Braga;Guimarães;ACC;2;03;0308;030828
2026-04;2026;04;Vila Real;Vila Real;ACC;1;17;1714;171414
2026-04;2026;04;Coimbra;Penacova;ACC;2;06;0613;061304
2026-04;2026;04;Lisboa;Loures;ACC;3;11;1107;110707
2026-04;2026;04;Aveiro;Santa Maria da Feira;ACC;1;01;0109;010913
2026-04;2026;04;Braga;Barcelos;ACC;1;03;0302;030244
2026-04;2026;04;Lisboa;Mafra;ACC;3;11;1109;110909
2026-04;2026;04;Santarém;Salvaterra de Magos;ACC;3;14;1415;141502
2026-04;2026;04;Braga;Fafe;ACC;1;03;0307;030716
2026-04;2026;04;Porto;Maia;ACC;4;13;1306;130608
2026-04;2026;04;Coimbra;Mira;ACC;1;06;0608;060801
2026-04;2026;04;Coimbra;Miranda do Corvo;ACC;2;06;0609;060902
2026-04;2026;04;Bragança;Mirandela;ACC;4;04;0407;040721
2026-04;2026;04;Viseu;Moimenta da Beira;ACC;1;18;1807;180710
2026-04;2026;04;Porto;Santo Tirso;ACC;1;13;1314;131413
2026-04;2026;04;Faro;Vila Real de Santo António;ACC;1;08;0816;081603
2026-04;2026;04;Vila Real;Murça;ACC;1;17;1707;170705
2026-04;2026;04;Leiria;Caldas da Rainha;ACC;1;10;1006;100608
2026-04;2026;04;Santarém;Ourém;ACC;3;14;1421;142115
2026-04;2026;04;Évora;Vila Viçosa;ACC;2;07;0714;071406
2026-04;2026;04;Aveiro;Oliveira do Bairro;ACC;3;01;0114;011403
2026-04;2026;04;Faro;Olhão;ACC;1;08;0810;081003
2026-04;2026;04;Lisboa;Lisboa;ACC;2;11;1106;110633
2026-04;2026;04;Aveiro;Aveiro;ACC;1;01;0105;010508
2026-04;2026;04;Setúbal;Palmela;ACC;2;15;1508;150802
2026-04;2026;04;Porto;Porto;CER;1;13;1312;131210
2026-04;2026;04;Coimbra;Penacova;ACC;2;06;0613;061307
2026-04;2026;04;Leiria;Peniche;ACC;1;10;1014;101407
2026-04;2026;04;Porto;Penafiel;ACC;1;13;1311;131125
2026-04;2026;04;Beja;Serpa;ACC;1;02;0213;021303
2026-04;2026;04;Guarda;Seia;ACC;1;09;0912;091209
2026-04;2026;04;Guarda;Pinhel;ACC;1;09;0910;091017
2026-04;2026;04;Braga;Guimarães;ACC;2;03;0308;030837
2026-04;2026;04;Leiria;Pombal;ACC;5;10;1015;101509
2026-04;2026;04;Lisboa;Torres Vedras;ACC;2;11;1113;111310
2026-04;2026;04;Évora;Portel;ACC;1;07;0709;070905
2026-04;2026;04;Leiria;Porto de Mós;ACC;1;10;1016;101614
2026-04;2026;04;Lisboa;Oeiras;ACC;4;11;1110;111009
2026-04;2026;04;Braga;Barcelos;ACC;2;03;0302;030261
2026-04;2026;04;Beja;Moura;ACC;1;02;0210;021002
2026-04;2026;04;Coimbra;Mira;ACC;1;06;0608;060804
2026-04;2026;04;Faro;Olhão;ACC;2;08;0810;081005
2026-04;2026;04;Braga;Fafe;ACC;3;03;0307;030722
2026-04;2026;04;Setúbal;Palmela;ACC;1;15;1508;150804
2026-04;2026;04;Lisboa;Torres Vedras;ACC;1;11;1113;111311
2026-04;2026;04;Évora;Redondo;ACC;1;07;0710;071002
2026-04;2026;04;Leiria;Leiria;ACC;2;10;1009;100921
2026-04;2026;04;Viseu;Viseu;ACC;2;18;1823;182323
2026-04;2026;04;Porto;Penafiel;ACC;2;13;1311;131129
2026-04;2026;04;Lisboa;Sintra;ACC;5;11;1111;111108
2026-04;2026;04;Santarém;Rio Maior;ACC;2;14;1414;141408
2026-04;2026;04;Aveiro;Santa Maria da Feira;ACC;1;01;0109;010921
2026-04;2026;04;Porto;Gondomar;CER;1;13;1304;130408
2026-04;2026;04;Vila Real;Vila Pouca de Aguiar;ACC;1;17;1713;171317
2026-04;2026;04;Bragança;Bragança;ACC;1;04;0402;040240
2026-04;2026;04;Santarém;Benavente;ACC;2;14;1405;140502
2026-04;2026;04;Braga;Guimarães;ACC;1;03;0308;030858
2026-04;2026;04;Setúbal;Santiago do Cacém;ACC;1;15;1509;150907
2026-04;2026;04;Coimbra;Coimbra;ACC;4;06;0603;060318
2026-04;2026;04;Faro;Silves;ACC;2;08;0813;081305
2026-04;2026;04;Évora;Évora;ACC;1;07;0705;070506
2026-04;2026;04;Porto;Vila Nova de Gaia;ACC;4;13;1317;131717
2026-04;2026;04;Portalegre;Campo Maior;ACC;1;12;1204;120403
2026-04;2026;04;Portalegre;Castelo de Vide;ACC;1;12;1205;120504
2026-04;2026;04;Santarém;Entroncamento;ACC;1;14;1410;141001
2026-04;2026;04;Beja;Aljustrel;ACC;1;02;0201;020104
2026-04;2026;04;Aveiro;Anadia;ACC;1;01;0103;010310
2026-04;2026;04;Viana do Castelo;Valença;ACC;1;16;1608;160812
2026-04;2026;04;Santarém;Sardoal;ACC;1;14;1417;141703
2026-04;2026;04;Setúbal;Montijo;ACC;1;15;1507;150704
2026-04;2026;04;Viseu;Sátão;ACC;2;18;1817;181710
2026-04;2026;04;Aveiro;Sever do Vouga;ACC;1;01;0117;011706
2026-04;2026;04;Viseu;Sátão;ACC;1;18;1817;181711
2026-04;2026;04;Aveiro;Espinho;ACC;1;01;0107;010705
2026-04;2026;04;Setúbal;Sines;ACC;2;15;1513;151301
2026-04;2026;04;Porto;Paredes;CER;1;13;1310;131020
2026-04;2026;04;Portalegre;Sousel;ACC;1;12;1215;121504
2026-04;2026;04;Lisboa;Arruda dos Vinhos;ACC;1;11;1102;110204
2026-04;2026;04;Coimbra;Tábua;ACC;3;06;0616;061614
2026-04;2026;04;Coimbra;Figueira da Foz;ACC;1;06;0605;060512
2026-04;2026;04;Guarda;Aguiar da Beira;ACC;1;09;0901;090114
2026-04;2026;04;Setúbal;Alcácer do Sal;ACC;2;15;1501;150107
2026-04;2026;04;Santarém;Alcanena;ACC;2;14;1402;140211
2026-04;2026;04;Lisboa;Alenquer;ACC;2;11;1101;110119
2026-04;2026;04;Setúbal;Almada;ACC;1;15;1503;150312
2026-04;2026;04;Braga;Esposende;ACC;1;03;0306;030616
2026-04;2026;04;Coimbra;Coimbra;ACC;1;06;0603;060333
2026-04;2026;04;Braga;Guimarães;ACC;1;03;0308;030878
2026-04;2026;04;Setúbal;Setúbal;ACC;3;15;1512;151209
2026-04;2026;04;Lisboa;Loures;ACC;5;11;1107;110728
2026-04;2026;04;Braga;Barcelos;ACC;3;03;0302;030293
2026-04;2026;04;Setúbal;Barreiro;ACC;1;15;1504;150410
2026-04;2026;04;Setúbal;Moita;ACC;3;15;1506;150607
2026-04;2026;04;Braga;Braga;ACC;1;03;0303;030364
2026-04;2026;04;Braga;Celorico de Basto;ACC;1;03;0305;030523
2026-04;2026;04;Coimbra;Cantanhede;ACC;2;06;0602;060220
2026-04;2026;04;Lisboa;Oeiras;ACC;7;11;1110;111013
2026-04;2026;04;Santarém;Santarém;ACC;1;14;1416;141633
2026-04;2026;04;Coimbra;Condeixa-a-Nova;ACC;3;06;0604;060411
2026-04;2026;04;Castelo Branco;Covilhã;ACC;4;05;0503;050335
2026-04;2026;04;Braga;Braga;ACC;1;03;0303;030370
2026-04;2026;04;Faro;Lagoa;ACC;1;08;0806;080607
2026-04;2026;04;Porto;Gondomar;ACC;5;13;1304;130413
2026-04;2026;04;Porto;Gondomar;CER;1;13;1304;130413
2026-04;2026;04;Aveiro;Santa Maria da Feira;ACC;5;01;0109;010935
2026-04;2026;04;Braga;Braga;ACC;1;03;0303;030371
2026-04;2026;04;Braga;Póvoa de Lanhoso;ACC;1;03;0309;030934
2026-04;2026;04;Porto;Gondomar;CER;1;13;1304;130414
2026-04;2026;04;Santarém;Ourém;ACC;1;14;1421;142119
2026-04;2026;04;Viana do Castelo;Valença;ACC;1;16;1608;160817
2026-04;2026;04;Setúbal;Grândola;ACC;3;15;1505;150506
2026-04;2026;04;Leiria;Pombal;ACC;3;10;1015;101518
2026-04;2026;04;Porto;Porto;CER;1;13;1312;131218
2026-04;2026;04;Évora;Évora;ACC;10;07;0705;070524
2026-04;2026;04;Porto;Matosinhos;ACC;1;13;1308;130812
2026-04;2026;04;Porto;Matosinhos;CER;1;13;1308;130812
2026-04;2026;04;Porto;Gondomar;ACC;1;13;1304;130416
2026-04;2026;04;Bragança;Mogadouro;ACC;2;04;0408;040830
2026-04;2026;04;Faro;Olhão;ACC;1;08;0810;081006
2026-04;2026;04;Leiria;Leiria;ACC;1;10;1009;100936
2026-04;2026;04;Lisboa;Loures;ACC;1;11;1107;110726
2026-04;2026;04;Braga;Guimarães;ACC;2;03;0308;030884
2026-04;2026;04;Setúbal;Barreiro;ACC;2;15;1504;150411
2026-04;2026;04;Leiria;Leiria;ACC;2;10;1009;100937
2026-04;2026;04;Setúbal;Montijo;ACC;1;15;1507;150711
2026-04;2026;04;Porto;Matosinhos;ACC;4;13;1308;130813
2026-04;2026;04;Setúbal;Palmela;ACC;3;15;1508;150806
2026-04;2026;04;Braga;Cabeceiras de Basto;ACC;1;03;0304;030421
2026-04;2026;04;Guarda;Sabugal;ACC;1;09;0911;091145
2026-04;2026;04;Lisboa;Loures;ACC;7;11;1107;110727
2026-04;2026;04;Santarém;Salvaterra de Magos;ACC;1;14;1415;141508
2026-04;2026;04;Braga;Guimarães;ACC;1;03;0308;030886
2026-04;2026;04;Braga;Guimarães;ACC;4;03;0308;030887
2026-04;2026;04;Porto;Vila Nova de Gaia;ACC;1;13;1317;131729
2026-04;2026;04;Lisboa;Loures;ACC;3;11;1107;110729
2026-04;2026;04;Lisboa;Sintra;ACC;2;11;1111;111127
2026-04;2026;04;Viseu;São Pedro do Sul;ACC;1;18;1816;181623
2026-04;2026;04;Viseu;Santa Comba Dão;ACC;1;18;1814;181411
2026-04;2026;04;Braga;Guimarães;ACC;1;03;0308;030888
2026-04;2026;04;Coimbra;Cantanhede;ACC;1;06;0602;060223
2026-04;2026;04;Bragança;Bragança;ACC;1;04;0402;040257
2026-04;2026;04;Braga;Braga;ACC;1;03;0303;030380
2026-04;2026;04;Coimbra;Coimbra;ACC;2;06;0603;060338
2026-04;2026;04;Coimbra;Coimbra;ACC;2;06;0603;060339
2026-04;2026;04;Setúbal;Santiago do Cacém;ACC;1;15;1509;150912
2026-04;2026;04;Leiria;Pombal;ACC;2;10;1015;101519
2026-04;2026;04;Viseu;Tarouca;ACC;2;18;1820;182013
2026-04;2026;04;Coimbra;Coimbra;ACC;1;06;0603;060340
2026-04;2026;04;Santarém;Tomar;ACC;2;14;1418;141821
2026-04;2026;04;Viseu;Tondela;ACC;3;18;1821;182132
2026-04;2026;04;Santarém;Torres Novas;ACC;1;14;1419;141920
2026-04;2026;04;Aveiro;Águeda;ACC;1;01;0101;010125
2026-04;2026;04;Aveiro;Águeda;ACC;2;01;0101;010126
2026-04;2026;04;Viana do Castelo;Viana do Castelo;ACC;3;16;1609;160948
2026-04;2026;04;Braga;Braga;ACC;1;03;0303;030381
2026-04;2026;04;Aveiro;Vale de Cambra;ACC;1;01;0119;011910
2026-04;2026;04;Beja;Serpa;ACC;1;02;0213;021309
2026-04;2026;04;Santarém;Cartaxo;ACC;1;14;1406;140608
2026-04;2026;04;Braga;Vila Nova de Famalicão;ACC;2;03;0312;031241
2026-04;2026;04;Porto;Paredes;ACC;1;13;1310;131022
2026-04;2026;04;Braga;Barcelos;ACC;2;03;0302;030283
2026-04;2026;04;Braga;Vila Nova de Famalicão;ACC;1;03;0312;031254
2026-04;2026;04;Leiria;Pombal;ACC;1;10;1015;101513
2026-04;2026;04;Santarém;Cartaxo;ACC;2;14;1406;140607
2026-04;2026;04;Porto;Vila do Conde;CER;1;13;1316;131628
2026-04;2026;04;Porto;Vila do Conde;ACC;2;13;1316;131630
2026-04;2026;04;Braga;Vila Nova de Famalicão;ACC;2;03;0312;031249
2026-04;2026;04;Bragança;Vinhais;ACC;1;04;0412;041235
2025-10;2025;10;Braga;Braga;ACC;3;03;0303;030301
2025-10;2025;10;Porto;Santo Tirso;ACC;1;13;1314;131402
2025-10;2025;10;Lisboa;Amadora;ACC;1;11;1115;111513
2025-10;2025;10;Guarda;Guarda;ACC;1;09;0907;090703
2025-10;2025;10;Lisboa;Sintra;ACC;3;11;1111;111102
2025-10;2025;10;Setúbal;Moita;ACC;1;15;1506;150601
2025-10;2025;10;Faro;Aljezur;ACC;1;08;0803;080301
2025-10;2025;10;Faro;Loulé;ACC;3;08;0808;080801
2025-10;2025;10;Santarém;Alpiarça;ACC;1;14;1404;140401
2025-10;2025;10;Leiria;Caldas da Rainha;ACC;1;10;1006;100602
2025-10;2025;10;Évora;Estremoz;ACC;1;07;0704;070401
2025-10;2025;10;Aveiro;Santa Maria da Feira;ACC;5;01;0109;010901
2025-10;2025;10;Guarda;Guarda;ACC;1;09;0907;090706
2025-10;2025;10;Porto;Vila do Conde;ACC;2;13;1316;131602
2025-10;2025;10;Portalegre;Elvas;ACC;1;12;1207;120712
2025-10;2025;10;Porto;Paredes;ACC;1;13;1310;131002
2025-10;2025;10;Leiria;Peniche;ACC;1;10;1014;101402
2025-10;2025;10;Lisboa;Lisboa;ACC;1;11;1106;110657
2025-10;2025;10;Porto;Vila Nova de Gaia;ACC;1;13;1317;131702
2025-10;2025;10;Santarém;Golegã;ACC;1;14;1412;141201
2025-10;2025;10;Porto;Gondomar;ACC;4;13;1304;130412
2025-10;2025;10;Lisboa;Lisboa;ACC;2;11;1106;110607
2025-10;2025;10;Lisboa;Lisboa;ACC;1;11;1106;110658
2025-10;2025;10;Faro;Loulé;ACC;1;08;0808;080804
2025-10;2025;10;Viseu;São Pedro do Sul;ACC;1;18;1816;181602
2025-10;2025;10;Braga;Guimarães;ACC;2;03;0308;030807
2025-10;2025;10;Viana do Castelo;Ponte de Lima;ACC;1;16;1607;160713
2025-10;2025;10;Porto;Porto;ACC;3;13;1312;131203
2025-10;2025;10;Porto;Vila Nova de Gaia;ACC;2;13;1317;131704
2025-10;2025;10;Lisboa;Lisboa;ACC;2;11;1106;110611
2025-10;2025;10;Bragança;Carrazeda de Ansiães;ACC;1;04;0403;040304
2025-10;2025;10;Viana do Castelo;Viana do Castelo;ACC;1;16;1609;160910
2025-10;2025;10;Santarém;Ourém;ACC;1;14;1421;142104
2025-10;2025;10;Porto;Paredes;ACC;1;13;1310;131008
2025-10;2025;10;Porto;Marco de Canaveses;ACC;2;13;1307;130705
2025-10;2025;10;Setúbal;Seixal;ACC;7;15;1510;151005
2025-10;2025;10;Évora;Reguengos de Monsaraz;ACC;1;07;0711;071102
2025-10;2025;10;Santarém;Mação;ACC;1;14;1413;141305
2025-10;2025;10;Aveiro;Ovar;ACC;1;01;0115;011503
2025-10;2025;10;Santarém;Ourém;ACC;3;14;1421;142106
2025-10;2025;10;Coimbra;Cantanhede;ACC;1;06;0602;060207
2025-10;2025;10;Braga;Guimarães;ACC;1;03;0308;030815
2025-10;2025;10;Setúbal;Seixal;ACC;3;15;1510;151006
2025-10;2025;10;Coimbra;Penacova;ACC;1;06;0613;061302
2025-10;2025;10;Porto;Paços de Ferreira;ACC;1;13;1309;130906
2025-10;2025;10;Santarém;Rio Maior;ACC;1;14;1414;141405
2025-10;2025;10;Porto;Paços de Ferreira;ACC;1;13;1309;130908
2025-10;2025;10;Braga;Vila Verde;ACC;1;03;0313;031317
2025-10;2025;10;Guarda;Guarda;ACC;1;09;0907;090758
2025-10;2025;10;Porto;Vila do Conde;ACC;1;13;1316;131611
2025-10;2025;10;Braga;Vila Nova de Famalicão;ACC;1;03;0312;031219
2025-10;2025;10;Castelo Branco;Castelo Branco;ACC;1;05;0502;050211
2025-10;2025;10;Porto;Póvoa de Varzim;ACC;1;13;1313;131308
2025-10;2025;10;Coimbra;Penacova;ACC;1;06;0613;061304
2025-10;2025;10;Porto;Amarante;ACC;1;13;1301;130121
2025-10;2025;10;Lisboa;Lisboa;CER;1;11;1106;110618
2025-10;2025;10;Braga;Barcelos;ACC;1;03;0302;030244
2025-10;2025;10;Coimbra;Figueira da Foz;ACC;1;06;0605;060507
2025-10;2025;10;Porto;Marco de Canaveses;ACC;3;13;1307;130736
2025-10;2025;10;Leiria;Marinha Grande;ACC;5;10;1010;101001
2025-10;2025;10;Santarém;Torres Novas;ACC;1;14;1419;141917
2025-10;2025;10;Aveiro;Santa Maria da Feira;ACC;1;01;0109;010914
2025-10;2025;10;Lisboa;Amadora;ACC;2;11;1115;111516
2025-10;2025;10;Coimbra;Mira;ACC;1;06;0608;060801
2025-10;2025;10;Coimbra;Miranda do Corvo;ACC;1;06;0609;060902
2025-10;2025;10;Setúbal;Moita;ACC;2;15;1506;150603
2025-10;2025;10;Viseu;Nelas;ACC;1;18;1809;180903
2025-10;2025;10;Braga;Guimarães;ACC;1;03;0308;030832
2025-10;2025;10;Aveiro;Oliveira do Bairro;ACC;2;01;0114;011403
2025-10;2025;10;Faro;Olhão;ACC;1;08;0810;081003
2025-10;2025;10;Braga;Braga;CER;1;03;0303;030331
2025-10;2025;10;Porto;Porto;ACC;1;13;1312;131210
2025-10;2025;10;Santarém;Santarém;ACC;1;14;1416;141614
2025-10;2025;10;Leiria;Pombal;ACC;3;10;1015;101509
2025-10;2025;10;Leiria;Porto de Mós;ACC;1;10;1016;101614
2025-10;2025;10;Faro;Olhão;ACC;2;08;0810;081005
2025-10;2025;10;Setúbal;Palmela;ACC;1;15;1508;150804
2025-10;2025;10;Lisboa;Sintra;ACC;5;11;1111;111108
2025-10;2025;10;Castelo Branco;Idanha-a-Nova;ACC;1;05;0505;050512
2025-10;2025;10;Vila Real;Vila Pouca de Aguiar;ACC;1;17;1713;171317
2025-10;2025;10;Setúbal;Setúbal;ACC;1;15;1512;151208
2025-10;2025;10;Bragança;Bragança;ACC;1;04;0402;040240
2025-10;2025;10;Braga;Guimarães;ACC;1;03;0308;030858
2025-10;2025;10;Braga;Vizela;ACC;1;03;0314;031401
2025-10;2025;10;Lisboa;Lisboa;ACC;1;11;1106;110665
2025-10;2025;10;Setúbal;Santiago do Cacém;ACC;1;15;1509;150907
2025-10;2025;10;Évora;Évora;ACC;1;07;0705;070506
2025-10;2025;10;Faro;São Brás de Alportel;ACC;1;08;0812;081201
2025-10;2025;10;Portalegre;Campo Maior;ACC;1;12;1204;120403
2025-10;2025;10;Beja;Aljustrel;ACC;1;02;0201;020104
2025-10;2025;10;Aveiro;Santa Maria da Feira;ACC;2;01;0109;010926
2025-10;2025;10;Aveiro;Oliveira de Azeméis;ACC;1;01;0113;011318
2025-10;2025;10;Setúbal;Montijo;ACC;1;15;1507;150704
2025-10;2025;10;Braga;Guimarães;ACC;2;03;0308;030854
2025-10;2025;10;Setúbal;Sines;ACC;1;15;1513;151301
2025-10;2025;10;Portalegre;Sousel;ACC;1;12;1215;121504
2025-10;2025;10;Guarda;Sabugal;ACC;1;09;0911;091134
2025-10;2025;10;Braga;Vila Verde;ACC;1;03;0313;031354
2025-10;2025;10;Aveiro;Águeda;ACC;2;01;0101;010121
2025-10;2025;10;Portalegre;Avis;ACC;1;12;1203;120309
2025-10;2025;10;Aveiro;Anadia;ACC;1;01;0103;010317
2025-10;2025;10;Porto;Santo Tirso;ACC;1;13;1314;131433
2025-10;2025;10;Braga;Barcelos;ACC;1;03;0302;030292
2025-10;2025;10;Coimbra;Coimbra;ACC;1;06;0603;060333
2025-10;2025;10;Setúbal;Setúbal;ACC;2;15;1512;151209
2025-10;2025;10;Porto;Trofa;ACC;2;13;1318;131810
2025-10;2025;10;Braga;Celorico de Basto;ACC;1;03;0305;030523
2025-10;2025;10;Lisboa;Cadaval;ACC;1;11;1104;110411
2025-10;2025;10;Braga;Guimarães;ACC;2;03;0308;030881
2025-10;2025;10;Coimbra;Cantanhede;ACC;1;06;0602;060220
2025-10;2025;10;Lisboa;Cascais;ACC;1;11;1105;110507
2025-10;2025;10;Lisboa;Alenquer;ACC;1;11;1101;110120
2025-10;2025;10;Santarém;Cartaxo;ACC;2;14;1406;140609
2025-10;2025;10;Lisboa;Vila Franca de Xira;ACC;1;11;1114;111414
2025-10;2025;10;Setúbal;Almada;ACC;5;15;1503;150314
2025-10;2025;10;Coimbra;Condeixa-a-Nova;ACC;2;06;0604;060411
2025-10;2025;10;Porto;Lousada;ACC;2;13;1305;130528
2025-10;2025;10;Portalegre;Nisa;ACC;1;12;1212;121212
2025-10;2025;10;Braga;Vila Verde;ACC;1;03;0313;031363
2025-10;2025;10;Viseu;Viseu;ACC;1;18;1823;182338
2025-10;2025;10;Faro;Faro;CER;1;08;0805;080508
2025-10;2025;10;Viseu;Vouzela;ACC;1;18;1824;182414
2025-10;2025;10;Leiria;Figueiró dos Vinhos;ACC;1;10;1008;100806
2025-10;2025;10;Castelo Branco;Fundão;ACC;2;05;0504;050434
2025-10;2025;10;Leiria;Pombal;ACC;3;10;1015;101518
2025-10;2025;10;Castelo Branco;Idanha-a-Nova;ACC;1;05;0505;050518
2025-10;2025;10;Lisboa;Mafra;ACC;3;11;1109;110920
2025-10;2025;10;Porto;Porto;ACC;2;13;1312;131218
2025-10;2025;10;Porto;Vila Nova de Gaia;ACC;2;13;1317;131727
2025-10;2025;10;Castelo Branco;Castelo Branco;ACC;1;05;0502;050230
2025-10;2025;10;Aveiro;Oliveira de Azeméis;ACC;1;01;0113;011320
2025-10;2025;10;Lisboa;Oeiras;ACC;3;11;1110;111014
2025-10;2025;10;Braga;Guimarães;ACC;2;03;0308;030884
2025-10;2025;10;Aveiro;Oliveira de Azeméis;ACC;1;01;0113;011322
2025-10;2025;10;Porto;Vila Nova de Gaia;ACC;2;13;1317;131728
2025-10;2025;10;Setúbal;Palmela;ACC;2;15;1508;150806
2025-10;2025;10;Viana do Castelo;Melgaço;ACC;1;16;1603;160322
2025-10;2025;10;Castelo Branco;Proença-a-Nova;ACC;1;05;0508;050807
2025-10;2025;10;Lisboa;Sintra;ACC;3;11;1111;111126
2025-10;2025;10;Lisboa;Odivelas;ACC;1;11;1116;111610
2025-10;2025;10;Braga;Cabeceiras de Basto;ACC;1;03;0304;030421
2025-10;2025;10;Portalegre;Portalegre;ACC;1;12;1214;121413
2025-10;2025;10;Santarém;Salvaterra de Magos;ACC;1;14;1415;141508
2025-10;2025;10;Coimbra;Coimbra;ACC;1;06;0603;060336
2025-10;2025;10;Lisboa;Sintra;ACC;2;11;1111;111127
2025-10;2025;10;Vila Real;Chaves;ACC;3;17;1703;170358
2025-10;2025;10;Braga;Guimarães;ACC;1;03;0308;030889
2025-10;2025;10;Porto;Vila Nova de Gaia;ACC;2;13;1317;131731
2025-10;2025;10;Bragança;Bragança;ACC;1;04;0402;040257
2025-10;2025;10;Braga;Braga;ACC;1;03;0303;030380
2025-10;2025;10;Coimbra;Coimbra;ACC;2;06;0603;060338
2025-10;2025;10;Santarém;Abrantes;ACC;1;14;1401;140124
2025-10;2025;10;Coimbra;Coimbra;ACC;1;06;0603;060340
2025-10;2025;10;Viseu;Tondela;ACC;2;18;1821;182132
2025-10;2025;10;Braga;Celorico de Basto;ACC;1;03;0305;030527
2025-10;2025;10;Viana do Castelo;Viana do Castelo;ACC;1;16;1609;160948
2025-10;2025;10;Lisboa;Mafra;ACC;1;11;1109;110922
2025-10;2025;10;Porto;Paredes;ACC;1;13;1310;131022
2025-10;2025;10;Évora;Vendas Novas;ACC;2;07;0712;071201
2025-10;2025;10;Lisboa;Torres Vedras;ACC;1;11;1113;111318
2025-10;2025;10;Porto;Maia;ACC;1;13;1306;130616
2025-10;2025;10;Faro;Vila Real de Santo António;ACC;2;08;0816;081602
2025-10;2025;10;Viseu;Viseu;ACC;1;18;1823;182341
2025-11;2025;11;Faro;Albufeira;ACC;1;08;0801;080106
2025-11;2025;11;Santarém;Rio Maior;ACC;3;14;1414;141401
2025-11;2025;11;Lisboa;Amadora;ACC;2;11;1115;111512
2025-11;2025;11;Lisboa;Sintra;ACC;3;11;1111;111102
2025-11;2025;11;Setúbal;Moita;ACC;1;15;1506;150601
2025-11;2025;11;Leiria;Alcobaça;ACC;1;10;1001;100120
2025-11;2025;11;Faro;Loulé;ACC;3;08;0808;080801
2025-11;2025;11;Coimbra;Figueira da Foz;ACC;1;06;0605;060502
2025-11;2025;11;Leiria;Caldas da Rainha;ACC;1;10;1006;100602
2025-11;2025;11;Braga;Barcelos;ACC;1;03;0302;030209
2025-11;2025;11;Aveiro;Santa Maria da Feira;ACC;5;01;0109;010901
2025-11;2025;11;Faro;Silves;ACC;1;08;0813;081303
2025-11;2025;11;Braga;Fafe;ACC;1;03;0307;030726
2025-11;2025;11;Porto;Vila do Conde;ACC;2;13;1316;131602
2025-11;2025;11;Leiria;Peniche;ACC;1;10;1014;101402
2025-11;2025;11;Porto;Vila do Conde;ACC;1;13;1316;131603
2025-11;2025;11;Santarém;Golegã;ACC;1;14;1412;141201
2025-11;2025;11;Leiria;Batalha;ACC;1;10;1004;100401
2025-11;2025;11;Porto;Marco de Canaveses;ACC;1;13;1307;130734
2025-11;2025;11;Beja;Odemira;ACC;1;02;0211;021116
2025-11;2025;11;Vila Real;Vila Pouca de Aguiar;ACC;1;17;1713;171303
2025-11;2025;11;Évora;Évora;ACC;1;07;0705;070515
2025-11;2025;11;Porto;Vila Nova de Gaia;ACC;3;13;1317;131703
2025-11;2025;11;Leiria;Pombal;ACC;1;10;1015;101505
2025-11;2025;11;Porto;Paços de Ferreira;ACC;4;13;1309;130902
2025-11;2025;11;Coimbra;Coimbra;ACC;1;06;0603;060312
2025-11;2025;11;Aveiro;Oliveira de Azeméis;ACC;1;01;0113;011302
2025-11;2025;11;Braga;Guimarães;ACC;1;03;0308;030812
2025-11;2025;11;Braga;Vieira do Minho;ACC;1;03;0311;031107
2025-11;2025;11;Santarém;Mação;ACC;1;14;1413;141305
2025-11;2025;11;Aveiro;Ovar;ACC;1;01;0115;011503
2025-11;2025;11;Braga;Braga;ACC;1;03;0303;030313
2025-11;2025;11;Braga;Fafe;ACC;2;03;0307;030709
2025-11;2025;11;Santarém;Ourém;ACC;3;14;1421;142106
2025-11;2025;11;Coimbra;Cantanhede;ACC;1;06;0602;060207
2025-11;2025;11;Braga;Guimarães;ACC;1;03;0308;030815
2025-11;2025;11;Setúbal;Seixal;ACC;3;15;1510;151006
2025-11;2025;11;Coimbra;Penacova;ACC;1;06;0613;061302
2025-11;2025;11;Santarém;Rio Maior;ACC;1;14;1414;141405
2025-11;2025;11;Porto;Vila do Conde;ACC;1;13;1316;131610
2025-11;2025;11;Braga;Guimarães;ACC;1;03;0308;030820
2025-11;2025;11;Guarda;Guarda;ACC;1;09;0907;090758
2025-11;2025;11;Braga;Vila Nova de Famalicão;ACC;1;03;0312;031219
2025-11;2025;11;Porto;Póvoa de Varzim;ACC;1;13;1313;131308
2025-11;2025;11;Porto;Lousada;ACC;1;13;1305;130510
2025-11;2025;11;Porto;Vila do Conde;ACC;1;13;1316;131614
2025-11;2025;11;Leiria;Marinha Grande;ACC;5;10;1010;101001
2025-11;2025;11;Bragança;Mirandela;ACC;1;04;0407;040720
2025-11;2025;11;Santarém;Torres Novas;ACC;1;14;1419;141917
2025-11;2025;11;Lisboa;Amadora;ACC;2;11;1115;111516
2025-11;2025;11;Coimbra;Mira;ACC;1;06;0608;060801
2025-11;2025;11;Porto;Maia;ACC;4;13;1306;130609
2025-11;2025;11;Aveiro;Santa Maria da Feira;ACC;1;01;0109;010916
2025-11;2025;11;Santarém;Salvaterra de Magos;ACC;1;14;1415;141503
2025-11;2025;11;Leiria;Caldas da Rainha;ACC;1;10;1006;100608
2025-11;2025;11;Viseu;Nelas;ACC;1;18;1809;180903
2025-11;2025;11;Porto;Lousada;ACC;1;13;1305;130515
2025-11;2025;11;Santarém;Ourém;ACC;2;14;1421;142115
2025-11;2025;11;Beja;Beja;ACC;1;02;0205;020506
2025-11;2025;11;Porto;Paços de Ferreira;ACC;1;13;1309;130918
2025-11;2025;11;Porto;Porto;ACC;1;13;1312;131210
2025-11;2025;11;Leiria;Peniche;ACC;1;10;1014;101407
2025-11;2025;11;Guarda;Seia;ACC;1;09;0912;091209
2025-11;2025;11;Leiria;Pombal;ACC;3;10;1015;101509
2025-11;2025;11;Braga;Guimarães;ACC;1;03;0308;030838
2025-11;2025;11;Santarém;Cartaxo;ACC;1;14;1406;140604
2025-11;2025;11;Faro;Portimão;ACC;2;08;0811;081103
2025-11;2025;11;Braga;Fafe;ACC;2;03;0307;030722
2025-11;2025;11;Setúbal;Sesimbra;ACC;1;15;1511;151103
2025-11;2025;11;Viseu;Resende;ACC;2;18;1813;181311
2025-11;2025;11;Santarém;Torres Novas;ACC;1;14;1419;141910
2025-11;2025;11;Viseu;Viseu;ACC;2;18;1823;182323
2025-11;2025;11;Évora;Borba;ACC;1;07;0703;070303
2025-11;2025;11;Lisboa;Sintra;ACC;5;11;1111;111108
2025-11;2025;11;Vila Real;Vila Pouca de Aguiar;ACC;1;17;1713;171317
2025-11;2025;11;Aveiro;Santa Maria da Feira;ACC;2;01;0109;010925
2025-11;2025;11;Lisboa;Lisboa;ACC;1;11;1106;110665
2025-11;2025;11;Viana do Castelo;Viana do Castelo;ACC;1;16;1609;160928
2025-11;2025;11;Coimbra;Coimbra;ACC;2;06;0603;060318
2025-11;2025;11;Faro;Silves;ACC;2;08;0813;081305
2025-11;2025;11;Leiria;Porto de Mós;ACC;1;10;1016;101610
2025-11;2025;11;Portalegre;Campo Maior;ACC;1;12;1204;120403
2025-11;2025;11;Aveiro;Oliveira de Azeméis;ACC;1;01;0113;011318
2025-11;2025;11;Santarém;Sardoal;ACC;1;14;1417;141703
2025-11;2025;11;Viseu;Sátão;ACC;1;18;1817;181710
2025-11;2025;11;Setúbal;Sesimbra;ACC;1;15;1511;151101
2025-11;2025;11;Lisboa;Sobral de Monte Agraço;ACC;1;11;1112;111203
2025-11;2025;11;Coimbra;Tábua;ACC;2;06;0616;061614
2025-11;2025;11;Braga;Barcelos;ACC;1;03;0302;030277
2025-11;2025;11;Lisboa;Alenquer;ACC;1;11;1101;110118
2025-11;2025;11;Lisboa;Sintra;ACC;2;11;1111;111122
2025-11;2025;11;Porto;Póvoa de Varzim;ACC;1;13;1313;131314
2025-11;2025;11;Porto;Porto;ACC;1;13;1312;131216
2025-11;2025;11;Braga;Guimarães;ACC;1;03;0308;030878
2025-11;2025;11;Lisboa;Loures;ACC;3;11;1107;110728
2025-11;2025;11;Aveiro;Santa Maria da Feira;ACC;1;01;0109;010932
2025-11;2025;11;Lisboa;Loures;ACC;1;11;1107;110731
2025-11;2025;11;Braga;Guimarães;ACC;2;03;0308;030881
2025-11;2025;11;Coimbra;Cantanhede;ACC;2;06;0602;060220
2025-11;2025;11;Setúbal;Almada;ACC;1;15;1503;150313
2025-11;2025;11;Lisboa;Oeiras;ACC;6;11;1110;111013
2025-11;2025;11;Lisboa;Alenquer;ACC;1;11;1101;110120
2025-11;2025;11;Lisboa;Vila Franca de Xira;ACC;1;11;1114;111414
2025-11;2025;11;Beja;Castro Verde;ACC;1;02;0206;020606
2025-11;2025;11;Braga;Braga;ACC;1;03;0303;030367
2025-11;2025;11;Santarém;Santarém;ACC;1;14;1416;141633
2025-11;2025;11;Coimbra;Condeixa-a-Nova;ACC;2;06;0604;060411
2025-11;2025;11;Castelo Branco;Covilhã;ACC;3;05;0503;050335
2025-11;2025;11;Porto;Matosinhos;ACC;1;13;1308;130811
2025-11;2025;11;Braga;Esposende;ACC;5;03;0306;030618
2025-11;2025;11;Braga;Vila Verde;ACC;1;03;0313;031363
2025-11;2025;11;Viseu;Viseu;ACC;1;18;1823;182338
2025-11;2025;11;Faro;Faro;CER;1;08;0805;080508
2025-11;2025;11;Viseu;Vouzela;ACC;1;18;1824;182414
2025-11;2025;11;Braga;Braga;ACC;1;03;0303;030371
2025-11;2025;11;Porto;Lousada;ACC;1;13;1305;130529
2025-11;2025;11;Castelo Branco;Fundão;ACC;2;05;0504;050434
2025-11;2025;11;Viana do Castelo;Valença;ACC;1;16;1608;160817
2025-11;2025;11;Viana do Castelo;Viana do Castelo;ACC;1;16;1609;160943
2025-11;2025;11;Bragança;Bragança;ACC;1;04;0402;040252
2025-11;2025;11;Porto;Santo Tirso;ACC;1;13;1314;131436
2025-11;2025;11;Porto;Lousada;ACC;1;13;1305;130530
2025-11;2025;11;Évora;Évora;ACC;8;07;0705;070524
2025-11;2025;11;Porto;Matosinhos;ACC;1;13;1308;130812
2025-11;2025;11;Coimbra;Montemor-o-Velho;ACC;1;06;0610;061016
2025-11;2025;11;Setúbal;Montijo;ACC;3;15;1507;150710
2025-11;2025;11;Braga;Braga;ACC;2;03;0303;030377
2025-11;2025;11;Évora;Montemor-o-Novo;ACC;3;07;0706;070612
2025-11;2025;11;Lisboa;Oeiras;ACC;4;11;1110;111014
2025-11;2025;11;Aveiro;Oliveira de Azeméis;ACC;1;01;0113;011322
2025-11;2025;11;Setúbal;Palmela;ACC;2;15;1508;150806
2025-11;2025;11;Lisboa;Sintra;ACC;3;11;1111;111126
2025-11;2025;11;Lisboa;Odivelas;ACC;1;11;1116;111610
2025-11;2025;11;Aveiro;Águeda;ACC;1;01;0101;010124
2025-11;2025;11;Braga;Cabeceiras de Basto;ACC;1;03;0304;030421
2025-11;2025;11;Guarda;Sabugal;ACC;1;09;0911;091145
2025-11;2025;11;Lisboa;Loures;ACC;4;11;1107;110727
2025-11;2025;11;Santarém;Salvaterra de Magos;ACC;1;14;1415;141508
2025-11;2025;11;Braga;Guimarães;ACC;1;03;0308;030886
2025-11;2025;11;Braga;Guimarães;ACC;4;03;0308;030887
2025-11;2025;11;Coimbra;Coimbra;ACC;1;06;0603;060336
2025-11;2025;11;Lisboa;Sintra;ACC;2;11;1111;111127
2025-11;2025;11;Braga;Guimarães;ACC;1;03;0308;030888
2025-11;2025;11;Braga;Braga;ACC;1;03;0303;030380
2025-11;2025;11;Coimbra;Coimbra;ACC;2;06;0603;060338
2025-11;2025;11;Leiria;Pombal;ACC;2;10;1015;101519
2025-11;2025;11;Coimbra;Coimbra;ACC;1;06;0603;060340
2025-11;2025;11;Santarém;Tomar;ACC;2;14;1418;141821
2025-11;2025;11;Viseu;Tondela;ACC;2;18;1821;182132
2025-11;2025;11;Leiria;Caldas da Rainha;ACC;2;10;1006;100619
2025-11;2025;11;Viana do Castelo;Viana do Castelo;ACC;2;16;1609;160948
2025-11;2025;11;Viana do Castelo;Vila Nova de Cerveira;ACC;2;16;1610;161019
2025-11;2025;11;Beja;Serpa;ACC;1;02;0213;021309
2025-11;2025;11;Lisboa;Azambuja;ACC;1;11;1103;110306
2025-11;2025;11;Lisboa;Amadora;ACC;2;11;1115;111517
2025-11;2025;11;Lisboa;Torres Vedras;ACC;1;11;1113;111318
2025-11;2025;11;Leiria;Pombal;ACC;1;10;1015;101513
2025-11;2025;11;Aveiro;Oliveira de Azeméis;ACC;3;01;0113;011319
2025-11;2025;11;Castelo Branco;Vila de Rei;ACC;1;05;0510;051003
2025-11;2025;11;Porto;Maia;ACC;1;13;1306;130616
2025-11;2025;11;Lisboa;Cadaval;ACC;1;11;1104;110410
2025-11;2025;11;Leiria;Alcobaça;ACC;1;10;1001;100116
2025-12;2025;12;Braga;Braga;ACC;4;03;0303;030301
2025-12;2025;12;Porto;Santo Tirso;ACC;1;13;1314;131402
2025-12;2025;12;Lisboa;Amadora;ACC;1;11;1115;111513
2025-12;2025;12;Porto;Felgueiras;ACC;1;13;1303;130302
2025-12;2025;12;Aveiro;Albergaria-a-Velha;ACC;2;01;0102;010209
2025-12;2025;12;Évora;Viana do Alentejo;ACC;1;07;0713;071301
2025-12;2025;12;Guarda;Guarda;ACC;1;09;0907;090703
2025-12;2025;12;Lisboa;Amadora;ACC;2;11;1115;111512
2025-12;2025;12;Setúbal;Moita;ACC;1;15;1506;150601
2025-12;2025;12;Portalegre;Nisa;ACC;1;12;1212;121201
2025-12;2025;12;Coimbra;Figueira da Foz;ACC;1;06;0605;060502
2025-12;2025;12;Braga;Barcelos;ACC;1;03;0302;030208
2025-12;2025;12;Santarém;Santarém;ACC;1;14;1416;141607
2025-12;2025;12;Setúbal;Seixal;ACC;5;15;1510;151002
2025-12;2025;12;Braga;Barcelos;ACC;1;03;0302;030209
2025-12;2025;12;Braga;Fafe;ACC;1;03;0307;030726
2025-12;2025;12;Aveiro;Santa Maria da Feira;ACC;1;01;0109;010902
2025-12;2025;12;Porto;Vila do Conde;ACC;3;13;1316;131602
2025-12;2025;12;Porto;Paredes;ACC;1;13;1310;131002
2025-12;2025;12;Santarém;Ourém;ACC;2;14;1421;142102
2025-12;2025;12;Aveiro;Anadia;ACC;1;01;0103;010305
2025-12;2025;12;Porto;Vila Nova de Gaia;ACC;1;13;1317;131702
2025-12;2025;12;Lisboa;Lisboa;ACC;1;11;1106;110658
2025-12;2025;12;Viseu;São Pedro do Sul;ACC;1;18;1816;181602
2025-12;2025;12;Vila Real;Vila Pouca de Aguiar;ACC;1;17;1713;171303
2025-12;2025;12;Vila Real;Boticas;ACC;1;17;1702;170219
2025-12;2025;12;Lisboa;Loures;ACC;1;11;1107;110702
2025-12;2025;12;Aveiro;Murtosa;ACC;2;01;0112;011201
2025-12;2025;12;Viana do Castelo;Ponte de Lima;ACC;1;16;1607;160713
2025-12;2025;12;Porto;Porto;ACC;3;13;1312;131203
2025-12;2025;12;Porto;Porto;CER;1;13;1312;131203
2025-12;2025;12;Lisboa;Lisboa;ACC;1;11;1106;110610
2025-12;2025;12;Viseu;Nelas;ACC;1;18;1809;180901
2025-12;2025;12;Coimbra;Montemor-o-Velho;ACC;1;06;0610;061003
2025-12;2025;12;Lisboa;Lisboa;ACC;2;11;1106;110611
2025-12;2025;12;Aveiro;Oliveira de Azeméis;ACC;2;01;0113;011301
2025-12;2025;12;Leiria;Pombal;ACC;1;10;1015;101505
2025-12;2025;12;Porto;Paços de Ferreira;ACC;4;13;1309;130902
2025-12;2025;12;Viseu;Castro daire;ACC;1;18;1803;180304
2025-12;2025;12;Santarém;Ourém;ACC;1;14;1421;142104
2025-12;2025;12;Aveiro;Oliveira de Azeméis;ACC;1;01;0113;011302
2025-12;2025;12;Porto;Maia;ACC;2;13;1306;130619
2025-12;2025;12;Porto;Marco de Canaveses;ACC;2;13;1307;130705
2025-12;2025;12;Viana do Castelo;Vila Nova de Cerveira;ACC;1;16;1610;161003
2025-12;2025;12;Aveiro;Ovar;ACC;1;01;0115;011502
2025-12;2025;12;Évora;Reguengos de Monsaraz;ACC;1;07;0711;071102
2025-12;2025;12;Braga;Guimarães;ACC;1;03;0308;030812
2025-12;2025;12;Porto;Paredes;CER;1;13;1310;131009
2025-12;2025;12;Porto;Valongo;CER;1;13;1315;131503
2025-12;2025;12;Aveiro;Ovar;ACC;1;01;0115;011503
2025-12;2025;12;Braga;Fafe;ACC;2;03;0307;030709
2025-12;2025;12;Aveiro;Oliveira de Azeméis;ACC;1;01;0113;011303
2025-12;2025;12;Santarém;Ourém;ACC;3;14;1421;142106
2025-12;2025;12;Porto;Maia;ACC;1;13;1306;130603
2025-12;2025;12;Viana do Castelo;Valença;ACC;1;16;1608;160805
2025-12;2025;12;Portalegre;Portalegre;ACC;1;12;1214;121404
2025-12;2025;12;Braga;Vila Verde;ACC;1;03;0313;031316
2025-12;2025;12;Leiria;Óbidos;ACC;1;10;1012;101208
2025-12;2025;12;Aveiro;Ílhavo;ACC;1;01;0110;011005
2025-12;2025;12;Setúbal;Setúbal;ACC;1;15;1512;151207
2025-12;2025;12;Braga;Vila Verde;ACC;1;03;0313;031317
2025-12;2025;12;Santarém;Golegã;ACC;1;14;1412;141202
2025-12;2025;12;Guarda;Gouveia;ACC;1;09;0906;090625
2025-12;2025;12;Aveiro;Ílhavo;ACC;3;01;0110;011008
2025-12;2025;12;Braga;Guimarães;ACC;1;03;0308;030828
2025-12;2025;12;Lisboa;Lisboa;ACC;5;11;1106;110618
2025-12;2025;12;Coimbra;Figueira da Foz;ACC;1;06;0605;060507
2025-12;2025;12;Braga;Barcelos;ACC;2;03;0302;030245
2025-12;2025;12;Coimbra;Figueira da Foz;ACC;2;06;0605;060508
2025-12;2025;12;Coimbra;Mira;ACC;1;06;0608;060801
2025-12;2025;12;Setúbal;Moita;ACC;2;15;1506;150603
2025-12;2025;12;Santarém;Alcanena;ACC;1;14;1402;140207
2025-12;2025;12;Porto;Santo Tirso;ACC;1;13;1314;131413
2025-12;2025;12;Porto;Maia;ACC;4;13;1306;130609
2025-12;2025;12;Aveiro;Santa Maria da Feira;ACC;2;01;0109;010916
2025-12;2025;12;Leiria;Caldas da Rainha;ACC;1;10;1006;100608
2025-12;2025;12;Santarém;Entroncamento;ACC;1;14;1410;141002
2025-12;2025;12;Évora;Évora;ACC;1;07;0705;070503
2025-12;2025;12;Faro;Olhão;ACC;1;08;0810;081003
2025-12;2025;12;Aveiro;Santa Maria da Feira;ACC;2;01;0109;010919
2025-12;2025;12;Braga;Braga;ACC;2;03;0303;030331
2025-12;2025;12;Setúbal;Palmela;ACC;2;15;1508;150802
2025-12;2025;12;Aveiro;Espinho;ACC;1;01;0107;010704
2025-12;2025;12;Porto;Paredes;ACC;3;13;1310;131025
2025-12;2025;12;Lisboa;Lisboa;ACC;2;11;1106;110662
2025-12;2025;12;Porto;Maia;CER;1;13;1306;130617
2025-12;2025;12;Leiria;Pombal;ACC;2;10;1015;101508
2025-12;2025;12;Coimbra;Penacova;ACC;2;06;0613;061307
2025-12;2025;12;Bragança;Mogadouro;ACC;1;04;0408;040812
2025-12;2025;12;Setúbal;Palmela;ACC;1;15;1508;150803
2025-12;2025;12;Guarda;Seia;ACC;1;09;0912;091209
2025-12;2025;12;Braga;Guimarães;ACC;2;03;0308;030837
2025-12;2025;12;Lisboa;Torres Vedras;ACC;2;11;1113;111310
2025-12;2025;12;Évora;Portel;ACC;1;07;0709;070905
2025-12;2025;12;Faro;Portimão;ACC;3;08;0811;081103
2025-12;2025;12;Leiria;Porto de Mós;ACC;1;10;1016;101614
2025-12;2025;12;Faro;Olhão;ACC;2;08;0810;081005
2025-12;2025;12;Setúbal;Palmela;ACC;1;15;1508;150804
2025-12;2025;12;Setúbal;Sesimbra;ACC;2;15;1511;151103
2025-12;2025;12;Évora;Borba;ACC;1;07;0703;070303
2025-12;2025;12;Santarém;Rio Maior;ACC;2;14;1414;141408
2025-12;2025;12;Porto;Gondomar;CER;1;13;1304;130408
2025-12;2025;12;Vila Real;Vila Pouca de Aguiar;ACC;1;17;1713;171317
2025-12;2025;12;Setúbal;Setúbal;ACC;1;15;1512;151208
2025-12;2025;12;Braga;Vizela;ACC;1;03;0314;031401
2025-12;2025;12;Lisboa;Lisboa;ACC;1;11;1106;110666
2025-12;2025;12;Leiria;Porto de Mós;ACC;1;10;1016;101610
2025-12;2025;12;Porto;Vila Nova de Gaia;ACC;4;13;1317;131717
2025-12;2025;12;Portalegre;Castelo de Vide;ACC;1;12;1205;120504
2025-12;2025;12;Aveiro;Santa Maria da Feira;ACC;2;01;0109;010926
2025-12;2025;12;Viana do Castelo;Valença;ACC;1;16;1608;160812
2025-12;2025;12;Aveiro;Oliveira de Azeméis;ACC;1;01;0113;011318
2025-12;2025;12;Castelo Branco;Castelo Branco;ACC;1;05;0502;050222
2025-12;2025;12;Braga;Braga;ACC;1;03;0303;030354
2025-12;2025;12;Setúbal;Setúbal;ACC;3;15;1512;151205
2025-12;2025;12;Viseu;Sátão;ACC;1;18;1817;181711
2025-12;2025;12;Guarda;Sabugal;ACC;1;09;0911;091134
2025-12;2025;12;Braga;Vila Verde;ACC;1;03;0313;031354
2025-12;2025;12;Lisboa;Alenquer;ACC;1;11;1101;110118
2025-12;2025;12;Lisboa;Sintra;ACC;2;11;1111;111122
2025-12;2025;12;Santarém;Alcanena;ACC;2;14;1402;140211
2025-12;2025;12;Lisboa;Alenquer;ACC;1;11;1101;110119
2025-12;2025;12;Lisboa;Vila Franca de Xira;ACC;2;11;1114;111413
2025-12;2025;12;Braga;Amares;ACC;2;03;0301;030125
2025-12;2025;12;Braga;Esposende;ACC;1;03;0306;030616
2025-12;2025;12;Aveiro;Arouca;ACC;1;01;0104;010421
2025-12;2025;12;Braga;Guimarães;ACC;1;03;0308;030878
2025-12;2025;12;Lisboa;Loures;ACC;3;11;1107;110728
2025-12;2025;12;Braga;Barcelos;ACC;3;03;0302;030293
2025-12;2025;12;Setúbal;Barreiro;ACC;1;15;1504;150410
2025-12;2025;12;Beja;Beja;ACC;4;02;0205;020520
2025-12;2025;12;Beja;Beja;ACC;1;02;0205;020521
2025-12;2025;12;Braga;Celorico de Basto;ACC;1;03;0305;030523
2025-12;2025;12;Porto;Valongo;ACC;1;13;1315;131506
2025-12;2025;12;Porto;Valongo;CER;1;13;1315;131506
2025-12;2025;12;Aveiro;Santa Maria da Feira;ACC;1;01;0109;010933
2025-12;2025;12;Coimbra;Cantanhede;ACC;2;06;0602;060220
2025-12;2025;12;Setúbal;Almada;ACC;1;15;1503;150313
2025-12;2025;12;Lisboa;Alenquer;ACC;2;11;1101;110120
2025-12;2025;12;Beja;Castro Verde;ACC;1;02;0206;020606
2025-12;2025;12;Porto;Porto;CER;1;13;1312;131217
2025-12;2025;12;Setúbal;Almada;ACC;4;15;1503;150314
2025-12;2025;12;Santarém;Coruche;ACC;2;14;1409;140909
2025-12;2025;12;Castelo Branco;Covilhã;ACC;4;05;0503;050335
2025-12;2025;12;Portalegre;Crato;ACC;1;12;1206;120607
2025-12;2025;12;Porto;Lousada;ACC;2;13;1305;130528
2025-12;2025;12;Portalegre;Nisa;ACC;1;12;1212;121212
2025-12;2025;12;Évora;Estremoz;ACC;6;07;0704;070414
2025-12;2025;12;Viseu;Viseu;ACC;1;18;1823;182338
2025-12;2025;12;Porto;Gondomar;ACC;5;13;1304;130413
2025-12;2025;12;Porto;Gondomar;CER;1;13;1304;130413
2025-12;2025;12;Viseu;Vouzela;ACC;1;18;1824;182414
2025-12;2025;12;Porto;Lousada;ACC;1;13;1305;130529
2025-12;2025;12;Braga;Póvoa de Lanhoso;ACC;1;03;0309;030934
2025-12;2025;12;Viana do Castelo;Valença;ACC;1;16;1608;160817
2025-12;2025;12;Porto;Gondomar;CER;1;13;1304;130415
2025-12;2025;12;Setúbal;Grândola;ACC;2;15;1505;150506
2025-12;2025;12;Leiria;Pombal;ACC;3;10;1015;101518
2025-12;2025;12;Leiria;Leiria;ACC;1;10;1009;100933
2025-12;2025;12;Porto;Porto;ACC;2;13;1312;131218
2025-12;2025;12;Porto;Vila Nova de Gaia;ACC;3;13;1317;131727
2025-12;2025;12;Coimbra;Montemor-o-Velho;ACC;1;06;0610;061016
2025-12;2025;12;Évora;Évora;ACC;1;07;0705;070525
2025-12;2025;12;Lisboa;Oeiras;ACC;4;11;1110;111014
2025-12;2025;12;Coimbra;Oliveira do Hospital;ACC;1;06;0611;061124
2025-12;2025;12;Braga;Guimarães;ACC;2;03;0308;030884
2025-12;2025;12;Setúbal;Palmela;ACC;3;15;1508;150806
2025-12;2025;12;Vila Real;Peso da Régua;ACC;1;17;1708;170816
2025-12;2025;12;Lisboa;Odivelas;ACC;6;11;1116;111608
2025-12;2025;12;Braga;Braga;ACC;2;03;0303;030379
2025-12;2025;12;Aveiro;Águeda;ACC;1;01;0101;010124
2025-12;2025;12;Braga;Cabeceiras de Basto;ACC;1;03;0304;030421
2025-12;2025;12;Santarém;Santarém;ACC;1;14;1416;141632
2025-12;2025;12;Guarda;Sabugal;ACC;1;09;0911;091145
2025-12;2025;12;Santarém;Salvaterra de Magos;ACC;1;14;1415;141508
2025-12;2025;12;Lisboa;Loures;ACC;2;11;1107;110730
2025-12;2025;12;Porto;Santo Tirso;ACC;3;13;1314;131437
2025-12;2025;12;Portalegre;Portalegre;ACC;1;12;1214;121411
2025-12;2025;12;Braga;Guimarães;ACC;1;03;0308;030888
2025-12;2025;12;Coimbra;Cantanhede;ACC;1;06;0602;060223
2025-12;2025;12;Setúbal;Setúbal;ACC;4;15;1512;151210
2025-12;2025;12;Braga;Braga;ACC;1;03;0303;030380
2025-12;2025;12;Coimbra;Coimbra;ACC;2;06;0603;060338
2025-12;2025;12;Leiria;Pombal;ACC;2;10;1015;101519
2025-12;2025;12;Aveiro;Anadia;ACC;1;01;0103;010318
2025-12;2025;12;Viseu;Tarouca;ACC;2;18;1820;182013
2025-12;2025;12;Faro;Tavira;ACC;1;08;0814;081412
2025-12;2025;12;Santarém;Tomar;ACC;2;14;1418;141821
2025-12;2025;12;Leiria;Caldas da Rainha;ACC;2;10;1006;100619
2025-12;2025;12;Santarém;Torres Novas;ACC;1;14;1419;141920
2025-12;2025;12;Lisboa;Mafra;ACC;2;11;1109;110922
2025-12;2025;12;Lisboa;Azambuja;ACC;1;11;1103;110306
2025-12;2025;12;Santarém;Sardoal;ACC;1;14;1417;141704
2025-12;2025;12;Porto;Valongo;CER;1;13;1315;131505
2025-12;2025;12;Porto;Paredes;ACC;1;13;1310;131022
2025-12;2025;12;Lisboa;Torres Vedras;ACC;1;11;1113;111318
2025-12;2025;12;Leiria;Pombal;ACC;1;10;1015;101513
2025-12;2025;12;Lisboa;Vila Franca de Xira;ACC;2;11;1114;111408
2025-12;2025;12;Aveiro;Oliveira de Azeméis;ACC;3;01;0113;011319
2025-12;2025;12;Braga;Vila Verde;ACC;2;03;0313;031342
2025-12;2025;12;Viana do Castelo;Viana do Castelo;ACC;1;16;1609;160938
2025-12;2025;12;Porto;Vila do Conde;CER;1;13;1316;131628
2025-12;2025;12;Porto;Maia;ACC;1;13;1306;130616
2025-12;2025;12;Porto;Vila do Conde;ACC;2;13;1316;131630
2025-12;2025;12;Castelo Branco;Vila Velha de Ródão;ACC;1;05;0511;051104
2025-12;2025;12;Leiria;Alcobaça;ACC;1;10;1001;100116
2025-12;2025;12;Bragança;Vimioso;ACC;1;04;0411;041114
2025-12;2025;12;Bragança;Vinhais;ACC;1;04;0412;041235
2025-09;2025;09;Aveiro;Albergaria-a-Velha;ACC;1;01;0102;010209
2025-09;2025;09;Lisboa;Sintra;ACC;2;11;1111;111102
2025-09;2025;09;Setúbal;Moita;ACC;1;15;1506;150601
2025-09;2025;09;Santarém;Alpiarça;ACC;1;14;1404;140401
2025-09;2025;09;Braga;Barcelos;ACC;1;03;0302;030208
2025-09;2025;09;Faro;Portimão;ACC;1;08;0811;081101
2025-09;2025;09;Leiria;Caldas da Rainha;ACC;1;10;1006;100602
2025-09;2025;09;Évora;Estremoz;ACC;1;07;0704;070401
2025-09;2025;09;Braga;Barcelos;ACC;1;03;0302;030209
2025-09;2025;09;Porto;Vila Nova de Gaia;ACC;1;13;1317;131701
2025-09;2025;09;Aveiro;Santa Maria da Feira;ACC;1;01;0109;010902
2025-09;2025;09;Porto;Vila do Conde;ACC;2;13;1316;131602
2025-09;2025;09;Leiria;Peniche;ACC;1;10;1014;101402
2025-09;2025;09;Aveiro;Anadia;ACC;1;01;0103;010305
2025-09;2025;09;Portalegre;Avis;ACC;1;12;1203;120303
2025-09;2025;09;Lisboa;Azambuja;ACC;1;11;1103;110304
2025-09;2025;09;Lisboa;Oeiras;ACC;3;11;1110;111002
2025-09;2025;09;Lisboa;Lisboa;ACC;2;11;1106;110607
2025-09;2025;09;Viseu;São Pedro do Sul;ACC;1;18;1816;181602
2025-09;2025;09;Aveiro;Albergaria-a-Velha;ACC;1;01;0102;010204
2025-09;2025;09;Viana do Castelo;Ponte de Lima;ACC;1;16;1607;160713
2025-09;2025;09;Porto;Porto;ACC;3;13;1312;131203
2025-09;2025;09;Leiria;Leiria;ACC;2;10;1009;100907
2025-09;2025;09;Lisboa;Lisboa;ACC;2;11;1106;110611
2025-09;2025;09;Bragança;Carrazeda de Ansiães;ACC;1;04;0403;040304
2025-09;2025;09;Braga;Barcelos;ACC;1;03;0302;030220
2025-09;2025;09;Lisboa;Sintra;ACC;1;11;1111;111115
2025-09;2025;09;Porto;Maia;ACC;5;13;1306;130618
2025-09;2025;09;Porto;Paredes;ACC;1;13;1310;131008
2025-09;2025;09;Aveiro;Ovar;ACC;1;01;0115;011502
2025-09;2025;09;Braga;Vila Nova de Famalicão;ACC;2;03;0312;031213
2025-09;2025;09;Lisboa;Mafra;ACC;1;11;1109;110906
2025-09;2025;09;Setúbal;Seixal;ACC;3;15;1510;151006
2025-09;2025;09;Castelo Branco;Covilhã;ACC;1;05;0503;050311
2025-09;2025;09;Guarda;Figueira de Castelo Rodrigo;ACC;1;09;0904;090408
2025-09;2025;09;Vila Real;Vila Real;ACC;1;17;1714;171409
2025-09;2025;09;Viana do Castelo;Valença;ACC;1;16;1608;160805
2025-09;2025;09;Santarém;Rio Maior;ACC;1;14;1414;141405
2025-09;2025;09;Guarda;Guarda;ACC;1;09;0907;090758
2025-09;2025;09;Castelo Branco;Idanha-a-Nova;ACC;1;05;0505;050505
2025-09;2025;09;Bragança;Macedo de Cavaleiros;ACC;1;04;0405;040518
2025-09;2025;09;Braga;Guimarães;ACC;1;03;0308;030828
2025-09;2025;09;Coimbra;Penacova;ACC;1;06;0613;061304
2025-09;2025;09;Faro;Loulé;ACC;2;08;0808;080808
2025-09;2025;09;Faro;Loulé;ACC;1;08;0808;080809
2025-09;2025;09;Lisboa;Lisboa;CER;1;11;1106;110618
2025-09;2025;09;Coimbra;Figueira da Foz;ACC;1;06;0605;060507
2025-09;2025;09;Braga;Barcelos;ACC;1;03;0302;030245
2025-09;2025;09;Leiria;Marinha Grande;ACC;4;10;1010;101001
2025-09;2025;09;Bragança;Mirandela;ACC;1;04;0407;040720
2025-09;2025;09;Lisboa;Amadora;ACC;1;11;1115;111516
2025-09;2025;09;Coimbra;Mira;ACC;1;06;0608;060801
2025-09;2025;09;Bragança;Miranda do douro;ACC;1;04;0406;040608
2025-09;2025;09;Porto;Maia;ACC;3;13;1306;130609
2025-09;2025;09;Santarém;Ourém;ACC;2;14;1421;142115
2025-09;2025;09;Évora;Vila Viçosa;ACC;1;07;0714;071406
2025-09;2025;09;Porto;Paços de Ferreira;ACC;1;13;1309;130918
2025-09;2025;09;Setúbal;Palmela;ACC;2;15;1508;150802
2025-09;2025;09;Porto;Porto;ACC;1;13;1312;131210
2025-09;2025;09;Leiria;Peniche;ACC;1;10;1014;101407
2025-09;2025;09;Santarém;Santarém;ACC;1;14;1416;141614
2025-09;2025;09;Leiria;Pombal;ACC;3;10;1015;101509
2025-09;2025;09;Lisboa;Torres Vedras;ACC;1;11;1113;111310
2025-09;2025;09;Santarém;Cartaxo;ACC;1;14;1406;140604
2025-09;2025;09;Faro;Portimão;ACC;1;08;0811;081103
2025-09;2025;09;Faro;Olhão;ACC;1;08;0810;081005
2025-09;2025;09;Braga;Fafe;ACC;1;03;0307;030722
2025-09;2025;09;Setúbal;Palmela;ACC;1;15;1508;150804
2025-09;2025;09;Porto;Porto;ACC;2;13;1312;131211
2025-09;2025;09;Aveiro;Aveiro;ACC;1;01;0105;010516
2025-09;2025;09;Braga;Vila Nova de Famalicão;ACC;3;03;0312;031233
2025-09;2025;09;Viseu;Viseu;ACC;2;18;1823;182323
2025-09;2025;09;Aveiro;Santa Maria da Feira;ACC;1;01;0109;010922
2025-09;2025;09;Setúbal;Setúbal;ACC;1;15;1512;151208
2025-09;2025;09;Viana do Castelo;Viana do Castelo;ACC;1;16;1609;160928
2025-09;2025;09;Setúbal;Santiago do Cacém;ACC;1;15;1509;150907
2025-09;2025;09;Faro;São Brás de Alportel;ACC;1;08;0812;081201
2025-09;2025;09;Lisboa;Lisboa;ACC;2;11;1106;110639
2025-09;2025;09;Portalegre;Castelo de Vide;ACC;1;12;1205;120504
2025-09;2025;09;Lisboa;Torres Vedras;ACC;2;11;1113;111314
2025-09;2025;09;Viana do Castelo;Valença;ACC;1;16;1608;160812
2025-09;2025;09;Setúbal;Setúbal;ACC;1;15;1512;151205
2025-09;2025;09;Lisboa;Sobral de Monte Agraço;ACC;1;11;1112;111203
2025-09;2025;09;Coimbra;Tábua;ACC;2;06;0616;061614
2025-09;2025;09;Viana do Castelo;Monção;ACC;1;16;1604;160431
2025-09;2025;09;Aveiro;Águeda;ACC;2;01;0101;010121
2025-09;2025;09;Porto;Porto;ACC;1;13;1312;131216
2025-09;2025;09;Lisboa;Alenquer;ACC;1;11;1101;110119
2025-09;2025;09;Aveiro;Anadia;ACC;1;01;0103;010317
2025-09;2025;09;Braga;Guimarães;ACC;1;03;0308;030878
2025-09;2025;09;Setúbal;Setúbal;ACC;2;15;1512;151209
2025-09;2025;09;Setúbal;Moita;ACC;3;15;1506;150607
2025-09;2025;09;Aveiro;Estarreja;ACC;1;01;0108;010808
2025-09;2025;09;Braga;Guimarães;ACC;2;03;0308;030881
2025-09;2025;09;Lisboa;Oeiras;ACC;5;11;1110;111013
2025-09;2025;09;Portalegre;Nisa;ACC;1;12;1212;121212
2025-09;2025;09;Braga;Vila Verde;ACC;1;03;0313;031363
2025-09;2025;09;Braga;Braga;ACC;1;03;0303;030370
2025-09;2025;09;Évora;Estremoz;ACC;3;07;0704;070414
2025-09;2025;09;Viseu;Viseu;ACC;1;18;1823;182338
2025-09;2025;09;Faro;Faro;CER;1;08;0805;080508
2025-09;2025;09;Aveiro;Santa Maria da Feira;ACC;3;01;0109;010935
2025-09;2025;09;Aveiro;Aveiro;ACC;1;01;0105;010517
2025-09;2025;09;Bragança;Bragança;ACC;1;04;0402;040252
2025-09;2025;09;Setúbal;Almada;ACC;3;15;1503;150315
2025-09;2025;09;Porto;Vila Nova de Gaia;ACC;2;13;1317;131727
2025-09;2025;09;Braga;Braga;ACC;1;03;0303;030374
2025-09;2025;09;Leiria;Leiria;ACC;1;10;1009;100935
2025-09;2025;09;Lisboa;Oeiras;ACC;3;11;1110;111014
2025-09;2025;09;Setúbal;Barreiro;ACC;1;15;1504;150411
2025-09;2025;09;Setúbal;Palmela;ACC;2;15;1508;150806
2025-09;2025;09;Portalegre;Ponte de Sor;ACC;2;12;1213;121308
2025-09;2025;09;Porto;Póvoa de Varzim;ACC;1;13;1313;131315
2025-09;2025;09;Braga;Guimarães;ACC;2;03;0308;030887
2025-09;2025;09;Porto;Vila Nova de Gaia;ACC;1;13;1317;131729
2025-09;2025;09;Lisboa;Loures;ACC;3;11;1107;110729
2025-09;2025;09;Viseu;Mangualde;ACC;1;18;1806;180621
2025-09;2025;09;Vila Real;Chaves;ACC;3;17;1703;170358
2025-09;2025;09;Bragança;Bragança;ACC;1;04;0402;040257
2025-09;2025;09;Lisboa;Sintra;ACC;5;11;1111;111128
2025-09;2025;09;Porto;Vila Nova de Gaia;ACC;2;13;1317;131730
2025-09;2025;09;Coimbra;Penela;ACC;1;06;0614;061407
2025-09;2025;09;Santarém;Abrantes;ACC;1;14;1401;140124
2025-09;2025;09;Leiria;Pombal;ACC;2;10;1015;101519
2025-09;2025;09;Faro;Tavira;ACC;1;08;0814;081412
2025-09;2025;09;Viseu;Tondela;ACC;2;18;1821;182132
2025-09;2025;09;Viana do Castelo;Viana do Castelo;ACC;1;16;1609;160948
2025-09;2025;09;Braga;Barcelos;ACC;1;03;0302;0302FH
2025-09;2025;09;Viana do Castelo;Vila Nova de Cerveira;ACC;1;16;1610;161019
2025-09;2025;09;Braga;Vila Nova de Famalicão;ACC;5;03;0312;031260
2025-09;2025;09;Beja;Serpa;ACC;1;02;0213;021309
2025-09;2025;09;Lisboa;Azambuja;ACC;1;11;1103;110306
2025-09;2025;09;Porto;Paredes;ACC;1;13;1310;131022
2025-09;2025;09;Lisboa;Amadora;ACC;1;11;1115;111517
2025-09;2025;09;Leiria;Pombal;ACC;1;10;1015;101513
2025-09;2025;09;Castelo Branco;Vila de Rei;ACC;1;05;0510;051003
2025-09;2025;09;Lisboa;Cadaval;ACC;1;11;1104;110410
2025-09;2025;09;Porto;Vila do Conde;ACC;1;13;1316;131630
2025-09;2025;09;Braga;Vila Nova de Famalicão;ACC;1;03;0312;031249
2025-09;2025;09;Leiria;Alcobaça;ACC;1;10;1001;100116
2025-09;2025;09;Bragança;Vinhais;ACC;1;04;0412;041235
2024-04;2024;04;Braga;Vila Nova de Famalicão;ACC;1;03;0312;031219
2024-04;2024;04;Porto;Valongo;ACC;1;13;1315;131503
2024-04;2024;04;Porto;Marco de Canaveses;ACC;1;13;1307;130736
2024-04;2024;04;Porto;Paços de Ferreira;ACC;2;13;1309;130902
2024-04;2024;04;Lisboa;Arruda dos Vinhos;ACC;2;11;1102;110202
2024-04;2024;04;Leiria;Peniche;ACC;1;10;1014;101407
2024-04;2024;04;Leiria;Marinha Grande;ACC;3;10;1010;101001
2024-04;2024;04;Setúbal;Moita;ACC;1;15;1506;150603
2024-04;2024;04;Setúbal;Seixal;ACC;5;15;1510;151005
2024-04;2024;04;Coimbra;Figueira da Foz;ACC;1;06;0605;060520
2024-04;2024;04;Portalegre;Avis;ACC;1;12;1203;120303
2024-04;2024;04;Setúbal;Moita;ACC;1;15;1506;150607
2025-04;2025;04;Setúbal;Almada;ACC;3;15;1503;150314
2025-04;2025;04;Setúbal;Barreiro;ACC;1;15;1504;150411
2024-08;2024;08;Setúbal;Setúbal;ACC;1;15;1512;151208
2024-08;2024;08;Setúbal;Seixal;ACC;6;15;1510;151005
2024-08;2024;08;Setúbal;Sesimbra;ACC;1;15;1511;151103
2025-04;2025;04;Aveiro;Santa Maria da Feira;ACC;1;01;0109;010914
2024-08;2024;08;Aveiro;Santa Maria da Feira;ACC;1;01;0109;010914
2025-04;2025;04;Aveiro;Anadia;ACC;1;01;0103;010305
2024-08;2024;08;Aveiro;Espinho;ACC;1;01;0107;010704
2025-04;2025;04;Leiria;Pombal;ACC;1;10;1015;101508
2025-04;2025;04;Leiria;Pombal;ACC;2;10;1015;101509
2024-08;2024;08;Leiria;Pombal;ACC;1;10;1015;101505
2025-04;2025;04;Évora;Évora;ACC;1;07;0705;070506
2025-04;2025;04;Évora;Borba;ACC;1;07;0703;070303
2025-04;2025;04;Portalegre;Portalegre;ACC;1;12;1214;121404
2025-04;2025;04;Portalegre;Avis;ACC;1;12;1203;120303
2024-08;2024;08;Santarém;Alpiarça;ACC;1;14;1404;140401
2025-04;2025;04;Santarém;Ourém;ACC;1;14;1421;142115
2025-04;2025;04;Santarém;Mação;ACC;1;14;1413;141305
2025-04;2025;04;Santarém;Torres Novas;ACC;1;14;1419;141917
2024-08;2024;08;Santarém;Santarém;ACC;1;14;1416;141614
2025-04;2025;04;Santarém;Cartaxo;ACC;1;14;1406;140607
2025-04;2025;04;Santarém;Alcanena;ACC;1;14;1402;140211
2025-04;2025;04;Santarém;Alcanena;ACC;1;14;1402;140212
2025-04;2025;04;Faro;Tavira;ACC;1;08;0814;081412
2024-08;2024;08;Castelo Branco;Idanha-a-Nova;ACC;1;05;0505;050505
2025-04;2025;04;Castelo Branco;Castelo Branco;ACC;1;05;0502;050211
2025-04;2025;04;Castelo Branco;Vila de Rei;ACC;1;05;0510;051003
2025-04;2025;04;Braga;Barcelos;ACC;1;03;0302;030261
2025-04;2025;04;Braga;Guimarães;ACC;1;03;0308;030878
2025-04;2025;04;Braga;Guimarães;ACC;1;03;0308;030812
2025-04;2025;04;Braga;Guimarães;ACC;1;03;0308;030889
2025-04;2025;04;Braga;Braga;ACC;1;03;0303;030374
2025-04;2025;04;Braga;Braga;CER;1;03;0303;030331
2024-04;2024;04;Braga;Cabeceiras de Basto;ACC;1;03;0304;030421
2025-04;2025;04;Braga;Cabeceiras de Basto;ACC;1;03;0304;030421
2025-04;2025;04;Braga;Fafe;ACC;1;03;0307;030730
2025-04;2025;04;Lisboa;Lisboa;ACC;2;11;1106;110662
2024-08;2024;08;Lisboa;Torres Vedras;ACC;1;11;1113;111326
2025-04;2025;04;Porto;Felgueiras;ACC;1;13;1303;130341
2025-04;2025;04;Porto;Vila Nova de Gaia;ACC;2;13;1317;131728
2025-04;2025;04;Porto;Vila do Conde;ACC;1;13;1316;131628
2025-04;2025;04;Porto;Porto;ACC;2;13;1312;131218
2025-04;2025;04;Porto;Paços de Ferreira;ACC;1;13;1309;130905
2024-08;2024;08;Porto;Paços de Ferreira;ACC;1;13;1309;130905
2024-08;2024;08;Porto;Paços de Ferreira;ACC;1;13;1309;130918
2025-04;2025;04;Viseu;Viseu;ACC;1;18;1823;182301
2025-04;2025;04;Viseu;Viseu;ACC;1;18;1823;182341
2025-04;2025;04;Viana do Castelo;Viana do Castelo;ACC;1;16;1609;160923
2025-04;2025;04;Viana do Castelo;Monção;ACC;1;16;1604;160431
2025-04;2025;04;Viana do Castelo;Melgaço;ACC;1;16;1603;160322
2025-04;2025;04;Beja;Beja;ACC;4;02;0205;020520
2024-08;2024;08;Beja;Beja;ACC;3;02;0205;020520
2024-08;2024;08;Lisboa;Loures;ACC;2;11;1107;110728
2024-08;2024;08;Porto;Lousada;ACC;1;13;1305;130529
2024-08;2024;08;Braga;Braga;ACC;1;03;0303;030375
2024-08;2024;08;Braga;Braga;ACC;1;03;0303;030377
2024-08;2024;08;Lisboa;Sintra;ACC;2;11;1111;111126
2024-08;2024;08;Braga;Barcelos;ACC;1;03;0302;0302FH
2024-08;2024;08;Porto;Vila do Conde;ACC;1;13;1316;131628
2025-08;2025;08;Lisboa;Amadora;ACC;1;11;1115;111513
2025-08;2025;08;Porto;Marco de Canaveses;ACC;1;13;1307;130734
2025-08;2025;08;Braga;Vila Nova de Famalicão;ACC;1;03;0312;031213
2025-08;2025;08;Lisboa;Lisboa;ACC;1;11;1106;110660
2025-08;2025;08;Vila Real;Vila Real;ACC;1;17;1714;171409
2025-08;2025;08;Porto;Vila do Conde;ACC;1;13;1316;131614
2025-08;2025;08;Braga;Guimarães;ACC;2;03;0308;030837
2025-08;2025;08;Braga;Vila Nova de Famalicão;ACC;3;03;0312;031233
2025-08;2025;08;Braga;Guimarães;ACC;1;03;0308;030858
2025-08;2025;08;Lisboa;Lisboa;ACC;1;11;1106;110665
2025-08;2025;08;Viana do Castelo;Viana do Castelo;ACC;1;16;1609;160928
2025-08;2025;08;Lisboa;Torres Vedras;ACC;2;11;1113;111314
2025-08;2025;08;Lisboa;Sobral de Monte Agraço;ACC;1;11;1112;111203
2025-08;2025;08;Viana do Castelo;Monção;ACC;1;16;1604;160431
2025-08;2025;08;Braga;Guimarães;ACC;1;03;0308;030878
2025-08;2025;08;Lisboa;Oeiras;ACC;2;11;1110;111013
2025-08;2025;08;Lisboa;Cascais;ACC;1;11;1105;110508
2025-08;2025;08;Porto;Porto;ACC;1;13;1312;131217
2025-08;2025;08;Portalegre;Nisa;ACC;1;12;1212;121212
2025-08;2025;08;Porto;Gondomar;ACC;2;13;1304;130413
2025-08;2025;08;Braga;Braga;ACC;1;03;0303;030371
2025-08;2025;08;Braga;Braga;ACC;1;03;0303;030375
2025-08;2025;08;Coimbra;Montemor-o-Velho;ACC;1;06;0610;061016
2025-08;2025;08;Braga;Braga;ACC;1;03;0303;030377
2025-08;2025;08;Braga;Guimarães;ACC;1;03;0308;030887
2025-08;2025;08;Braga;Guimarães;ACC;1;03;0308;030889
2025-08;2025;08;Porto;Felgueiras;ACC;1;13;1303;130341
2025-08;2025;08;Braga;Vila Verde;ACC;1;03;0313;031342
2025-04;2025;04;Coimbra;Penacova;ACC;1;06;0613;061307
2025-04;2025;04;Coimbra;Coimbra;ACC;2;06;0603;060318
2025-04;2025;04;Guarda;Sabugal;ACC;1;09;0911;091134
2025-08;2025;08;Évora;Estremoz;ACC;1;07;0704;070414
2025-08;2025;08;Lisboa;Odivelas;ACC;3;11;1116;111608
2025-08;2025;08;Lisboa;Odivelas;ACC;1;11;1116;111609
2024-08;2024;08;Aveiro;Águeda;ACC;1;01;0101;010124
2025-08;2025;08;Setúbal;Barreiro;ACC;1;15;1504;150409
2024-08;2024;08;Faro;Tavira;ACC;1;08;0814;081412
2024-08;2024;08;Santarém;Tomar;ACC;2;14;1418;141821
2024-08;2024;08;Santarém;Cartaxo;ACC;1;14;1406;140607
2025-08;2025;08;Santarém;Cartaxo;ACC;1;14;1406;140607
2024-08;2024;08;Aveiro;Oliveira de Azeméis;ACC;1;01;0113;011319
2025-08;2025;08;Santarém;Alpiarça;ACC;1;14;1404;140401
2025-08;2025;08;Viseu;Moimenta da Beira;ACC;1;18;1807;180703
2025-08;2025;08;Évora;Arraiolos;ACC;1;07;0702;070201
2025-08;2025;08;Aveiro;Anadia;ACC;1;01;0103;010305
2025-08;2025;08;Leiria;Leiria;ACC;1;10;1009;100907
2025-08;2025;08;Aveiro;Ovar;ACC;1;01;0115;011503
2025-08;2025;08;Portalegre;Portalegre;ACC;1;12;1214;121404
2025-08;2025;08;Santarém;Rio Maior;ACC;1;14;1414;141405
2025-08;2025;08;Leiria;Marinha Grande;ACC;3;10;1010;101001
2025-08;2025;08;Aveiro;Santa Maria da Feira;ACC;1;01;0109;010914
2025-08;2025;08;Faro;Portimão;ACC;1;08;0811;081103
2025-08;2025;08;Faro;Tavira;ACC;1;08;0814;081411
2025-08;2025;08;Setúbal;Palmela;ACC;1;15;1508;150806
2025-08;2025;08;Porto;Vila Nova de Gaia;ACC;1;13;1317;131731
2025-08;2025;08;Leiria;Pombal;ACC;1;10;1015;101519
2024-12;2024;12;Lisboa;Sintra;ACC;1;11;1111;111128
2023-02;2023;02;Santarém;Ourém;ACC;1;14;1421;142115
2024-02;2024;02;Faro;Silves;ACC;1;08;0813;081305
2024-02;2024;02;Setúbal;Almada;ACC;1;15;1503;150315
2025-02;2025;02;Aveiro;Albergaria-a-Velha;ACC;1;01;0102;010209
2025-02;2025;02;Santarém;Alpiarça;ACC;1;14;1404;140401
2025-02;2025;02;Aveiro;Santa Maria da Feira;ACC;1;01;0109;010902
2025-02;2025;02;Santarém;Mação;ACC;1;14;1413;141305
2025-02;2025;02;Setúbal;Seixal;ACC;1;15;1510;151006
2025-02;2025;02;Aveiro;Santa Maria da Feira;ACC;1;01;0109;010919
2025-02;2025;02;Coimbra;Penacova;ACC;1;06;0613;061307
2025-02;2025;02;Coimbra;Coimbra;ACC;1;06;0603;060333
2025-02;2025;02;Setúbal;Setúbal;ACC;1;15;1512;151209
2025-02;2025;02;Lisboa;Lisboa;ACC;2;11;1106;110607
2024-12;2024;12;Braga;Vila Nova de Famalicão;ACC;1;03;0312;031213
2025-02;2025;02;Lisboa;Amadora;ACC;1;11;1115;111515
2025-02;2025;02;Porto;Paços de Ferreira;ACC;1;13;1309;130917
2025-02;2025;02;Braga;Guimarães;ACC;1;03;0308;030828
2025-02;2025;02;Porto;Vila do Conde;ACC;1;13;1316;131614
2024-02;2024;02;Bragança;Mirandela;ACC;1;04;0407;040720
2025-02;2025;02;Lisboa;Lisboa;ACC;2;11;1106;110661
2025-02;2025;02;Porto;Vila Nova de Gaia;ACC;1;13;1317;131717
2025-02;2025;02;Braga;Barcelos;ACC;1;03;0302;030209
2025-02;2025;02;Lisboa;Alenquer;ACC;1;11;1101;110118
2025-02;2025;02;Braga;Esposende;ACC;3;03;0306;030618
2024-01;2024;01;Braga;Esposende;ACC;1;03;0306;030618
2025-02;2025;02;Braga;Vila Verde;ACC;1;03;0313;031363
2025-02;2025;02;Porto;Vila Nova de Gaia;ACC;2;13;1317;131727
2025-02;2025;02;Vila Real;Peso da Régua;ACC;1;17;1708;170816
2025-01;2025;01;Viseu;Tondela;ACC;1;18;1821;182108
2023-01;2023;01;Santarém;Ourém;ACC;1;14;1421;142115
2025-01;2025;01;Leiria;Batalha;ACC;1;10;1004;100401
2025-01;2025;01;Lisboa;Lisboa;ACC;2;11;1106;110618
2024-01;2024;01;Braga;Barcelos;ACC;1;03;0302;030261
2025-01;2025;01;Lisboa;Cascais;ACC;1;11;1105;110501
2025-01;2025;01;Lisboa;Amadora;ACC;2;11;1115;111512
2025-01;2025;01;Coimbra;Góis;ACC;1;06;0606;060601
2025-01;2025;01;Aveiro;Aveiro;ACC;1;01;0105;010505
2025-01;2025;01;Lisboa;Lisboa;ACC;1;11;1106;110660
2025-01;2025;01;Coimbra;Cantanhede;ACC;1;06;0602;060207
2025-01;2025;01;Santarém;Torres Novas;ACC;1;14;1419;141917
2025-01;2025;01;Aveiro;Santa Maria da Feira;ACC;1;01;0109;010919
2025-01;2025;01;Aveiro;Espinho;ACC;1;01;0107;010704
2025-01;2025;01;Coimbra;Penacova;ACC;1;06;0613;061307
2025-01;2025;01;Braga;Guimarães;ACC;1;03;0308;030858
2025-01;2025;01;Lisboa;Torres Vedras;ACC;1;11;1113;111326
2025-01;2025;01;Lisboa;Sobral de Monte Agraço;ACC;1;11;1112;111203
2025-01;2025;01;Braga;Vila Verde;ACC;1;03;0313;031354
2025-01;2025;01;Porto;Póvoa de Varzim;ACC;1;13;1313;131314
2025-01;2025;01;Braga;Barcelos;ACC;1;03;0302;030292
2025-01;2025;01;Lisboa;Loures;ACC;2;11;1107;110728
2025-01;2025;01;Porto;Porto;ACC;1;13;1312;131217
2025-01;2025;01;Porto;Lousada;ACC;1;13;1305;130529
2025-01;2025;01;Braga;Guimarães;ACC;2;03;0308;030884
2023-07;2023;07;Bragança;Miranda do douro;ACC;1;04;0406;040608
2024-07;2024;07;Portalegre;Elvas;ACC;1;12;1207;120712
2024-07;2024;07;Faro;Aljezur;ACC;1;08;0803;080302
2024-07;2024;07;Coimbra;Cantanhede;ACC;1;06;0602;060207
2024-07;2024;07;Braga;Vila Nova de Famalicão;ACC;1;03;0312;031219
2024-01;2024;01;Castelo Branco;Fundão;ACC;1;05;0504;050434
2025-01;2025;01;Setúbal;Almada;ACC;3;15;1503;150315
2025-02;2025;02;Santarém;Alcanena;ACC;1;14;1402;140212
2025-01;2025;01;Setúbal;Montijo;ACC;1;15;1507;150710
2025-02;2025;02;Évora;Évora;ACC;1;07;0705;070525
2025-02;2025;02;Setúbal;Palmela;ACC;1;15;1508;150806
2025-01;2025;01;Setúbal;Palmela;ACC;1;15;1508;150806
2025-01;2025;01;Lisboa;Odivelas;ACC;2;11;1116;111608
2025-02;2025;02;Lisboa;Odivelas;ACC;1;11;1116;111609
2025-02;2025;02;Aveiro;Águeda;ACC;1;01;0101;010124
2025-02;2025;02;Coimbra;Coimbra;ACC;1;06;0603;060336
2025-02;2025;02;Porto;Santo Tirso;ACC;2;13;1314;131437
2025-02;2025;02;Braga;Guimarães;ACC;1;03;0308;030889
2025-02;2025;02;Setúbal;Setúbal;ACC;2;15;1512;151210
2025-02;2025;02;Lisboa;Sintra;ACC;1;11;1111;111128
2025-01;2025;01;Coimbra;Coimbra;ACC;1;06;0603;060338
2025-02;2025;02;Braga;Barcelos;ACC;1;03;0302;030283
2025-02;2025;02;Vila Real;Vila Real;ACC;1;17;1714;171438
2025-02;2025;02;Porto;Paredes;ACC;1;13;1310;131024
2024-07;2024;07;Braga;Braga;ACC;2;03;0303;030301
2025-01;2025;01;Santarém;Almeirim;ACC;1;14;1403;140301
2025-01;2025;01;Aveiro;Santa Maria da Feira;ACC;3;01;0109;010901
2024-07;2024;07;Aveiro;Santa Maria da Feira;ACC;1;01;0109;010902
2025-01;2025;01;Guarda;Guarda;ACC;1;09;0907;090706
2024-07;2024;07;Lisboa;Loures;ACC;2;11;1107;110728
2024-07;2024;07;Braga;Braga;ACC;1;03;0303;030371
2024-07;2024;07;Setúbal;Montijo;ACC;1;15;1507;150710
2024-07;2024;07;Aveiro;Oliveira de Azeméis;ACC;1;01;0113;011321
2024-07;2024;07;Portalegre;Portalegre;ACC;1;12;1214;121413
2024-07;2024;07;Braga;Vila Nova de Famalicão;ACC;3;03;0312;031260
2024-07;2024;07;Lisboa;Cadaval;ACC;1;11;1104;110410
2024-07;2024;07;Faro;Vila Real de Santo António;ACC;1;08;0816;081602
2025-07;2025;07;Viseu;Viseu;ACC;1;18;1823;182301
2025-07;2025;07;Lisboa;Sintra;ACC;1;11;1111;111102
2025-07;2025;07;Leiria;Alcobaça;ACC;1;10;1001;100120
2025-07;2025;07;Guarda;Guarda;ACC;1;09;0907;090706
2025-07;2025;07;Porto;Vila do Conde;ACC;2;13;1316;131602
2025-07;2025;07;Leiria;Batalha;ACC;1;10;1004;100401
2025-07;2025;07;Faro;Aljezur;ACC;1;08;0803;080302
2025-07;2025;07;Coimbra;Montemor-o-Velho;ACC;1;06;0610;061003
2025-07;2025;07;Setúbal;Seixal;ACC;2;15;1510;151006
2025-07;2025;07;Braga;Vila Verde;ACC;1;03;0313;031317
2025-07;2025;07;Porto;Vila do Conde;ACC;1;13;1316;131611
2025-07;2025;07;Braga;Guimarães;ACC;1;03;0308;030878
2025-07;2025;07;Braga;Barcelos;ACC;2;03;0302;030293
2025-07;2025;07;Lisboa;Vila Franca de Xira;ACC;1;11;1114;111414
2025-07;2025;07;Porto;Porto;ACC;1;13;1312;131217
2025-07;2025;07;Porto;Gondomar;ACC;2;13;1304;130413
2025-07;2025;07;Aveiro;Santa Maria da Feira;ACC;1;01;0109;010935
2025-07;2025;07;Castelo Branco;Fundão;ACC;1;05;0504;050434
2025-07;2025;07;Braga;Braga;ACC;1;03;0303;030377
2025-07;2025;07;Aveiro;Oliveira de Azeméis;ACC;1;01;0113;011322
2025-07;2025;07;Setúbal;Palmela;ACC;1;15;1508;150806
2025-07;2025;07;Viana do Castelo;Melgaço;ACC;1;16;1603;160322
2025-07;2025;07;Santarém;Santarém;ACC;1;14;1416;141632
2025-07;2025;07;Bragança;Bragança;ACC;1;04;0402;040257
2025-07;2025;07;Coimbra;Coimbra;ACC;1;06;0603;060338
2025-07;2025;07;Braga;Vila Nova de Famalicão;ACC;1;03;0312;031241
2025-07;2025;07;Aveiro;Oliveira de Azeméis;ACC;1;01;0113;011319
2025-07;2025;07;Braga;Vila Nova de Famalicão;ACC;1;03;0312;031249
2024-06;2024;06;Portalegre;Avis;ACC;1;12;1203;120303
2025-07;2025;07;Braga;Barcelos;ACC;1;03;0302;030245
2024-07;2024;07;Santarém;Salvaterra de Magos;ACC;1;14;1415;141503
2024-07;2024;07;Aveiro;Santa Maria da Feira;ACC;1;01;0109;010919
2025-07;2025;07;Aveiro;Santa Maria da Feira;ACC;1;01;0109;010919
2024-07;2024;07;Porto;Paredes;ACC;1;13;1310;131025
2025-07;2025;07;Leiria;Pombal;ACC;1;10;1015;101508
2024-07;2024;07;Coimbra;Penacova;ACC;1;06;0613;061307
2025-07;2025;07;Santarém;Santarém;ACC;1;14;1416;141614
2024-07;2024;07;Braga;Guimarães;ACC;2;03;0308;030837
2024-07;2024;07;Lisboa;Torres Vedras;ACC;1;11;1113;111310
2025-07;2025;07;Braga;Barcelos;ACC;1;03;0302;030261
2024-07;2024;07;Porto;Porto;ACC;1;13;1312;131211
2024-07;2024;07;Braga;Vila Nova de Famalicão;ACC;1;03;0312;031233
2025-07;2025;07;Vila Real;Vila Pouca de Aguiar;ACC;1;17;1713;171317
2024-07;2024;07;Aveiro;Santa Maria da Feira;ACC;1;01;0109;010925
2024-07;2024;07;Lisboa;Torres Vedras;ACC;1;11;1113;111326
2025-07;2025;07;Viana do Castelo;Viana do Castelo;ACC;1;16;1609;160928
2025-07;2025;07;Faro;Silves;ACC;1;08;0813;081305
2025-07;2025;07;Porto;Vila Nova de Gaia;ACC;1;13;1317;131717
2025-07;2025;07;Lisboa;Sobral de Monte Agraço;ACC;1;11;1112;111203
2025-07;2025;07;Lisboa;Amadora;ACC;1;11;1115;111513
2025-07;2025;07;Coimbra;Góis;ACC;1;06;0606;060601
2025-07;2025;07;Aveiro;Santa Maria da Feira;ACC;1;01;0109;010922
2024-06;2024;06;Bragança;Mirandela;ACC;1;04;0407;040720
2024-06;2024;06;Braga;Braga;CER;1;03;0303;030331
2024-06;2024;06;Porto;Póvoa de Varzim;ACC;1;13;1313;131314
2024-06;2024;06;Aveiro;Águeda;ACC;1;01;0101;010124
2024-06;2024;06;Lisboa;Loures;ACC;2;11;1107;110727
2025-06;2025;06;Lisboa;Sintra;ACC;1;11;1111;111102
2025-06;2025;06;Coimbra;Figueira da Foz;ACC;1;06;0605;060520
2025-06;2025;06;Faro;Loulé;ACC;1;08;0808;080808
2025-06;2025;06;Porto;Vila do Conde;ACC;1;13;1316;131614
2025-06;2025;06;Porto;Paços de Ferreira;ACC;1;13;1309;130918
2025-06;2025;06;Setúbal;Palmela;ACC;2;15;1508;150802
2025-06;2025;06;Leiria;Peniche;ACC;1;10;1014;101407
2025-06;2025;06;Leiria;Pombal;ACC;2;10;1015;101509
2025-06;2025;06;Braga;Póvoa de Lanhoso;ACC;1;03;0309;030919
2025-06;2025;06;Évora;Borba;ACC;1;07;0703;070303
2025-06;2025;06;Setúbal;Santiago do Cacém;ACC;1;15;1509;150907
2025-06;2025;06;Beja;Aljustrel;ACC;1;02;0201;020104
2025-06;2025;06;Lisboa;Torres Vedras;ACC;2;11;1113;111314
2025-06;2025;06;Braga;Braga;ACC;1;03;0303;030354
2025-06;2025;06;Braga;Guimarães;ACC;1;03;0308;030887
2025-06;2025;06;Vila Real;Chaves;ACC;1;17;1703;170358
2025-06;2025;06;Aveiro;Águeda;ACC;1;01;0101;010126
2025-06;2025;06;Porto;Vila do Conde;ACC;1;13;1316;131630
2025-06;2025;06;Faro;Vila Real de Santo António;ACC;1;08;0816;081602
2024-05;2024;05;Viseu;Tondela;ACC;1;18;1821;182108
2023-05;2023;05;Santarém;Ourém;ACC;1;14;1421;142115
2024-05;2024;05;Lisboa;Cascais;ACC;1;11;1105;110501
2024-05;2024;05;Lisboa;Lisboa;ACC;1;11;1106;110657
2024-05;2024;05;Leiria;Batalha;ACC;1;10;1004;100401
2024-05;2024;05;Coimbra;Coimbra;ACC;1;06;0603;060318
2024-06;2024;06;Coimbra;Penacova;ACC;1;06;0613;061302
2025-06;2025;06;Portalegre;Portalegre;ACC;1;12;1214;121404
2024-06;2024;06;Braga;Vila Verde;ACC;1;03;0313;031317
2024-06;2024;06;Braga;Barcelos;ACC;1;03;0302;030292
2024-06;2024;06;Lisboa;Loures;ACC;2;11;1107;110728
2025-06;2025;06;Braga;Barcelos;ACC;2;03;0302;030293
2024-06;2024;06;Setúbal;Moita;ACC;1;15;1506;150607
2025-06;2025;06;Setúbal;Almada;ACC;3;15;1503;150314
2025-06;2025;06;Leiria;Figueiró dos Vinhos;ACC;1;10;1008;100806
2024-06;2024;06;Porto;Porto;ACC;1;13;1312;131218
2025-06;2025;06;Coimbra;Figueira da Foz;ACC;1;06;0605;060502
2025-06;2025;06;Faro;Portimão;ACC;1;08;0811;081101
2025-06;2025;06;Porto;Paços de Ferreira;ACC;1;13;1309;130917
2025-06;2025;06;Lisboa;Vila Franca de Xira;ACC;2;11;1114;111413
2025-06;2025;06;Aveiro;Santa Maria da Feira;ACC;1;01;0109;010933
2025-06;2025;06;Lisboa;Vila Franca de Xira;ACC;1;11;1114;111414
2025-06;2025;06;Porto;Gondomar;ACC;1;13;1304;130415
2025-06;2025;06;Setúbal;Palmela;ACC;1;15;1508;150806
2024-05;2024;05;Braga;Guimarães;ACC;1;03;0308;030878
2024-05;2024;05;Porto;Felgueiras;ACC;1;13;1303;130341
2024-05;2024;05;Santarém;Cartaxo;ACC;1;14;1406;140607
2025-05;2025;05;Faro;Portimão;ACC;1;08;0811;081101
2025-05;2025;05;Leiria;Caldas da Rainha;ACC;1;10;1006;100602
2025-05;2025;05;Évora;Arraiolos;ACC;1;07;0702;070201
2025-05;2025;05;Porto;Vila do Conde;ACC;1;13;1316;131603
2025-05;2025;05;Portalegre;Avis;ACC;1;12;1203;120303
2025-05;2025;05;Leiria;Leiria;ACC;1;10;1009;100907
2025-05;2025;05;Porto;Paços de Ferreira;ACC;3;13;1309;130902
2025-05;2025;05;Porto;Valongo;ACC;3;13;1315;131503
2025-05;2025;05;Coimbra;Cantanhede;ACC;1;06;0602;060207
2025-05;2025;05;Braga;Vila Nova de Famalicão;ACC;1;03;0312;031219
2025-05;2025;05;Leiria;Peniche;ACC;1;10;1014;101407
2025-05;2025;05;Lisboa;Sintra;ACC;3;11;1111;111108
2025-05;2025;05;Lisboa;Lisboa;ACC;2;11;1106;110639
2025-05;2025;05;Viana do Castelo;Viana do Castelo;ACC;1;16;1609;160923
2025-05;2025;05;Lisboa;Vila Franca de Xira;ACC;2;11;1114;111413
2025-05;2025;05;Porto;Porto;ACC;1;13;1312;131217
2025-05;2025;05;Braga;Vila Verde;ACC;1;03;0313;031363
2025-05;2025;05;Leiria;Figueiró dos Vinhos;ACC;1;10;1008;100806
2025-05;2025;05;Castelo Branco;Fundão;ACC;1;05;0504;050434
2025-05;2025;05;Porto;Porto;ACC;2;13;1312;131218
2025-05;2025;05;Leiria;Leiria;ACC;1;10;1009;100935
2025-05;2025;05;Lisboa;Oeiras;ACC;2;11;1110;111014
2025-05;2025;05;Porto;Matosinhos;ACC;1;13;1308;130813
2024-03;2024;03;Leiria;Pombal;ACC;1;10;1015;101505
2024-03;2024;03;Braga;Barcelos;ACC;1;03;0302;030261
2024-03;2024;03;Braga;Vila Nova de Famalicão;ACC;1;03;0312;031233
2024-03;2024;03;Viana do Castelo;Viana do Castelo;ACC;1;16;1609;160923
2024-03;2024;03;Santarém;Alcanena;ACC;1;14;1402;140211
2024-03;2024;03;Lisboa;Loures;ACC;1;11;1107;110728
2024-03;2024;03;Braga;Barcelos;ACC;1;03;0302;030293
2024-03;2024;03;Setúbal;Almada;ACC;2;15;1503;150315
2024-03;2024;03;Porto;Felgueiras;ACC;1;13;1303;130335
2024-03;2024;03;Braga;Vila Nova de Famalicão;ACC;2;03;0312;031260
2025-03;2025;03;Leiria;Alcobaça;ACC;1;10;1001;100120
2025-03;2025;03;Aveiro;Santa Maria da Feira;ACC;1;01;0109;010902
2025-03;2025;03;Portalegre;Elvas;ACC;1;12;1207;120712
2025-03;2025;03;Leiria;Batalha;ACC;1;10;1004;100401
2025-05;2025;05;Braga;Cabeceiras de Basto;ACC;1;03;0304;030421
2024-03;2024;03;Braga;Guimarães;ACC;1;03;0308;030887
2025-03;2025;03;Lisboa;Amadora;ACC;1;11;1115;111513
2025-03;2025;03;Aveiro;Albergaria-a-Velha;ACC;1;01;0102;010209
2025-05;2025;05;Braga;Fafe;ACC;1;03;0307;030730
2025-05;2025;05;Lisboa;Azambuja;ACC;1;11;1103;110304
2025-03;2025;03;Lisboa;Oeiras;ACC;2;11;1110;111002
2025-05;2025;05;Lisboa;Lisboa;ACC;1;11;1106;110658
2025-05;2025;05;Leiria;Caldas da Rainha;ACC;1;10;1006;100608
2025-05;2025;05;Braga;Guimarães;ACC;1;03;0308;030838
2025-05;2025;05;Évora;Borba;ACC;1;07;0703;070303
2025-05;2025;05;Vila Real;Chaves;ACC;1;17;1703;170358
2025-03;2025;03;Aveiro;Aveiro;ACC;1;01;0105;010515
2025-03;2025;03;Braga;Barcelos;ACC;1;03;0302;030244
2025-03;2025;03;Braga;Barcelos;ACC;1;03;0302;030245
2025-03;2025;03;Porto;Marco de Canaveses;ACC;2;13;1307;130736
2025-03;2025;03;Bragança;Mirandela;ACC;1;04;0407;040720
2025-03;2025;03;Porto;Paredes;ACC;1;13;1310;131025
2025-03;2025;03;Leiria;Pombal;ACC;2;10;1015;101509
2025-03;2025;03;Aveiro;Aveiro;ACC;1;01;0105;010516
2025-03;2025;03;Évora;Évora;ACC;1;07;0705;070506
2025-03;2025;03;Braga;Guimarães;ACC;2;03;0308;030854
2025-03;2025;03;Setúbal;Almada;ACC;3;15;1503;150314
2025-03;2025;03;Braga;Braga;ACC;1;03;0303;030371
2025-03;2025;03;Setúbal;Almada;ACC;3;15;1503;150315
2025-03;2025;03;Lisboa;Sintra;ACC;2;11;1111;111126
2025-03;2025;03;Portalegre;Portalegre;ACC;1;12;1214;121413
2025-03;2025;03;Bragança;Bragança;ACC;1;04;0402;040257
2023-11;2023;11;Santarém;Tomar;ACC;1;14;1418;141821
2025-03;2025;03;Aveiro;Águeda;ACC;1;01;0101;010126
2025-03;2025;03;Braga;Guimarães;ACC;2;03;0308;030807
2025-03;2025;03;Coimbra;Montemor-o-Velho;ACC;1;06;0610;061003
2025-03;2025;03;Setúbal;Seixal;ACC;2;15;1510;151006
2025-03;2025;03;Faro;Loulé;ACC;1;08;0808;080809
2022-11;2022;11;Bragança;Miranda do douro;ACC;1;04;0406;040608
2025-03;2025;03;Porto;Porto;ACC;1;13;1312;131210
2025-03;2025;03;Lisboa;Oeiras;ACC;3;11;1110;111012
2025-03;2025;03;Portalegre;Nisa;ACC;1;12;1212;121212
2025-03;2025;03;Coimbra;Montemor-o-Velho;ACC;1;06;0610;061016
2025-03;2025;03;Évora;Montemor-o-Novo;ACC;1;07;0706;070612
2025-03;2025;03;Aveiro;Oliveira de Azeméis;ACC;2;01;0113;011321
2025-03;2025;03;Lisboa;Oeiras;ACC;1;11;1110;111014
2025-03;2025;03;Vila Real;Vila Real;ACC;1;17;1714;171438
2022-10;2022;10;Castelo Branco;Fundão;ACC;1;05;0504;050434
2024-10;2024;10;Porto;Porto;ACC;1;13;1312;131216
2024-09;2024;09;Viseu;Tondela;ACC;1;18;1821;182108
2024-09;2024;09;Braga;Braga;ACC;1;03;0303;030331
2024-09;2024;09;Vila Real;Vila Real;ACC;1;17;1714;171409
2024-09;2024;09;Portalegre;Portalegre;ACC;1;12;1214;121404
2024-09;2024;09;Coimbra;Penacova;ACC;1;06;0613;061304
2024-09;2024;09;Faro;Loulé;ACC;1;08;0808;080809
2024-09;2024;09;Porto;Maia;ACC;2;13;1306;130609
2024-09;2024;09;Setúbal;Almada;ACC;2;15;1503;150314
2024-09;2024;09;Évora;Estremoz;ACC;1;07;0704;070414
2024-09;2024;09;Braga;Braga;ACC;1;03;0303;030375
2024-09;2024;09;Braga;Braga;ACC;1;03;0303;030377
2024-09;2024;09;Porto;Valongo;ACC;1;13;1315;131501
2024-09;2024;09;Lisboa;Lisboa;ACC;1;11;1106;110657
2024-09;2024;09;Porto;Marco de Canaveses;ACC;2;13;1307;130736
2024-09;2024;09;Leiria;Caldas da Rainha;ACC;2;10;1006;100619
2024-09;2024;09;Braga;Barcelos;ACC;1;03;0302;030283
2024-09;2024;09;Porto;Santo Tirso;ACC;2;13;1314;131437
2024-09;2024;09;Évora;Vendas Novas;ACC;1;07;0712;071201
2024-04;2024;04;Viseu;Tondela;ACC;1;18;1821;182108
2024-04;2024;04;Braga;Guimarães;ACC;1;03;0308;030837
2024-04;2024;04;Lisboa;Lisboa;ACC;1;11;1106;110657
2024-04;2024;04;Santarém;Rio Maior;ACC;1;14;1414;141401
2024-04;2024;04;Santarém;Benavente;ACC;1;14;1405;140504
2024-04;2024;04;Lisboa;Odivelas;ACC;2;11;1116;111608
2024-04;2024;04;Setúbal;Almada;ACC;1;15;1503;150314
2024-04;2024;04;Setúbal;Barreiro;ACC;1;15;1504;150409
2025-04;2025;04;Setúbal;Santiago do Cacém;ACC;1;15;1509;150907
2024-08;2024;08;Setúbal;Santiago do Cacém;ACC;1;15;1509;150907
2024-08;2024;08;Aveiro;Santa Maria da Feira;ACC;1;01;0109;010925
2025-04;2025;04;Aveiro;Santa Maria da Feira;ACC;1;01;0109;010935
2025-04;2025;04;Aveiro;Ovar;ACC;1;01;0115;011503
2025-04;2025;04;Aveiro;Águeda;ACC;1;01;0101;010126
2025-04;2025;04;Leiria;Leiria;ACC;1;10;1009;100907
2024-08;2024;08;Leiria;Caldas da Rainha;ACC;1;10;1006;100602
2025-04;2025;04;Leiria;Pombal;ACC;1;10;1015;101505
2025-04;2025;04;Leiria;Peniche;ACC;1;10;1014;101407
2024-08;2024;08;Portalegre;Portalegre;ACC;1;12;1214;121404
2024-08;2024;08;Portalegre;Elvas;ACC;1;12;1207;120712
2024-08;2024;08;Santarém;Rio Maior;ACC;1;14;1414;141401
2025-04;2025;04;Santarém;Almeirim;ACC;1;14;1403;140301
2025-04;2025;04;Faro;Loulé;ACC;1;08;0808;080808
2025-04;2025;04;Faro;Loulé;ACC;1;08;0808;080809
2025-04;2025;04;Faro;Aljezur;ACC;1;08;0803;080302
2025-04;2025;04;Faro;Silves;ACC;1;08;0813;081305
2025-04;2025;04;Faro;Lagoa;ACC;1;08;0806;080607
2025-04;2025;04;Portalegre;Ponte de Sor;ACC;2;12;1213;121308
2025-04;2025;04;Castelo Branco;Fundão;ACC;1;05;0504;050434
2023-08;2023;08;Castelo Branco;Fundão;ACC;1;05;0504;050434
2024-04;2024;04;Braga;Barcelos;ACC;1;03;0302;030292
2024-04;2024;04;Braga;Barcelos;ACC;1;03;0302;030293
2025-04;2025;04;Braga;Barcelos;ACC;1;03;0302;030244
2024-04;2024;04;Braga;Guimarães;ACC;1;03;0308;030887
2025-04;2025;04;Braga;Guimarães;ACC;1;03;0308;030828
2025-04;2025;04;Braga;Guimarães;ACC;1;03;0308;030832
2024-08;2024;08;Braga;Guimarães;ACC;2;03;0308;030837
2024-08;2024;08;Braga;Guimarães;ACC;1;03;0308;030858
2025-04;2025;04;Braga;Guimarães;ACC;2;03;0308;030854
2025-04;2025;04;Braga;Vila Verde;ACC;1;03;0313;031363
2024-04;2024;04;Braga;Vila Verde;ACC;1;03;0313;031342
2025-04;2025;04;Braga;Vila Verde;ACC;1;03;0313;031354
2024-04;2024;04;Braga;Braga;ACC;1;03;0303;030374
2023-08;2023;08;Braga;Braga;CER;1;03;0303;030331
2025-04;2025;04;Braga;Braga;ACC;1;03;0303;030354
2025-04;2025;04;Braga;Fafe;ACC;1;03;0307;030709
2024-08;2024;08;Braga;Póvoa de Lanhoso;ACC;1;03;0309;030919
2025-04;2025;04;Braga;Celorico de Basto;ACC;1;03;0305;030523
2023-08;2023;08;Lisboa;Loures;ACC;1;11;1107;110729
2025-04;2025;04;Lisboa;Loures;ACC;1;11;1107;110731
2025-04;2025;04;Lisboa;Amadora;ACC;2;11;1115;111512
2025-04;2025;04;Lisboa;Lisboa;ACC;1;11;1106;110657
2025-04;2025;04;Lisboa;Lisboa;ACC;2;11;1106;110611
2025-04;2025;04;Lisboa;Lisboa;ACC;1;11;1106;110660
2025-04;2025;04;Lisboa;Sintra;ACC;3;11;1111;111108
2025-04;2025;04;Lisboa;Azambuja;ACC;1;11;1103;110304
2024-08;2024;08;Lisboa;Torres Vedras;ACC;1;11;1113;111310
2025-04;2025;04;Lisboa;Alenquer;ACC;1;11;1101;110118
2025-04;2025;04;Porto;Gondomar;ACC;1;13;1304;130415
2024-08;2024;08;Porto;Vila Nova de Gaia;ACC;1;13;1317;131717
2025-04;2025;04;Porto;Vila Nova de Gaia;ACC;1;13;1317;131725
2025-04;2025;04;Porto;Santo Tirso;ACC;1;13;1314;131402
2024-08;2024;08;Porto;Santo Tirso;ACC;1;13;1314;131402
2024-08;2024;08;Porto;Vila do Conde;ACC;1;13;1316;131603
2025-04;2025;04;Porto;Vila do Conde;ACC;1;13;1316;131614
2024-08;2024;08;Porto;Porto;ACC;2;13;1312;131203
2024-08;2024;08;Porto;Porto;ACC;1;13;1312;131210
2024-08;2024;08;Porto;Porto;ACC;1;13;1312;131211
2025-04;2025;04;Porto;Porto;ACC;1;13;1312;131217
2025-04;2025;04;Porto;Maia;ACC;3;13;1306;130618
2024-08;2024;08;Porto;Paredes;ACC;1;13;1310;131025
2025-04;2025;04;Porto;Matosinhos;ACC;1;13;1308;130813
2024-08;2024;08;Viseu;Viseu;ACC;1;18;1823;182301
2025-04;2025;04;Vila Real;Vila Real;ACC;1;17;1714;171438
2025-04;2025;04;Viana do Castelo;Viana do Castelo;ACC;1;16;1609;160928
2024-08;2024;08;Porto;Porto;ACC;1;13;1312;131216
2024-08;2024;08;Braga;Vila Verde;ACC;1;03;0313;031363
2024-08;2024;08;Porto;Gondomar;ACC;2;13;1304;130413
2024-08;2024;08;Porto;Vila Nova de Gaia;ACC;1;13;1317;131725
2024-08;2024;08;Lisboa;Loures;ACC;2;11;1107;110727
2024-08;2024;08;Porto;Felgueiras;ACC;1;13;1303;130341
2024-08;2024;08;Braga;Vila Verde;ACC;1;03;0313;031342
2024-08;2024;08;Castelo Branco;Vila de Rei;ACC;1;05;0510;051003
2025-08;2025;08;Lisboa;Amadora;ACC;2;11;1115;111512
2025-08;2025;08;Viseu;São Pedro do Sul;ACC;1;18;1816;181602
2025-08;2025;08;Lisboa;Loures;ACC;1;11;1107;110702
2025-08;2025;08;Porto;Maia;ACC;3;13;1306;130618
2025-08;2025;08;Braga;Barcelos;ACC;1;03;0302;030244
2025-08;2025;08;Porto;Marco de Canaveses;ACC;2;13;1307;130736
2025-08;2025;08;Porto;Paços de Ferreira;ACC;1;13;1309;130918
2025-08;2025;08;Braga;Braga;ACC;1;03;0303;030331
2025-08;2025;08;Viseu;Viseu;ACC;2;18;1823;182323
2025-08;2025;08;Lisboa;Lisboa;ACC;2;11;1106;110639
2025-08;2025;08;Viseu;Sátão;ACC;1;18;1817;181710
2025-08;2025;08;Lisboa;Alenquer;ACC;1;11;1101;110118
2025-08;2025;08;Braga;Esposende;ACC;3;03;0306;030618
2025-08;2025;08;Braga;Vila Verde;ACC;1;03;0313;031363
2025-08;2025;08;Vila Real;Peso da Régua;ACC;1;17;1708;170816
2025-08;2025;08;Lisboa;Loures;ACC;1;11;1107;110730
2025-08;2025;08;Vila Real;Chaves;ACC;1;17;1703;170358
2025-08;2025;08;Braga;Guimarães;ACC;1;03;0308;030888
2025-08;2025;08;Braga;Vila Nova de Famalicão;ACC;1;03;0312;031249
2025-04;2025;04;Coimbra;Coimbra;ACC;1;06;0603;060336
2024-08;2024;08;Setúbal;Moita;ACC;3;15;1506;150607
2025-08;2025;08;Aveiro;Santa Maria da Feira;ACC;1;01;0109;010932
2024-08;2024;08;Faro;Lagoa;ACC;1;08;0806;080607
2024-08;2024;08;Setúbal;Grândola;ACC;1;15;1505;150506
2024-08;2024;08;Leiria;Leiria;ACC;3;10;1009;100934
2025-08;2025;08;Setúbal;Montijo;ACC;1;15;1507;150710
2024-08;2024;08;Lisboa;Odivelas;ACC;2;11;1116;111608
2025-08;2025;08;Aveiro;Águeda;ACC;1;01;0101;010126
2025-08;2025;08;Faro;Aljezur;ACC;1;08;0803;080302
2025-08;2025;08;Leiria;Alcobaça;ACC;1;10;1001;100108
2025-08;2025;08;Porto;Santo Tirso;ACC;1;13;1314;131413
2025-08;2025;08;Aveiro;Santa Maria da Feira;ACC;1;01;0109;010916
2025-08;2025;08;Aveiro;Oliveira do Bairro;ACC;1;01;0114;011403
2025-08;2025;08;Faro;Loulé;ACC;1;08;0808;080805
2025-08;2025;08;Évora;Borba;ACC;1;07;0703;070303
2025-08;2025;08;Porto;Lousada;ACC;1;13;1305;130530
2025-08;2025;08;Setúbal;Santiago do Cacém;ACC;1;15;1509;150912
2025-08;2025;08;Viseu;Tondela;ACC;1;18;1821;182132
2025-08;2025;08;Lisboa;Vila Franca de Xira;ACC;1;11;1114;111408
2024-12;2024;12;Bragança;Miranda do douro;ACC;1;04;0406;040608
2024-02;2024;02;Braga;Guimarães;ACC;1;03;0308;030887
2024-12;2024;12;Porto;Santo Tirso;ACC;2;13;1314;131437
2024-12;2024;12;Setúbal;Setúbal;ACC;2;15;1512;151210
2024-02;2024;02;Santarém;Alcanena;ACC;1;14;1402;140211
2024-02;2024;02;Leiria;Leiria;ACC;1;10;1009;100933
2025-02;2025;02;Porto;Santo Tirso;ACC;1;13;1314;131402
2025-02;2025;02;Leiria;Alcobaça;ACC;1;10;1001;100120
2025-02;2025;02;Faro;Portimão;ACC;1;08;0811;081101
2025-02;2025;02;Leiria;Caldas da Rainha;ACC;1;10;1006;100602
2025-02;2025;02;Setúbal;Seixal;ACC;2;15;1510;151002
2025-02;2025;02;Santarém;Benavente;ACC;1;14;1405;140501
2025-02;2025;02;Aveiro;Aveiro;ACC;1;01;0105;010505
2025-02;2025;02;Aveiro;Santa Maria da Feira;ACC;1;01;0109;010914
2025-02;2025;02;Aveiro;Oliveira do Bairro;ACC;1;01;0114;011403
2025-02;2025;02;Santarém;Santarém;ACC;1;14;1416;141614
2025-02;2025;02;Setúbal;Palmela;ACC;1;15;1508;150804
2025-02;2025;02;Setúbal;Moita;ACC;3;15;1506;150607
2024-02;2024;02;Lisboa;Cascais;ACC;1;11;1105;110501
2025-02;2025;02;Braga;Barcelos;ACC;1;03;0302;030208
2025-02;2025;02;Porto;Gondomar;ACC;3;13;1304;130412
2025-02;2025;02;Porto;Porto;ACC;2;13;1312;131203
2025-02;2025;02;Braga;Fafe;ACC;1;03;0307;030709
2025-02;2025;02;Braga;Barcelos;ACC;1;03;0302;030244
2025-02;2025;02;Braga;Barcelos;ACC;1;03;0302;030245
2025-02;2025;02;Porto;Porto;ACC;1;13;1312;131210
2025-02;2025;02;Lisboa;Torres Vedras;ACC;1;11;1113;111310
2025-02;2025;02;Porto;Penafiel;ACC;2;13;1311;131129
2025-02;2025;02;Porto;Póvoa de Varzim;ACC;1;13;1313;131314
2024-12;2024;12;Lisboa;Oeiras;ACC;1;11;1110;111012
2025-02;2025;02;Braga;Barcelos;ACC;2;03;0302;030293
2025-02;2025;02;Beja;Beja;ACC;4;02;0205;020520
2025-02;2025;02;Lisboa;Loures;ACC;1;11;1107;110731
2025-02;2025;02;Lisboa;Cascais;ACC;1;11;1105;110507
2024-12;2024;12;Porto;Felgueiras;ACC;1;13;1303;130335
2024-02;2024;02;Braga;Guimarães;ACC;1;03;0308;030884
2025-02;2025;02;Porto;Vila Nova de Gaia;ACC;1;13;1317;131725
2024-01;2024;01;Braga;Braga;ACC;1;03;0303;030377
2023-01;2023;01;Viseu;Tondela;ACC;1;18;1821;182108
2023-01;2023;01;Bragança;Miranda do douro;ACC;1;04;0406;040608
2024-01;2024;01;Leiria;Marinha Grande;ACC;1;10;1010;101001
2025-01;2025;01;Lisboa;Sintra;ACC;1;11;1111;111102
2025-01;2025;01;Porto;Vila Nova de Gaia;ACC;1;13;1317;131704
2025-01;2025;01;Coimbra;Montemor-o-Velho;ACC;1;06;0610;061003
2025-01;2025;01;Porto;Paços de Ferreira;ACC;1;13;1309;130917
2025-01;2025;01;Braga;Guimarães;ACC;1;03;0308;030820
2025-01;2025;01;Castelo Branco;Idanha-a-Nova;ACC;1;05;0505;050505
2025-01;2025;01;Porto;Vila do Conde;ACC;1;13;1316;131614
2025-01;2025;01;Lisboa;Lisboa;ACC;2;11;1106;110661
2025-01;2025;01;Braga;Barcelos;ACC;1;03;0302;030261
2025-01;2025;01;Braga;Póvoa de Lanhoso;ACC;1;03;0309;030919
2025-01;2025;01;Faro;Silves;ACC;1;08;0813;081305
2025-01;2025;01;Viseu;Sátão;ACC;1;18;1817;181710
2025-01;2025;01;Porto;Gondomar;ACC;1;13;1304;130415
2024-07;2024;07;Viseu;Tondela;ACC;1;18;1821;182108
2024-07;2024;07;Lisboa;Cascais;ACC;1;11;1105;110501
2024-07;2024;07;Lisboa;Sintra;ACC;1;11;1111;111102
2024-07;2024;07;Lisboa;Lisboa;ACC;1;11;1106;110657
2024-07;2024;07;Portalegre;Avis;ACC;1;12;1203;120303
2024-07;2024;07;Porto;Valongo;ACC;2;13;1315;131503
2024-07;2024;07;Porto;Paços de Ferreira;ACC;1;13;1309;130917
2025-01;2025;01;Braga;Braga;ACC;1;03;0303;030371
2025-01;2025;01;Leiria;Figueiró dos Vinhos;ACC;1;10;1008;100806
2025-01;2025;01;Leiria;Leiria;ACC;4;10;1009;100934
2025-01;2025;01;Leiria;Leiria;ACC;1;10;1009;100936
2025-02;2025;02;Setúbal;Montijo;ACC;1;15;1507;150710
2025-02;2025;02;Aveiro;Oliveira de Azeméis;ACC;2;01;0113;011321
2025-01;2025;01;Lisboa;Oeiras;ACC;1;11;1110;111014
2025-01;2025;01;Aveiro;Oliveira de Azeméis;ACC;1;01;0113;011322
2025-01;2025;01;Lisboa;Sintra;ACC;2;11;1111;111126
2025-01;2025;01;Aveiro;Águeda;ACC;1;01;0101;010124
2025-01;2025;01;Braga;Cabeceiras de Basto;ACC;1;03;0304;030421
2025-01;2025;01;Guarda;Sabugal;ACC;1;09;0911;091145
2024-01;2024;01;Lisboa;Loures;ACC;1;11;1107;110727
2025-01;2025;01;Lisboa;Loures;ACC;2;11;1107;110727
2025-01;2025;01;Braga;Guimarães;ACC;1;03;0308;030888
2025-01;2025;01;Viseu;Tarouca;ACC;1;18;1820;182013
2025-02;2025;02;Coimbra;Coimbra;ACC;1;06;0603;060340
2025-01;2025;01;Santarém;Tomar;ACC;2;14;1418;141821
2025-02;2025;02;Aveiro;Águeda;ACC;1;01;0101;010126
2024-01;2024;01;Braga;Vila Nova de Famalicão;ACC;1;03;0312;031260
2025-01;2025;01;Braga;Barcelos;ACC;1;03;0302;030283
2025-01;2025;01;Lisboa;Amadora;ACC;1;11;1115;111517
2025-02;2025;02;Aveiro;Oliveira de Azeméis;ACC;1;01;0113;011319
2025-01;2025;01;Lisboa;Cadaval;ACC;1;11;1104;110410
2025-02;2025;02;Porto;Vila do Conde;ACC;1;13;1316;131630
2025-01;2025;01;Braga;Braga;ACC;2;03;0303;030301
2025-01;2025;01;Porto;Santo Tirso;ACC;1;13;1314;131402
2024-07;2024;07;Santarém;Rio Maior;ACC;1;14;1414;141401
2025-01;2025;01;Santarém;Alpiarça;ACC;1;14;1404;140401
2024-07;2024;07;Beja;Beja;ACC;3;02;0205;020520
2024-07;2024;07;Braga;Braga;ACC;1;03;0303;030370
2024-07;2024;07;Setúbal;Almada;ACC;3;15;1503;150315
2024-07;2024;07;Leiria;Leiria;ACC;1;10;1009;100935
2024-07;2024;07;Braga;Braga;ACC;1;03;0303;030379
2024-07;2024;07;Braga;Cabeceiras de Basto;ACC;1;03;0304;030421
2024-07;2024;07;Setúbal;Barreiro;ACC;1;15;1504;150409
2024-07;2024;07;Bragança;Bragança;ACC;1;04;0402;040257
2024-07;2024;07;Porto;Felgueiras;ACC;1;13;1303;130341
2025-07;2025;07;Portalegre;Elvas;ACC;1;12;1207;120712
2025-07;2025;07;Portalegre;Avis;ACC;1;12;1203;120303
2025-07;2025;07;Aveiro;Albergaria-a-Velha;ACC;1;01;0102;010204
2025-07;2025;07;Leiria;Pombal;ACC;1;10;1015;101505
2025-07;2025;07;Aveiro;Aveiro;ACC;2;01;0105;010505
2025-07;2025;07;Santarém;Ourém;ACC;1;14;1421;142106
2025-07;2025;07;Bragança;Miranda do douro;ACC;1;04;0406;040608
2025-07;2025;07;Santarém;Ourém;ACC;2;14;1421;142115
2025-07;2025;07;Braga;Braga;ACC;1;03;0303;030331
2025-07;2025;07;Lisboa;Oeiras;ACC;3;11;1110;111012
2025-07;2025;07;Beja;Beja;ACC;4;02;0205;020520
2025-07;2025;07;Lisboa;Loures;ACC;1;11;1107;110731
2025-07;2025;07;Lisboa;Oeiras;ACC;2;11;1110;111013
2025-07;2025;07;Braga;Braga;ACC;1;03;0303;030370
2025-07;2025;07;Porto;Vila Nova de Gaia;ACC;1;13;1317;131725
2025-07;2025;07;Porto;Porto;ACC;2;13;1312;131218
2025-07;2025;07;Santarém;Alcanena;ACC;1;14;1402;140212
2025-07;2025;07;Porto;Felgueiras;ACC;1;13;1303;130335
2025-07;2025;07;Leiria;Leiria;ACC;1;10;1009;100936
2025-07;2025;07;Évora;Montemor-o-Novo;ACC;1;07;0706;070612
2025-07;2025;07;Setúbal;Barreiro;ACC;1;15;1504;150411
2025-07;2025;07;Porto;Vila Nova de Gaia;ACC;2;13;1317;131728
2025-07;2025;07;Portalegre;Portalegre;ACC;1;12;1214;121413
2025-07;2025;07;Lisboa;Loures;ACC;2;11;1107;110729
2025-07;2025;07;Leiria;Caldas da Rainha;ACC;2;10;1006;100619
2025-07;2025;07;Porto;Felgueiras;ACC;1;13;1303;130341
2025-07;2025;07;Lisboa;Cadaval;ACC;1;11;1104;110410
2023-06;2023;06;Lisboa;Lisboa;ACC;1;11;1106;110618
2024-06;2024;06;Santarém;Rio Maior;ACC;1;14;1414;141401
2024-06;2024;06;Santarém;Alpiarça;ACC;1;14;1404;140401
2024-06;2024;06;Lisboa;Arruda dos Vinhos;ACC;2;11;1102;110202
2024-07;2024;07;Porto;Marco de Canaveses;ACC;2;13;1307;130736
2025-07;2025;07;Bragança;Mirandela;ACC;1;04;0407;040720
2024-07;2024;07;Aveiro;Santa Maria da Feira;ACC;1;01;0109;010914
2024-07;2024;07;Porto;Maia;ACC;2;13;1306;130609
2025-07;2025;07;Porto;Paredes;ACC;1;13;1310;131025
2025-07;2025;07;Lisboa;Torres Vedras;ACC;1;11;1113;111310
2025-07;2025;07;Setúbal;Sesimbra;ACC;1;15;1511;151103
2025-07;2025;07;Braga;Vila Nova de Famalicão;ACC;2;03;0312;031233
2024-07;2024;07;Viseu;Viseu;ACC;1;18;1823;182323
2024-07;2024;07;Porto;Penafiel;ACC;2;13;1311;131129
2025-07;2025;07;Coimbra;Coimbra;ACC;2;06;0603;060318
2025-07;2025;07;Braga;Guimarães;ACC;2;03;0308;030854
2024-07;2024;07;Braga;Braga;ACC;1;03;0303;030354
2025-07;2025;07;Aveiro;Águeda;ACC;1;01;0101;010121
2025-07;2025;07;Lisboa;Azambuja;ACC;1;11;1103;110304
2025-07;2025;07;Santarém;Benavente;ACC;1;14;1405;140501
2025-07;2025;07;Porto;Maia;ACC;1;13;1306;130619
2025-07;2025;07;Castelo Branco;Castelo Branco;ACC;1;05;0502;050211
2025-07;2025;07;Braga;Guimarães;ACC;1;03;0308;030838
2025-07;2025;07;Setúbal;Setúbal;ACC;1;15;1512;151208
2025-07;2025;07;Porto;Amarante;ACC;1;13;1301;130135
2025-07;2025;07;Lisboa;Sintra;ACC;1;11;1111;111122
2024-06;2024;06;Porto;Paços de Ferreira;ACC;1;13;1309;130918
2024-06;2024;06;Leiria;Peniche;ACC;1;10;1014;101407
2024-06;2024;06;Braga;Barcelos;ACC;1;03;0302;030261
2024-06;2024;06;Viana do Castelo;Viana do Castelo;ACC;1;16;1609;160923
2024-06;2024;06;Viseu;Sátão;ACC;1;18;1817;181710
2024-06;2024;06;Santarém;Alcanena;ACC;1;14;1402;140211
2024-06;2024;06;Lisboa;Cadaval;ACC;1;11;1104;110413
2024-06;2024;06;Aveiro;Águeda;ACC;1;01;0101;010126
2025-06;2025;06;Lisboa;Amadora;ACC;1;11;1115;111513
2025-06;2025;06;Aveiro;Santa Maria da Feira;ACC;1;01;0109;010902
2025-06;2025;06;Viseu;São Pedro do Sul;ACC;1;18;1816;181602
2025-06;2025;06;Lisboa;Lisboa;ACC;2;11;1106;110611
2025-06;2025;06;Aveiro;Ovar;ACC;1;01;0115;011503
2025-06;2025;06;Santarém;Salvaterra de Magos;ACC;1;14;1415;141503
2025-06;2025;06;Leiria;Caldas da Rainha;ACC;1;10;1006;100608
2025-06;2025;06;Aveiro;Aveiro;ACC;1;01;0105;010516
2025-06;2025;06;Santarém;Torres Novas;ACC;1;14;1419;141910
2025-06;2025;06;Portalegre;Castelo de Vide;ACC;1;12;1205;120504
2025-06;2025;06;Viana do Castelo;Monção;ACC;1;16;1604;160431
2025-06;2025;06;Santarém;Alcanena;ACC;1;14;1402;140211
2025-06;2025;06;Santarém;Coruche;ACC;1;14;1409;140909
2025-06;2025;06;Braga;Cabeceiras de Basto;ACC;1;03;0304;030421
2025-06;2025;06;Guarda;Sabugal;ACC;1;09;0911;091145
2025-06;2025;06;Lisboa;Loures;ACC;1;11;1107;110730
2025-06;2025;06;Setúbal;Seixal;ACC;3;15;1510;151007
2025-06;2025;06;Viseu;Tondela;ACC;1;18;1821;182132
2025-06;2025;06;Viana do Castelo;Arcos de Valdevez;ACC;1;16;1601;160149
2025-06;2025;06;Braga;Vila Nova de Famalicão;ACC;1;03;0312;031241
2023-05;2023;05;Viseu;Tondela;ACC;1;18;1821;182108
2024-05;2024;05;Santarém;Almeirim;ACC;1;14;1403;140301
2024-05;2024;05;Santarém;Torres Novas;ACC;1;14;1419;141917
2024-05;2024;05;Porto;Maia;ACC;1;13;1306;130609
2024-05;2024;05;Braga;Guimarães;ACC;1;03;0308;030832
2024-05;2024;05;Santarém;Ourém;ACC;1;14;1421;142115
2024-05;2024;05;Setúbal;Palmela;ACC;2;15;1508;150802
2024-05;2024;05;Setúbal;Palmela;ACC;1;15;1508;150804
2025-06;2025;06;Braga;Barcelos;ACC;1;03;0302;030220
2024-06;2024;06;Porto;Maia;ACC;1;13;1306;130618
2024-05;2024;05;Lisboa;Amadora;ACC;1;11;1115;111515
2024-06;2024;06;Coimbra;Cantanhede;ACC;1;06;0602;060207
2025-06;2025;06;Lisboa;Alenquer;ACC;1;11;1101;110119
2025-06;2025;06;Braga;Barcelos;ACC;1;03;0302;030292
2024-06;2024;06;Braga;Braga;ACC;1;03;0303;030371
2024-06;2024;06;Leiria;Figueiró dos Vinhos;ACC;1;10;1008;100806
2024-06;2024;06;Bragança;Bragança;ACC;1;04;0402;040252
2024-06;2024;06;Leiria;Leiria;ACC;2;10;1009;100934
2025-06;2025;06;Lisboa;Amadora;ACC;2;11;1115;111512
2025-06;2025;06;Porto;Marco de Canaveses;ACC;1;13;1307;130734
2025-06;2025;06;Braga;Fafe;ACC;1;03;0307;030708
2025-06;2025;06;Setúbal;Setúbal;ACC;1;15;1512;151209
2025-06;2025;06;Lisboa;Loures;ACC;1;11;1107;110731
2025-06;2025;06;Lisboa;Oeiras;ACC;2;11;1110;111013
2025-06;2025;06;Porto;Porto;ACC;1;13;1312;131217
2025-06;2025;06;Aveiro;Santa Maria da Feira;ACC;1;01;0109;010935
2025-06;2025;06;Porto;Vila Nova de Gaia;ACC;2;13;1317;131727
2025-06;2025;06;Santarém;Alcanena;ACC;1;14;1402;140212
2025-06;2025;06;Coimbra;Montemor-o-Velho;ACC;1;06;0610;061016
2025-06;2025;06;Setúbal;Montijo;ACC;1;15;1507;150710
2025-06;2025;06;Porto;Póvoa de Varzim;ACC;1;13;1313;131315
2024-05;2024;05;Braga;Barcelos;ACC;1;03;0302;030292
2024-05;2024;05;Setúbal;Almada;ACC;1;15;1503;150314
2024-05;2024;05;Porto;Gondomar;ACC;1;13;1304;130413
2024-05;2024;05;Leiria;Figueiró dos Vinhos;ACC;1;10;1008;100806
2024-05;2024;05;Braga;Vila Verde;ACC;1;03;0313;031342
2025-05;2025;05;Leiria;Alcobaça;ACC;1;10;1001;100120
2025-05;2025;05;Lisboa;Lisboa;ACC;1;11;1106;110657
2025-05;2025;05;Porto;Porto;ACC;2;13;1312;131203
2025-05;2025;05;Porto;Vila Nova de Gaia;ACC;1;13;1317;131704
2025-05;2025;05;Santarém;Ourém;ACC;1;14;1421;142106
2025-05;2025;05;Bragança;Miranda do douro;ACC;1;04;0406;040608
2025-05;2025;05;Aveiro;Santa Maria da Feira;ACC;1;01;0109;010933
2025-05;2025;05;Lisboa;Cascais;ACC;1;11;1105;110508
2025-05;2025;05;Coimbra;Condeixa-a-Nova;ACC;1;06;0604;060411
2025-05;2025;05;Santarém;Alcanena;ACC;1;14;1402;140212
2025-05;2025;05;Setúbal;Montijo;ACC;1;15;1507;150710
2025-05;2025;05;Braga;Guimarães;ACC;2;03;0308;030884
2025-05;2025;05;Porto;Póvoa de Varzim;ACC;1;13;1313;131315
2025-05;2025;05;Porto;Felgueiras;ACC;1;13;1303;130341
2025-05;2025;05;Braga;Barcelos;ACC;1;03;0302;030283
2025-05;2025;05;Santarém;Cartaxo;ACC;1;14;1406;140607
2023-03;2023;03;Viseu;Tondela;ACC;1;18;1821;182108
2024-03;2024;03;Braga;Barcelos;ACC;1;03;0302;030220
2024-03;2024;03;Porto;Valongo;ACC;1;13;1315;131503
2024-03;2024;03;Braga;Guimarães;ACC;1;03;0308;030828
2024-03;2024;03;Braga;Braga;CER;1;03;0303;030331
2024-03;2024;03;Lisboa;Torres Vedras;ACC;1;11;1113;111326
2024-03;2024;03;Braga;Braga;ACC;1;03;0303;030374
2024-03;2024;03;Lisboa;Odivelas;ACC;1;11;1116;111609
2025-05;2025;05;Lisboa;Loures;ACC;2;11;1107;110729
2024-03;2024;03;Setúbal;Setúbal;ACC;1;15;1512;151210
2025-05;2025;05;Leiria;Caldas da Rainha;ACC;2;10;1006;100619
2025-05;2025;05;Aveiro;Santa Maria da Feira;ACC;1;01;0109;010914
2025-05;2025;05;Lisboa;Amadora;ACC;1;11;1115;111516
2025-05;2025;05;Vila Real;Vila Pouca de Aguiar;ACC;1;17;1713;171317
2025-05;2025;05;Beja;Aljustrel;ACC;1;02;0201;020104
2025-05;2025;05;Aveiro;Águeda;ACC;1;01;0101;010121
2025-05;2025;05;Santarém;Coruche;ACC;1;14;1409;140909
2025-05;2025;05;Porto;Vila Nova de Gaia;ACC;1;13;1317;131729
2025-05;2025;05;Lisboa;Sintra;ACC;4;11;1111;111128
2025-05;2025;05;Coimbra;Coimbra;ACC;1;06;0603;060338
2025-03;2025;03;Santarém;Ourém;ACC;1;14;1421;142104
2025-03;2025;03;Braga;Guimarães;ACC;2;03;0308;030837
2025-03;2025;03;Santarém;Torres Novas;ACC;1;14;1419;141910
2025-03;2025;03;Aveiro;Santa Maria da Feira;ACC;2;01;0109;010925
2025-03;2025;03;Santarém;Tomar;ACC;1;14;1418;141813
2025-03;2025;03;Braga;Vila Verde;ACC;1;03;0313;031354
2025-03;2025;03;Santarém;Alcanena;ACC;1;14;1402;140211
2025-03;2025;03;Lisboa;Loures;ACC;2;11;1107;110728
2025-03;2025;03;Leiria;Figueiró dos Vinhos;ACC;1;10;1008;100806
2025-03;2025;03;Lisboa;Odivelas;ACC;2;11;1116;111608
2025-03;2025;03;Lisboa;Odivelas;ACC;1;11;1116;111609
2025-03;2025;03;Coimbra;Coimbra;ACC;1;06;0603;060336
2024-11;2024;11;Lisboa;Lisboa;ACC;1;11;1106;110639
2025-03;2025;03;Porto;Vila Nova de Gaia;ACC;1;13;1317;131704
2025-03;2025;03;Braga;Vila Nova de Famalicão;ACC;1;03;0312;031213
2025-03;2025;03;Braga;Vila Verde;ACC;1;03;0313;031317
2023-11;2023;11;Bragança;Miranda do douro;ACC;1;04;0406;040608
2025-03;2025;03;Beja;Beja;ACC;4;02;0205;020520
2025-03;2025;03;Porto;Trofa;ACC;1;13;1318;131810
2025-03;2025;03;Lisboa;Cascais;ACC;1;11;1105;110508
2025-03;2025;03;Porto;Porto;ACC;1;13;1312;131217
2025-03;2025;03;Porto;Vila Nova de Gaia;ACC;1;13;1317;131725
2025-03;2025;03;Leiria;Leiria;ACC;1;10;1009;100935
2024-11;2024;11;Aveiro;Oliveira de Azeméis;ACC;2;01;0113;011321
2025-03;2025;03;Viana do Castelo;Arcos de Valdevez;ACC;1;16;1601;160149
2024-10;2024;10;Braga;Vila Nova de Famalicão;ACC;1;03;0312;031213
2024-10;2024;10;Porto;Porto;ACC;1;13;1312;131217
2023-09;2023;09;Lisboa;Loures;ACC;1;11;1107;110729
2023-09;2023;09;Lisboa;Lisboa;ACC;1;11;1106;110618
2024-09;2024;09;Braga;Braga;CER;1;03;0303;030331
2024-09;2024;09;Porto;Vila Nova de Gaia;ACC;1;13;1317;131704
2024-09;2024;09;Leiria;Caldas da Rainha;ACC;1;10;1006;100608
2024-09;2024;09;Lisboa;Lisboa;ACC;1;11;1106;110665
2024-09;2024;09;Viana do Castelo;Viana do Castelo;ACC;1;16;1609;160928
2024-09;2024;09;Lisboa;Torres Vedras;ACC;2;11;1113;111314
2024-09;2024;09;Porto;Amarante;ACC;1;13;1301;130135
2024-09;2024;09;Porto;Póvoa de Varzim;ACC;1;13;1313;131314
2024-09;2024;09;Braga;Guimarães;ACC;1;03;0308;030881
2024-09;2024;09;Portalegre;Nisa;ACC;1;12;1212;121212
2024-09;2024;09;Braga;Braga;ACC;1;03;0303;030370
2024-09;2024;09;Faro;Lagoa;ACC;1;08;0806;080607
2024-09;2024;09;Porto;Lousada;ACC;1;13;1305;130529
2024-09;2024;09;Setúbal;Almada;ACC;3;15;1503;150315
2024-09;2024;09;Porto;Porto;ACC;2;13;1312;131218
2024-09;2024;09;Porto;Vila Nova de Gaia;ACC;1;13;1317;131727
2024-09;2024;09;Braga;Braga;ACC;1;03;0303;030374
2024-09;2024;09;Évora;Montemor-o-Novo;ACC;1;07;0706;070612
2024-09;2024;09;Aveiro;Oliveira de Azeméis;ACC;2;01;0113;011321
2024-09;2024;09;Lisboa;Odivelas;ACC;2;11;1116;111608
2024-11;2024;11;Lisboa;Sintra;ACC;1;11;1111;111128
2024-10;2024;10;Santarém;Tomar;ACC;2;14;1418;141821
2024-09;2024;09;Lisboa;Sintra;ACC;1;11;1111;111102
2024-09;2024;09;Coimbra;Figueira da Foz;ACC;1;06;0605;060502
2024-09;2024;09;Coimbra;Góis;ACC;1;06;0606;060601
2024-09;2024;09;Braga;Barcelos;ACC;1;03;0302;030208
2024-09;2024;09;Évora;Arraiolos;ACC;1;07;0702;070201
2024-09;2024;09;Bragança;Mirandela;ACC;1;04;0407;040720
2024-09;2024;09;Braga;Braga;ACC;1;03;0303;030379
2024-09;2024;09;Portalegre;Portalegre;ACC;1;12;1214;121413
2024-09;2024;09;Lisboa;Amadora;ACC;1;11;1115;111517
2024-09;2024;09;Aveiro;Oliveira de Azeméis;ACC;1;01;0113;011319
2024-09;2024;09;Braga;Vila Nova de Famalicão;ACC;1;03;0312;031249
2024-04;2024;04;Braga;Barcelos;ACC;1;03;0302;030261
2024-04;2024;04;Lisboa;Oeiras;ACC;1;11;1110;111009
2024-04;2024;04;Lisboa;Odivelas;ACC;1;11;1116;111609
2025-04;2025;04;Lisboa;Odivelas;ACC;1;11;1116;111609
2024-04;2024;04;Setúbal;Almada;ACC;2;15;1503;150315
2025-04;2025;04;Setúbal;Seixal;ACC;2;15;1510;151006
2025-04;2025;04;Setúbal;Seixal;ACC;3;15;1510;151007
2025-04;2025;04;Setúbal;Montijo;ACC;1;15;1507;150710
2025-04;2025;04;Aveiro;Estarreja;ACC;1;01;0108;010808
2025-04;2025;04;Aveiro;Albergaria-a-Velha;ACC;1;01;0102;010209
2025-04;2025;04;Aveiro;Santa Maria da Feira;ACC;4;01;0109;010901
2024-08;2024;08;Aveiro;Santa Maria da Feira;ACC;3;01;0109;010901
2025-04;2025;04;Aveiro;Santa Maria da Feira;ACC;2;01;0109;010925
2025-04;2025;04;Aveiro;Santa Maria da Feira;ACC;1;01;0109;010933
2024-08;2024;08;Aveiro;Águeda;ACC;1;01;0101;010121
2024-08;2024;08;Leiria;Leiria;ACC;1;10;1009;100907
2024-04;2024;04;Leiria;Caldas da Rainha;ACC;2;10;1006;100619
2025-04;2025;04;Leiria;Caldas da Rainha;ACC;1;10;1006;100602
2024-08;2024;08;Leiria;Caldas da Rainha;ACC;1;10;1006;100608
2024-08;2024;08;Leiria;Batalha;ACC;1;10;1004;100401
2025-04;2025;04;Leiria;Bombarral;ACC;1;10;1005;100506
2025-04;2025;04;Évora;Estremoz;ACC;1;07;0704;070414
2024-04;2024;04;Portalegre;Portalegre;ACC;1;12;1214;121413
2025-04;2025;04;Portalegre;Portalegre;ACC;1;12;1214;121413
2025-04;2025;04;Portalegre;Elvas;ACC;1;12;1207;120712
2025-04;2025;04;Santarém;Alpiarça;ACC;1;14;1404;140401
2024-08;2024;08;Santarém;Benavente;ACC;1;14;1405;140504
2025-04;2025;04;Faro;Loulé;ACC;3;08;0808;080801
2024-08;2024;08;Faro;Silves;ACC;1;08;0813;081305
2024-04;2024;04;Braga;Barcelos;ACC;1;03;0302;030283
2024-08;2024;08;Braga;Barcelos;ACC;1;03;0302;030220
2025-04;2025;04;Braga;Guimarães;ACC;1;03;0308;030888
2024-04;2024;04;Braga;Esposende;ACC;2;03;0306;030618
2024-04;2024;04;Braga;Braga;ACC;1;03;0303;030370
2024-04;2024;04;Braga;Braga;ACC;1;03;0303;030377
2025-04;2025;04;Braga;Vila Nova de Famalicão;ACC;1;03;0312;031213
2025-04;2025;04;Lisboa;Loures;ACC;1;11;1107;110730
2025-04;2025;04;Lisboa;Cascais;ACC;1;11;1105;110508
2025-04;2025;04;Lisboa;Lisboa;ACC;1;11;1106;110602
2025-04;2025;04;Lisboa;Oeiras;ACC;2;11;1110;111002
2025-04;2025;04;Lisboa;Torres Vedras;ACC;1;11;1113;111310
2025-04;2025;04;Lisboa;Alenquer;ACC;1;11;1101;110119
2025-04;2025;04;Porto;Gondomar;ACC;3;13;1304;130412
2025-04;2025;04;Porto;Vila Nova de Gaia;ACC;1;13;1317;131704
2024-08;2024;08;Porto;Valongo;ACC;2;13;1315;131503
2025-04;2025;04;Porto;Porto;ACC;1;13;1312;131211
2025-04;2025;04;Porto;Paços de Ferreira;ACC;3;13;1309;130902
2025-04;2025;04;Porto;Maia;ACC;1;13;1306;130619
2025-04;2025;04;Porto;Maia;ACC;3;13;1306;130609
2025-04;2025;04;Viseu;São Pedro do Sul;ACC;1;18;1816;181602
2025-04;2025;04;Vila Real;Chaves;ACC;1;17;1703;170358
2025-04;2025;04;Bragança;Mirandela;ACC;1;04;0407;040720
2025-04;2025;04;Bragança;Bragança;ACC;1;04;0402;040252
2024-08;2024;08;Lisboa;Alenquer;ACC;1;11;1101;110119
2024-08;2024;08;Porto;Vila Nova de Gaia;ACC;1;13;1317;131727
2024-08;2024;08;Braga;Guimarães;ACC;1;03;0308;030887
2024-08;2024;08;Porto;Vila do Conde;ACC;1;13;1316;131630
2025-08;2025;08;Braga;Braga;ACC;2;03;0303;030301
2025-08;2025;08;Lisboa;Lisboa;ACC;1;11;1106;110657
2025-08;2025;08;Lisboa;Lisboa;ACC;2;11;1106;110607
2025-08;2025;08;Lisboa;Lisboa;ACC;1;11;1106;110658
2025-08;2025;08;Coimbra;Figueira da Foz;ACC;1;06;0605;060520
2025-08;2025;08;Lisboa;Lisboa;ACC;2;11;1106;110611
2025-08;2025;08;Porto;Paços de Ferreira;ACC;1;13;1309;130917
2025-08;2025;08;Castelo Branco;Castelo Branco;ACC;1;05;0502;050211
2025-08;2025;08;Braga;Guimarães;ACC;1;03;0308;030828
2025-08;2025;08;Lisboa;Lisboa;CER;1;11;1106;110618
2025-08;2025;08;Lisboa;Lisboa;ACC;2;11;1106;110661
2025-08;2025;08;Braga;Braga;CER;1;03;0303;030331
2025-08;2025;08;Lisboa;Lisboa;ACC;2;11;1106;110662
2025-08;2025;08;Beja;Aljustrel;ACC;1;02;0201;020104
2025-08;2025;08;Braga;Braga;ACC;1;03;0303;030370
2025-08;2025;08;Braga;Guimarães;ACC;2;03;0308;030884
2023-12;2023;12;Porto;Felgueiras;ACC;1;13;1303;130341
2025-08;2025;08;Braga;Vila Nova de Famalicão;ACC;1;03;0312;031241
2022-12;2022;12;Viseu;Tondela;ACC;1;18;1821;182108
2023-12;2023;12;Viseu;Tondela;ACC;1;18;1821;182108
2023-12;2023;12;Castelo Branco;Fundão;ACC;1;05;0504;050434
2023-12;2023;12;Porto;Valongo;ACC;1;13;1315;131503
2023-12;2023;12;Lisboa;Lisboa;ACC;1;11;1106;110618
2024-12;2024;12;Viseu;Viseu;ACC;1;18;1823;182301
2024-12;2024;12;Porto;Santo Tirso;ACC;1;13;1314;131402
2025-08;2025;08;Coimbra;Cantanhede;ACC;1;06;0602;060207
2025-04;2025;04;Coimbra;Coimbra;ACC;1;06;0603;060333
2024-08;2024;08;Coimbra;Coimbra;ACC;1;06;0603;060338
2024-08;2024;08;Coimbra;Coimbra;ACC;1;06;0603;060339
2025-08;2025;08;Coimbra;Coimbra;ACC;1;06;0603;060340
2025-04;2025;04;Coimbra;Tábua;ACC;2;06;0616;061614
2025-04;2025;04;Guarda;Guarda;ACC;1;09;0907;090706
2025-08;2025;08;Guarda;Guarda;ACC;1;09;0907;090706
2025-08;2025;08;Guarda;Sabugal;ACC;1;09;0911;091134
2025-08;2025;08;Guarda;Sabugal;ACC;1;09;0911;091145
2024-08;2024;08;Évora;Estremoz;ACC;1;07;0704;070414
2024-08;2024;08;Setúbal;Almada;ACC;3;15;1503;150315
2024-08;2024;08;Évora;Montemor-o-Novo;ACC;1;07;0706;070612
2025-08;2025;08;Évora;Montemor-o-Novo;ACC;1;07;0706;070612
2025-08;2025;08;Aveiro;Águeda;ACC;1;01;0101;010124
2025-08;2025;08;Évora;Vendas Novas;ACC;2;07;0712;071201
2025-08;2025;08;Aveiro;Albergaria-a-Velha;ACC;1;01;0102;010209
2025-08;2025;08;Braga;Guimarães;ACC;1;03;0308;030801
2025-08;2025;08;Leiria;Alcobaça;ACC;1;10;1001;100120
2025-08;2025;08;Leiria;Caldas da Rainha;ACC;1;10;1006;100602
2025-08;2025;08;Portalegre;Elvas;ACC;1;12;1207;120712
2025-08;2025;08;Santarém;Golegã;ACC;1;14;1412;141201
2025-08;2025;08;Évora;Évora;ACC;1;07;0705;070515
2025-08;2025;08;Setúbal;Seixal;ACC;2;15;1510;151006
2025-08;2025;08;Santarém;Ourém;ACC;2;14;1421;142115
2023-12;2023;12;Santarém;Ourém;ACC;1;14;1421;142115
2025-08;2025;08;Santarém;Santarém;ACC;1;14;1416;141614
2025-08;2025;08;Leiria;Porto de Mós;ACC;1;10;1016;101614
2025-08;2025;08;Santarém;Tomar;ACC;1;14;1418;141813
2025-08;2025;08;Coimbra;Cantanhede;ACC;1;06;0602;060220
2025-08;2025;08;Santarém;Coruche;ACC;1;14;1409;140909
2024-12;2024;12;Santarém;Rio Maior;ACC;1;14;1414;141401
2024-12;2024;12;Santarém;Almeirim;ACC;1;14;1403;140301
2024-12;2024;12;Leiria;Caldas da Rainha;ACC;1;10;1006;100602
2024-12;2024;12;Aveiro;Santa Maria da Feira;ACC;3;01;0109;010901
2024-12;2024;12;Portalegre;Elvas;ACC;1;12;1207;120712
2024-12;2024;12;Portalegre;Avis;ACC;1;12;1203;120303
2024-12;2024;12;Portalegre;Portalegre;ACC;1;12;1214;121404
2024-12;2024;12;Lisboa;Lisboa;ACC;2;11;1106;110618
2024-12;2024;12;Santarém;Torres Novas;ACC;1;14;1419;141917
2024-12;2024;12;Santarém;Salvaterra de Magos;ACC;1;14;1415;141503
2024-12;2024;12;Leiria;Caldas da Rainha;ACC;1;10;1006;100608
2024-12;2024;12;Aveiro;Oliveira do Bairro;ACC;1;01;0114;011403
2024-12;2024;12;Leiria;Pombal;ACC;2;10;1015;101509
2024-12;2024;12;Santarém;Cartaxo;ACC;1;14;1406;140604
2024-12;2024;12;Aveiro;Aveiro;ACC;1;01;0105;010516
2024-12;2024;12;Aveiro;Santa Maria da Feira;ACC;1;01;0109;010925
2024-12;2024;12;Faro;Silves;ACC;1;08;0813;081305
2024-12;2024;12;Aveiro;Águeda;ACC;1;01;0101;010121
2024-12;2024;12;Santarém;Alcanena;ACC;1;14;1402;140211
2024-12;2024;12;Setúbal;Moita;ACC;3;15;1506;150607
2024-12;2024;12;Leiria;Bombarral;ACC;1;10;1005;100506
2024-12;2024;12;Aveiro;Santa Maria da Feira;ACC;1;01;0109;010933
2024-12;2024;12;Setúbal;Almada;ACC;2;15;1503;150314
2024-12;2024;12;Braga;Braga;ACC;1;03;0303;030371
2024-12;2024;12;Castelo Branco;Fundão;ACC;1;05;0504;050434
2024-12;2024;12;Leiria;Leiria;ACC;1;10;1009;100935
2024-12;2024;12;Évora;Montemor-o-Novo;ACC;1;07;0706;070612
2024-12;2024;12;Lisboa;Sintra;ACC;2;11;1111;111126
2024-12;2024;12;Aveiro;Águeda;ACC;1;01;0101;010124
2024-12;2024;12;Portalegre;Portalegre;ACC;1;12;1214;121413
2024-12;2024;12;Santarém;Santarém;ACC;1;14;1416;141632
2024-12;2024;12;Braga;Guimarães;ACC;1;03;0308;030887
2024-12;2024;12;Porto;Vila Nova de Gaia;ACC;1;13;1317;131729
2024-02;2024;02;Lisboa;Loures;ACC;1;11;1107;110729
2024-12;2024;12;Coimbra;Coimbra;ACC;1;06;0603;060339
2024-12;2024;12;Leiria;Caldas da Rainha;ACC;2;10;1006;100619
2024-12;2024;12;Lisboa;Amadora;ACC;1;11;1115;111517
2024-12;2024;12;Porto;Vila do Conde;ACC;1;13;1316;131628
2024-12;2024;12;Porto;Paredes;ACC;1;13;1310;131024
2023-02;2023;02;Bragança;Miranda do douro;ACC;1;04;0406;040608
2024-02;2024;02;Coimbra;Coimbra;ACC;1;06;0603;060318
2025-02;2025;02;Santarém;Rio Maior;ACC;1;14;1414;141401
2025-02;2025;02;Aveiro;Anadia;ACC;1;01;0103;010305
2025-02;2025;02;Setúbal;Seixal;ACC;5;15;1510;151005
2025-02;2025;02;Leiria;Marinha Grande;ACC;3;10;1010;101001
2025-02;2025;02;Coimbra;Miranda do Corvo;ACC;1;06;0609;060902
2025-02;2025;02;Bragança;Miranda do douro;ACC;1;04;0406;040608
2025-02;2025;02;Santarém;Ourém;ACC;1;14;1421;142115
2025-02;2025;02;Portalegre;Castelo de Vide;ACC;1;12;1205;120504
2025-02;2025;02;Santarém;Alcanena;ACC;1;14;1402;140211
2024-12;2024;12;Lisboa;Lisboa;ACC;1;11;1106;110602
2024-12;2024;12;Porto;Valongo;ACC;1;13;1315;131501
2025-02;2025;02;Lisboa;Sintra;ACC;1;11;1111;111102
2025-02;2025;02;Coimbra;Figueira da Foz;ACC;1;06;0605;060502
2025-02;2025;02;Coimbra;Góis;ACC;1;06;0606;060601
2024-12;2024;12;Braga;Barcelos;ACC;1;03;0302;030208
2024-12;2024;12;Porto;Gondomar;ACC;3;13;1304;130412
2024-12;2024;12;Lisboa;Oeiras;ACC;1;11;1110;111002
2025-02;2025;02;Lisboa;Oeiras;ACC;2;11;1110;111002
2024-12;2024;12;Braga;Guimarães;ACC;2;03;0308;030807
2025-02;2025;02;Braga;Guimarães;ACC;1;03;0308;030812
2025-02;2025;02;Braga;Fafe;ACC;1;03;0307;030708
2024-12;2024;12;Lisboa;Lisboa;ACC;1;11;1106;110660
2024-12;2024;12;Lisboa;Amadora;ACC;1;11;1115;111515
2025-02;2025;02;Porto;Paços de Ferreira;ACC;1;13;1309;130905
2024-12;2024;12;Braga;Guimarães;ACC;1;03;0308;030820
2024-12;2024;12;Braga;Vila Nova de Famalicão;ACC;1;03;0312;031219
2024-12;2024;12;Braga;Guimarães;ACC;1;03;0308;030828
2024-12;2024;12;Lisboa;Lisboa;ACC;2;11;1106;110661
2025-02;2025;02;Braga;Guimarães;ACC;1;03;0308;030832
2024-02;2024;02;Porto;Paços de Ferreira;ACC;1;13;1309;130918
2024-12;2024;12;Lisboa;Lisboa;ACC;1;11;1106;110662
2025-02;2025;02;Braga;Guimarães;ACC;2;03;0308;030837
2024-12;2024;12;Lisboa;Torres Vedras;ACC;1;11;1113;111310
2024-12;2024;12;Lisboa;Oeiras;ACC;1;11;1110;111009
2024-12;2024;12;Braga;Póvoa de Lanhoso;ACC;1;03;0309;030919
2024-12;2024;12;Porto;Porto;ACC;1;13;1312;131211
2024-12;2024;12;Lisboa;Sintra;ACC;3;11;1111;111108
2024-12;2024;12;Lisboa;Lisboa;ACC;1;11;1106;110665
2025-02;2025;02;Lisboa;Torres Vedras;ACC;1;11;1113;111326
2024-12;2024;12;Viseu;Sátão;ACC;1;18;1817;181710
2024-12;2024;12;Braga;Guimarães;ACC;2;03;0308;030854
2025-02;2025;02;Braga;Braga;ACC;1;03;0303;030354
2025-02;2025;02;Braga;Vila Verde;ACC;1;03;0313;031354
2024-12;2024;12;Porto;Póvoa de Varzim;ACC;1;13;1313;131314
2024-12;2024;12;Braga;Guimarães;ACC;1;03;0308;030878
2024-12;2024;12;Porto;Trofa;ACC;1;13;1318;131810
2025-02;2025;02;Porto;Trofa;ACC;1;13;1318;131810
2024-12;2024;12;Braga;Celorico de Basto;ACC;1;03;0305;030523
2025-02;2025;02;Braga;Celorico de Basto;ACC;1;03;0305;030523
2024-12;2024;12;Lisboa;Cascais;ACC;1;11;1105;110507
2024-12;2024;12;Lisboa;Vila Franca de Xira;ACC;1;11;1114;111414
2024-02;2024;02;Braga;Esposende;ACC;1;03;0306;030618
2024-12;2024;12;Braga;Vila Verde;ACC;1;03;0313;031363
2024-02;2024;02;Braga;Braga;ACC;1;03;0303;030370
2024-12;2024;12;Porto;Gondomar;ACC;1;13;1304;130415
2024-12;2024;12;Porto;Matosinhos;ACC;1;13;1308;130812
2024-12;2024;12;Braga;Braga;ACC;1;03;0303;030374
2024-12;2024;12;Braga;Braga;ACC;1;03;0303;030377
2025-02;2025;02;Porto;Gondomar;ACC;1;13;1304;130415
2025-02;2025;02;Porto;Porto;ACC;2;13;1312;131218
2024-01;2024;01;Lisboa;Lisboa;ACC;1;11;1106;110618
2024-01;2024;01;Porto;Paços de Ferreira;ACC;1;13;1309;130918
2025-01;2025;01;Lisboa;Lisboa;ACC;1;11;1106;110602
2025-01;2025;01;Braga;Barcelos;ACC;1;03;0302;030209
2025-01;2025;01;Porto;Marco de Canaveses;ACC;1;13;1307;130734
2025-01;2025;01;Aveiro;Albergaria-a-Velha;ACC;1;01;0102;010204
2025-01;2025;01;Coimbra;Figueira da Foz;ACC;1;06;0605;060520
2025-01;2025;01;Santarém;Ourém;ACC;1;14;1421;142104
2025-01;2025;01;Coimbra;Penacova;ACC;1;06;0613;061302
2025-01;2025;01;Coimbra;Penacova;ACC;1;06;0613;061304
2025-01;2025;01;Braga;Barcelos;ACC;1;03;0302;030244
2025-01;2025;01;Leiria;Marinha Grande;ACC;3;10;1010;101001
2025-01;2025;01;Bragança;Miranda do douro;ACC;1;04;0406;040608
2025-01;2025;01;Setúbal;Moita;ACC;1;15;1506;150603
2025-01;2025;01;Porto;Maia;ACC;2;13;1306;130609
2025-01;2025;01;Braga;Guimarães;ACC;1;03;0308;030832
2025-01;2025;01;Santarém;Ourém;ACC;1;14;1421;142115
2025-01;2025;01;Aveiro;Oliveira do Bairro;ACC;1;01;0114;011403
2025-01;2025;01;Leiria;Pombal;ACC;1;10;1015;101508
2025-01;2025;01;Lisboa;Lisboa;ACC;1;11;1106;110639
2025-01;2025;01;Aveiro;Águeda;ACC;1;01;0101;010121
2025-01;2025;01;Aveiro;Santa Maria da Feira;ACC;1;01;0109;010932
2025-01;2025;01;Coimbra;Condeixa-a-Nova;ACC;1;06;0604;060411
2025-01;2025;01;Porto;Matosinhos;ACC;1;13;1308;130812
2025-01;2025;01;Braga;Braga;ACC;1;03;0303;030377
2024-07;2024;07;Porto;Vila Nova de Gaia;ACC;1;13;1317;131704
2024-07;2024;07;Leiria;Leiria;ACC;1;10;1009;100907
2024-07;2024;07;Braga;Fafe;ACC;1;03;0307;030708
2024-07;2024;07;Porto;Paços de Ferreira;ACC;1;13;1309;130905
2024-07;2024;07;Braga;Vila Verde;ACC;1;03;0313;031317
2025-01;2025;01;Évora;Évora;ACC;5;07;0705;070524
2025-01;2025;01;Braga;Braga;ACC;1;03;0303;030379
2025-02;2025;02;Lisboa;Loures;ACC;1;11;1107;110730
2025-01;2025;01;Lisboa;Loures;ACC;1;11;1107;110730
2025-01;2025;01;Setúbal;Barreiro;ACC;1;15;1504;150409
2025-01;2025;01;Leiria;Pombal;ACC;1;10;1015;101519
2025-02;2025;02;Viseu;Tarouca;ACC;1;18;1820;182013
2025-01;2025;01;Leiria;Caldas da Rainha;ACC;2;10;1006;100619
2025-01;2025;01;Santarém;Cartaxo;ACC;1;14;1406;140607
2025-02;2025;02;Porto;Vila do Conde;ACC;1;13;1316;131628
2025-01;2025;01;Santarém;Rio Maior;ACC;1;14;1414;141401
2025-01;2025;01;Faro;Loulé;ACC;2;08;0808;080801
2024-07;2024;07;Santarém;Alpiarça;ACC;1;14;1404;140401
2024-07;2024;07;Leiria;Caldas da Rainha;ACC;1;10;1006;100602
2025-01;2025;01;Setúbal;Seixal;ACC;2;15;1510;151002
2024-07;2024;07;Setúbal;Seixal;ACC;2;15;1510;151002
2024-07;2024;07;Braga;Braga;CER;1;03;0303;030331
2024-07;2024;07;Lisboa;Alenquer;ACC;1;11;1101;110119
2024-07;2024;07;Braga;Esposende;ACC;1;03;0306;030616
2024-07;2024;07;Braga;Esposende;ACC;3;03;0306;030618
2024-07;2024;07;Braga;Vila Verde;ACC;1;03;0313;031363
2024-07;2024;07;Porto;Vila Nova de Gaia;ACC;1;13;1317;131725
2024-07;2024;07;Porto;Vila Nova de Gaia;ACC;1;13;1317;131727
2024-07;2024;07;Leiria;Leiria;ACC;3;10;1009;100934
2024-07;2024;07;Lisboa;Odivelas;ACC;1;11;1116;111609
2024-07;2024;07;Santarém;Tomar;ACC;2;14;1418;141821
2024-07;2024;07;Porto;Vila do Conde;ACC;1;13;1316;131630
2024-07;2024;07;Porto;Paredes;ACC;1;13;1310;131024
2025-07;2025;07;Aveiro;Albergaria-a-Velha;ACC;1;01;0102;010209
2025-07;2025;07;Lisboa;Cascais;ACC;1;11;1105;110501
2025-07;2025;07;Lisboa;Amadora;ACC;2;11;1115;111512
2025-07;2025;07;Santarém;Alpiarça;ACC;1;14;1404;140401
2025-07;2025;07;Braga;Barcelos;ACC;1;03;0302;030208
2025-07;2025;07;Lisboa;Lisboa;ACC;1;11;1106;110657
2025-07;2025;07;Porto;Paços de Ferreira;ACC;3;13;1309;130902
2025-07;2025;07;Porto;Paços de Ferreira;ACC;1;13;1309;130917
2025-07;2025;07;Braga;Guimarães;ACC;1;03;0308;030828
2025-07;2025;07;Lisboa;Lisboa;CER;1;11;1106;110618
2025-07;2025;07;Lisboa;Loures;ACC;2;11;1107;110728
2025-07;2025;07;Porto;Trofa;ACC;1;13;1318;131810
2025-07;2025;07;Aveiro;Santa Maria da Feira;ACC;1;01;0109;010932
2025-07;2025;07;Braga;Guimarães;ACC;1;03;0308;030881
2025-07;2025;07;Coimbra;Condeixa-a-Nova;ACC;1;06;0604;060411
2025-07;2025;07;Braga;Esposende;ACC;3;03;0306;030618
2025-07;2025;07;Évora;Estremoz;ACC;1;07;0704;070414
2025-07;2025;07;Porto;Vila Nova de Gaia;ACC;2;13;1317;131727
2025-07;2025;07;Évora;Évora;ACC;1;07;0705;070525
2025-07;2025;07;Aveiro;Oliveira de Azeméis;ACC;2;01;0113;011321
2025-07;2025;07;Lisboa;Oeiras;ACC;2;11;1110;111014
2025-07;2025;07;Aveiro;Águeda;ACC;1;01;0101;010124
2025-07;2025;07;Lisboa;Loures;ACC;2;11;1107;110727
2025-07;2025;07;Porto;Santo Tirso;ACC;3;13;1314;131437
2025-07;2025;07;Setúbal;Seixal;ACC;3;15;1510;151007
2025-07;2025;07;Braga;Barcelos;ACC;1;03;0302;030283
2025-07;2025;07;Évora;Vendas Novas;ACC;2;07;0712;071201
2022-06;2022;06;Bragança;Miranda do douro;ACC;1;04;0406;040608
2023-06;2023;06;Castelo Branco;Fundão;ACC;1;05;0504;050434
2023-06;2023;06;Braga;Braga;CER;1;03;0303;030331
2024-06;2024;06;Braga;Barcelos;ACC;1;03;0302;030208
2024-06;2024;06;Aveiro;Santa Maria da Feira;ACC;1;01;0109;010902
2025-07;2025;07;Santarém;Torres Novas;ACC;1;14;1419;141917
2024-07;2024;07;Setúbal;Palmela;ACC;3;15;1508;150802
2025-07;2025;07;Leiria;Peniche;ACC;1;10;1014;101407
2025-07;2025;07;Leiria;Pombal;ACC;2;10;1015;101509
2025-07;2025;07;Santarém;Cartaxo;ACC;1;14;1406;140604
2024-07;2024;07;Setúbal;Palmela;ACC;1;15;1508;150804
2025-07;2025;07;Setúbal;Palmela;ACC;1;15;1508;150804
2024-07;2024;07;Aveiro;Aveiro;ACC;1;01;0105;010516
2025-07;2025;07;Porto;Penafiel;ACC;2;13;1311;131129
2024-07;2024;07;Braga;Guimarães;ACC;1;03;0308;030858
2024-07;2024;07;Viana do Castelo;Viana do Castelo;ACC;1;16;1609;160928
2024-07;2024;07;Lisboa;Sobral de Monte Agraço;ACC;1;11;1112;111203
2025-07;2025;07;Lisboa;Lisboa;ACC;1;11;1106;110660
2025-07;2025;07;Faro;Loulé;ACC;1;08;0808;080808
2025-07;2025;07;Santarém;Entroncamento;ACC;1;14;1410;141002
2025-07;2025;07;Portalegre;Castelo de Vide;ACC;1;12;1205;120504
2024-06;2024;06;Viseu;Tondela;ACC;1;18;1821;182108
2024-06;2024;06;Porto;Marco de Canaveses;ACC;1;13;1307;130736
2024-06;2024;06;Leiria;Marinha Grande;ACC;3;10;1010;101001
2024-06;2024;06;Santarém;Torres Novas;ACC;1;14;1419;141917
2024-06;2024;06;Lisboa;Sintra;ACC;1;11;1111;111108
2024-06;2024;06;Setúbal;Santiago do Cacém;ACC;1;15;1509;150907
2024-06;2024;06;Braga;Cabeceiras de Basto;ACC;1;03;0304;030421
2024-06;2024;06;Setúbal;Seixal;ACC;1;15;1510;151007
2024-06;2024;06;Setúbal;Barreiro;ACC;1;15;1504;150409
2024-06;2024;06;Santarém;Tomar;ACC;1;14;1418;141821
2025-06;2025;06;Santarém;Almeirim;ACC;1;14;1403;140301
2025-06;2025;06;Braga;Barcelos;ACC;1;03;0302;030209
2025-06;2025;06;Lisboa;Lisboa;ACC;1;11;1106;110657
2025-06;2025;06;Lisboa;Azambuja;ACC;1;11;1103;110304
2025-06;2025;06;Leiria;Batalha;ACC;1;10;1004;100401
2025-06;2025;06;Lisboa;Loures;ACC;1;11;1107;110702
2025-06;2025;06;Braga;Guimarães;ACC;1;03;0308;030812
2025-06;2025;06;Lisboa;Lisboa;ACC;1;11;1106;110660
2025-06;2025;06;Castelo Branco;Castelo Branco;ACC;1;05;0502;050211
2025-06;2025;06;Aveiro;Santa Maria da Feira;ACC;1;01;0109;010914
2025-06;2025;06;Lisboa;Lisboa;ACC;2;11;1106;110661
2025-06;2025;06;Braga;Guimarães;ACC;1;03;0308;030832
2025-06;2025;06;Aveiro;Oliveira do Bairro;ACC;1;01;0114;011403
2025-06;2025;06;Aveiro;Espinho;ACC;1;01;0107;010704
2025-06;2025;06;Braga;Guimarães;ACC;2;03;0308;030837
2025-06;2025;06;Santarém;Cartaxo;ACC;1;14;1406;140604
2025-06;2025;06;Braga;Barcelos;ACC;1;03;0302;030261
2025-06;2025;06;Braga;Vila Nova de Famalicão;ACC;2;03;0312;031233
2025-06;2025;06;Vila Real;Vila Pouca de Aguiar;ACC;1;17;1713;171317
2025-06;2025;06;Lisboa;Lisboa;ACC;2;11;1106;110639
2025-06;2025;06;Santarém;Tomar;ACC;1;14;1418;141813
2025-06;2025;06;Viana do Castelo;Viana do Castelo;ACC;1;16;1609;160923
2025-06;2025;06;Porto;Amarante;ACC;1;13;1301;130135
2025-06;2025;06;Porto;Póvoa de Varzim;ACC;1;13;1313;131314
2025-06;2025;06;Coimbra;Coimbra;ACC;1;06;0603;060338
2025-06;2025;06;Coimbra;Coimbra;ACC;1;06;0603;060340
2025-06;2025;06;Santarém;Tomar;ACC;2;14;1418;141821
2025-06;2025;06;Castelo Branco;Vila de Rei;ACC;1;05;0510;051003
2024-05;2024;05;Aveiro;Santa Maria da Feira;ACC;1;01;0109;010902
2024-05;2024;05;Portalegre;Avis;ACC;1;12;1203;120303
2024-05;2024;05;Leiria;Marinha Grande;ACC;3;10;1010;101001
2024-05;2024;05;Lisboa;Oeiras;ACC;1;11;1110;111009
2025-06;2025;06;Leiria;Pombal;ACC;1;10;1015;101505
2024-05;2024;05;Leiria;Pombal;ACC;1;10;1015;101505
2025-06;2025;06;Braga;Vila Nova de Famalicão;ACC;1;03;0312;031219
2024-05;2024;05;Braga;Guimarães;ACC;1;03;0308;030828
2024-06;2024;06;Lisboa;Alenquer;ACC;1;11;1101;110119
2025-06;2025;06;Braga;Esposende;ACC;1;03;0306;030616
2025-06;2025;06;Braga;Guimarães;ACC;1;03;0308;030878
2025-06;2025;06;Aveiro;Estarreja;ACC;1;01;0108;010808
2024-06;2024;06;Braga;Esposende;ACC;2;03;0306;030618
2024-06;2024;06;Braga;Vila Verde;ACC;1;03;0313;031363
2024-06;2024;06;Braga;Braga;ACC;1;03;0303;030370
2025-06;2025;06;Aveiro;Oliveira de Azeméis;ACC;2;01;0113;011321
2024-06;2024;06;Porto;Matosinhos;ACC;1;13;1308;130813
2025-06;2025;06;Aveiro;Anadia;ACC;1;01;0103;010305
2025-06;2025;06;Aveiro;Albergaria-a-Velha;ACC;1;01;0102;010204
2025-06;2025;06;Braga;Guimarães;ACC;1;03;0308;030820
2025-06;2025;06;Setúbal;Grândola;ACC;2;15;1505;150506
2025-06;2025;06;Porto;Matosinhos;ACC;1;13;1308;130812
2024-05;2024;05;Aveiro;Estarreja;ACC;1;01;0108;010808
2024-05;2024;05;Braga;Braga;ACC;1;03;0303;030370
2024-05;2024;05;Braga;Braga;ACC;1;03;0303;030371
2024-05;2024;05;Braga;Braga;ACC;1;03;0303;030375
2024-05;2024;05;Braga;Barcelos;ACC;1;03;0302;030283
2025-05;2025;05;Santarém;Almeirim;ACC;1;14;1403;140301
2025-05;2025;05;Porto;Vila do Conde;ACC;2;13;1316;131602
2025-05;2025;05;Aveiro;Albergaria-a-Velha;ACC;1;01;0102;010204
2025-05;2025;05;Braga;Barcelos;ACC;1;03;0302;030220
2025-05;2025;05;Setúbal;Seixal;ACC;2;15;1510;151006
2025-05;2025;05;Santarém;Torres Novas;ACC;1;14;1419;141917
2025-05;2025;05;Setúbal;Moita;ACC;2;15;1506;150603
2025-05;2025;05;Braga;Guimarães;ACC;1;03;0308;030832
2025-05;2025;05;Leiria;Pombal;ACC;2;10;1015;101509
2025-05;2025;05;Lisboa;Oeiras;ACC;4;11;1110;111009
2025-05;2025;05;Setúbal;Santiago do Cacém;ACC;1;15;1509;150907
2025-05;2025;05;Coimbra;Coimbra;ACC;2;06;0603;060318
2025-05;2025;05;Braga;Guimarães;ACC;1;03;0308;030881
2025-05;2025;05;Faro;Lagoa;ACC;1;08;0806;080607
2025-05;2025;05;Évora;Évora;ACC;5;07;0705;070524
2025-05;2025;05;Porto;Felgueiras;ACC;1;13;1303;130335
2025-05;2025;05;Coimbra;Montemor-o-Velho;ACC;1;06;0610;061016
2025-05;2025;05;Setúbal;Palmela;ACC;1;15;1508;150806
2025-05;2025;05;Porto;Vila do Conde;ACC;1;13;1316;131628
2025-05;2025;05;Viseu;Viseu;ACC;1;18;1823;182341
2024-03;2024;03;Lisboa;Arruda dos Vinhos;ACC;2;11;1102;110202
2024-03;2024;03;Porto;Paços de Ferreira;ACC;1;13;1309;130918
2024-03;2024;03;Porto;Gondomar;ACC;1;13;1304;130413
2024-03;2024;03;Braga;Braga;ACC;1;03;0303;030371
2024-03;2024;03;Braga;Guimarães;ACC;1;03;0308;030884
2025-03;2025;03;Porto;Valongo;ACC;1;13;1315;131501
2025-03;2025;03;Lisboa;Sintra;ACC;1;11;1111;111102
2024-05;2024;05;Braga;Guimarães;ACC;1;03;0308;030887
2025-05;2025;05;Porto;Santo Tirso;ACC;3;13;1314;131437
2025-05;2025;05;Setúbal;Seixal;ACC;3;15;1510;151007
2025-05;2025;05;Braga;Barcelos;ACC;1;03;0302;030209
2025-03;2025;03;Braga;Barcelos;ACC;1;03;0302;030209
2025-03;2025;03;Aveiro;Santa Maria da Feira;ACC;4;01;0109;010901
2025-03;2025;03;Lisboa;Azambuja;ACC;1;11;1103;110304
2025-05;2025;05;Évora;Évora;ACC;1;07;0705;070515
2025-05;2025;05;Aveiro;Aveiro;ACC;1;01;0105;010515
2025-05;2025;05;Aveiro;Ílhavo;ACC;1;01;0110;011008
2025-05;2025;05;Aveiro;Santa Maria da Feira;ACC;1;01;0109;010916
2025-05;2025;05;Aveiro;Santa Maria da Feira;ACC;1;01;0109;010919
2025-05;2025;05;Aveiro;Espinho;ACC;1;01;0107;010704
2025-05;2025;05;Leiria;Pombal;ACC;1;10;1015;101508
2025-05;2025;05;Lisboa;Torres Vedras;ACC;1;11;1113;111310
2025-05;2025;05;Faro;Loulé;ACC;1;08;0808;080805
2025-05;2025;05;Coimbra;Tábua;ACC;2;06;0616;061614
2025-05;2025;05;Lisboa;Alenquer;ACC;1;11;1101;110118
2025-05;2025;05;Lisboa;Sintra;ACC;1;11;1111;111122
2025-05;2025;05;Castelo Branco;Proença-a-Nova;ACC;1;05;0508;050807
2025-05;2025;05;Bragança;Bragança;ACC;1;04;0402;040257
2025-03;2025;03;Santarém;Mação;ACC;1;14;1413;141305
2025-03;2025;03;Aveiro;Ovar;ACC;1;01;0115;011503
2025-03;2025;03;Aveiro;Santa Maria da Feira;ACC;1;01;0109;010919
2025-03;2025;03;Lisboa;Oeiras;ACC;3;11;1110;111009
2025-03;2025;03;Porto;Porto;ACC;1;13;1312;131211
2025-03;2025;03;Lisboa;Lisboa;ACC;2;11;1106;110639
2025-03;2025;03;Viana do Castelo;Monção;ACC;1;16;1604;160431
2025-03;2025;03;Braga;Esposende;ACC;1;03;0306;030616
2025-03;2025;03;Braga;Barcelos;ACC;1;03;0302;030292
2025-03;2025;03;Braga;Guimarães;ACC;1;03;0308;030878
2025-03;2025;03;Porto;Felgueiras;ACC;1;13;1303;130335
2025-03;2025;03;Braga;Braga;ACC;1;03;0303;030374
2025-03;2025;03;Aveiro;Águeda;ACC;1;01;0101;010124
2025-03;2025;03;Santarém;Santarém;ACC;1;14;1416;141632
2025-03;2025;03;Lisboa;Sintra;ACC;3;11;1111;111128
2025-03;2025;03;Coimbra;Coimbra;ACC;1;06;0603;060338
2025-03;2025;03;Coimbra;Coimbra;ACC;1;06;0603;060339
2023-11;2023;11;Porto;Felgueiras;ACC;1;13;1303;130341
2024-11;2024;11;Viseu;Viseu;ACC;1;18;1823;182301
2024-11;2024;11;Santarém;Almeirim;ACC;1;14;1403;140301
2024-11;2024;11;Leiria;Caldas da Rainha;ACC;1;10;1006;100602
2024-11;2024;11;Porto;Vila do Conde;ACC;2;13;1316;131602
2024-11;2024;11;Aveiro;Anadia;ACC;1;01;0103;010305
2024-11;2024;11;Lisboa;Azambuja;ACC;1;11;1103;110304
2024-11;2024;11;Faro;Aljezur;ACC;1;08;0803;080302
2024-11;2024;11;Porto;Maia;ACC;1;13;1306;130619
2024-11;2024;11;Santarém;Mação;ACC;1;14;1413;141305
2024-11;2024;11;Lisboa;Lisboa;ACC;1;11;1106;110660
2024-11;2024;11;Braga;Guimarães;ACC;1;03;0308;030828
2024-11;2024;11;Porto;Vila do Conde;ACC;1;13;1316;131614
2024-11;2024;11;Braga;Barcelos;ACC;1;03;0302;030245
2024-11;2024;11;Leiria;Marinha Grande;ACC;3;10;1010;101001
2024-11;2024;11;Lisboa;Lisboa;ACC;2;11;1106;110661
2024-11;2024;11;Aveiro;Santa Maria da Feira;ACC;1;01;0109;010919
2024-11;2024;11;Braga;Braga;ACC;1;03;0303;030331
2024-11;2024;11;Setúbal;Palmela;ACC;2;15;1508;150802
2024-11;2024;11;Aveiro;Espinho;ACC;1;01;0107;010704
2024-11;2024;11;Lisboa;Lisboa;ACC;1;11;1106;110662
2024-11;2024;11;Leiria;Pombal;ACC;1;10;1015;101508
2024-11;2024;11;Coimbra;Penacova;ACC;1;06;0613;061307
2024-11;2024;11;Braga;Guimarães;ACC;2;03;0308;030837
2024-11;2024;11;Braga;Barcelos;ACC;1;03;0302;030261
2024-11;2024;11;Aveiro;Aveiro;ACC;1;01;0105;010516
2024-11;2024;11;Faro;Silves;ACC;1;08;0813;081305
2024-11;2024;11;Lisboa;Torres Vedras;ACC;2;11;1113;111314
2024-11;2024;11;Viana do Castelo;Viana do Castelo;ACC;1;16;1609;160923
2024-11;2024;11;Braga;Guimarães;ACC;2;03;0308;030854
2024-11;2024;11;Santarém;Alcanena;ACC;1;14;1402;140211
2024-11;2024;11;Braga;Esposende;ACC;1;03;0306;030616
2024-11;2024;11;Setúbal;Almada;ACC;2;15;1503;150314
2024-11;2024;11;Braga;Vila Verde;ACC;1;03;0313;031363
2024-11;2024;11;Braga;Braga;ACC;1;03;0303;030370
2024-11;2024;11;Braga;Braga;ACC;1;03;0303;030371
2024-11;2024;11;Évora;Évora;ACC;3;07;0705;070524
2024-11;2024;11;Leiria;Leiria;ACC;4;10;1009;100934
2024-11;2024;11;Lisboa;Loures;ACC;2;11;1107;110727
2024-11;2024;11;Aveiro;Albergaria-a-Velha;ACC;1;01;0102;010204
2024-11;2024;11;Coimbra;Figueira da Foz;ACC;1;06;0605;060520
2025-03;2025;03;Porto;Porto;ACC;2;13;1312;131203
2024-11;2024;11;Porto;Porto;ACC;2;13;1312;131203
2024-11;2024;11;Coimbra;Montemor-o-Velho;ACC;1;06;0610;061003
2025-03;2025;03;Setúbal;Seixal;ACC;5;15;1510;151005
2023-11;2023;11;Porto;Valongo;ACC;1;13;1315;131503
2024-11;2024;11;Lisboa;Amadora;ACC;1;11;1115;111515
2024-11;2024;11;Porto;Paços de Ferreira;ACC;1;13;1309;130905
2025-03;2025;03;Vila Real;Vila Real;ACC;1;17;1714;171409
2024-11;2024;11;Portalegre;Portalegre;ACC;1;12;1214;121404
2023-11;2023;11;Viseu;Tondela;ACC;1;18;1821;182108
2024-11;2024;11;Viseu;Tondela;ACC;1;18;1821;182108
2025-03;2025;03;Coimbra;Penacova;ACC;1;06;0613;061304
2024-11;2024;11;Coimbra;Penacova;ACC;1;06;0613;061304
2023-11;2023;11;Lisboa;Lisboa;ACC;1;11;1106;110618
2024-11;2024;11;Santarém;Torres Novas;ACC;1;14;1419;141917
2025-03;2025;03;Porto;Maia;ACC;2;13;1306;130609
2025-03;2025;03;Santarém;Ourém;ACC;1;14;1421;142115
2023-11;2023;11;Santarém;Ourém;ACC;1;14;1421;142115
2024-11;2024;11;Santarém;Ourém;ACC;1;14;1421;142115
2025-03;2025;03;Santarém;Santarém;ACC;1;14;1416;141614
2024-11;2024;11;Porto;Penafiel;ACC;2;13;1311;131129
2024-11;2024;11;Braga;Braga;ACC;1;03;0303;030354
2025-03;2025;03;Porto;Porto;ACC;1;13;1312;131216
2025-03;2025;03;Leiria;Bombarral;ACC;1;10;1005;100506
2025-03;2025;03;Braga;Celorico de Basto;ACC;1;03;0305;030523
2024-11;2024;11;Braga;Celorico de Basto;ACC;1;03;0305;030523
2024-11;2024;11;Aveiro;Santa Maria da Feira;ACC;1;01;0109;010932
2024-11;2024;11;Braga;Guimarães;ACC;1;03;0308;030881
2025-03;2025;03;Coimbra;Condeixa-a-Nova;ACC;1;06;0604;060411
2024-11;2024;11;Faro;Lagoa;ACC;1;08;0806;080607
2025-03;2025;03;Évora;Estremoz;ACC;1;07;0704;070414
2024-11;2024;11;Évora;Estremoz;ACC;1;07;0704;070414
2024-11;2024;11;Aveiro;Santa Maria da Feira;ACC;1;01;0109;010935
2023-11;2023;11;Castelo Branco;Fundão;ACC;1;05;0504;050434
2024-11;2024;11;Porto;Gondomar;ACC;1;13;1304;130415
2024-11;2024;11;Setúbal;Grândola;ACC;2;15;1505;150506
2024-11;2024;11;Porto;Vila Nova de Gaia;ACC;1;13;1317;131725
2025-03;2025;03;Leiria;Pombal;ACC;2;10;1015;101518
2024-11;2024;11;Leiria;Leiria;ACC;1;10;1009;100936
2024-11;2024;11;Évora;Montemor-o-Novo;ACC;1;07;0706;070612
2025-03;2025;03;Setúbal;Barreiro;ACC;1;15;1504;150411
2025-03;2025;03;Aveiro;Oliveira de Azeméis;ACC;1;01;0113;011322
2025-03;2025;03;Setúbal;Palmela;ACC;1;15;1508;150806
2025-03;2025;03;Portalegre;Ponte de Sor;ACC;2;12;1213;121308
2025-03;2025;03;Viana do Castelo;Melgaço;ACC;1;16;1603;160322
2025-03;2025;03;Faro;Vila Real de Santo António;ACC;1;08;0816;081602
2025-03;2025;03;Viseu;Viseu;ACC;1;18;1823;182341
2024-11;2024;11;Castelo Branco;Vila de Rei;ACC;1;05;0510;051003
2024-11;2024;11;Faro;Vila Real de Santo António;ACC;1;08;0816;081602
2024-10;2024;10;Viseu;Tondela;ACC;1;18;1821;182108
2024-10;2024;10;Porto;Valongo;ACC;2;13;1315;131503
2024-10;2024;10;Santarém;Ourém;ACC;1;14;1421;142115
2023-10;2023;10;Braga;Braga;CER;1;03;0303;030331
2024-10;2024;10;Braga;Braga;ACC;1;03;0303;030331
2023-10;2023;10;Braga;Braga;ACC;1;03;0303;030371
2024-10;2024;10;Aveiro;Albergaria-a-Velha;ACC;1;01;0102;010204
2024-10;2024;10;Coimbra;Figueira da Foz;ACC;1;06;0605;060520
2024-10;2024;10;Porto;Vila Nova de Gaia;ACC;1;13;1317;131704
2024-10;2024;10;Coimbra;Montemor-o-Velho;ACC;1;06;0610;061003
2024-10;2024;10;Leiria;Pombal;ACC;1;10;1015;101505
2024-10;2024;10;Porto;Maia;ACC;1;13;1306;130618
2024-10;2024;10;Setúbal;Seixal;ACC;5;15;1510;151005
2024-10;2024;10;Aveiro;Aveiro;ACC;1;01;0105;010505
2024-10;2024;10;Braga;Fafe;ACC;1;03;0307;030708
2024-10;2024;10;Lisboa;Amadora;ACC;1;11;1115;111515
2024-10;2024;10;Porto;Paços de Ferreira;ACC;1;13;1309;130905
2024-10;2024;10;Coimbra;Penacova;ACC;1;06;0613;061302
2024-10;2024;10;Portalegre;Portalegre;ACC;1;12;1214;121404
2024-10;2024;10;Braga;Vila Verde;ACC;1;03;0313;031317
2024-10;2024;10;Porto;Vila do Conde;ACC;1;13;1316;131611
2024-10;2024;10;Coimbra;Penacova;ACC;1;06;0613;061304
2024-10;2024;10;Santarém;Torres Novas;ACC;1;14;1419;141917
2024-10;2024;10;Porto;Maia;ACC;2;13;1306;130609
2024-10;2024;10;Leiria;Caldas da Rainha;ACC;1;10;1006;100608
2024-10;2024;10;Braga;Guimarães;ACC;1;03;0308;030832
2024-10;2024;10;Porto;Paços de Ferreira;ACC;1;13;1309;130918
2024-10;2024;10;Leiria;Pombal;ACC;2;10;1015;101509
2024-10;2024;10;Lisboa;Torres Vedras;ACC;1;11;1113;111310
2024-10;2024;10;Lisboa;Oeiras;ACC;1;11;1110;111009
2024-10;2024;10;Braga;Póvoa de Lanhoso;ACC;1;03;0309;030919
2024-10;2024;10;Setúbal;Palmela;ACC;1;15;1508;150804
2024-10;2024;10;Porto;Porto;ACC;1;13;1312;131211
2024-10;2024;10;Aveiro;Aveiro;ACC;1;01;0105;010516
2024-10;2024;10;Braga;Vila Nova de Famalicão;ACC;2;03;0312;031233
2024-10;2024;10;Viseu;Viseu;ACC;2;18;1823;182323
2024-10;2024;10;Lisboa;Lisboa;ACC;1;11;1106;110665
2024-10;2024;10;Lisboa;Torres Vedras;ACC;1;11;1113;111326
2024-10;2024;10;Coimbra;Coimbra;ACC;2;06;0603;060318
2024-10;2024;10;Faro;Silves;ACC;1;08;0813;081305
2024-10;2024;10;Lisboa;Lisboa;ACC;1;11;1106;110639
2024-10;2024;10;Porto;Vila Nova de Gaia;ACC;1;13;1317;131717
2024-10;2024;10;Lisboa;Torres Vedras;ACC;2;11;1113;111314
2024-10;2024;10;Lisboa;Sobral de Monte Agraço;ACC;1;11;1112;111203
2024-10;2024;10;Coimbra;Tábua;ACC;2;06;0616;061614
2024-10;2024;10;Porto;Amarante;ACC;1;13;1301;130135
2024-10;2024;10;Santarém;Alcanena;ACC;1;14;1402;140211
2024-10;2024;10;Lisboa;Vila Franca de Xira;ACC;1;11;1114;111413
2024-10;2024;10;Braga;Esposende;ACC;1;03;0306;030616
2024-10;2024;10;Braga;Barcelos;ACC;2;03;0302;030293
2024-10;2024;10;Aveiro;Estarreja;ACC;1;01;0108;010808
2024-10;2024;10;Leiria;Bombarral;ACC;1;10;1005;100506
2024-10;2024;10;Braga;Celorico de Basto;ACC;1;03;0305;030523
2024-10;2024;10;Lisboa;Loures;ACC;1;11;1107;110731
2024-10;2024;10;Setúbal;Almada;ACC;2;15;1503;150314
2024-10;2024;10;Braga;Vila Verde;ACC;1;03;0313;031363
2024-10;2024;10;Faro;Lagoa;ACC;1;08;0806;080607
2024-10;2024;10;Braga;Braga;ACC;1;03;0303;030371
2022-09;2022;09;Castelo Branco;Fundão;ACC;1;05;0504;050434
2024-10;2024;10;Setúbal;Grândola;ACC;1;15;1505;150506
2024-10;2024;10;Porto;Vila Nova de Gaia;ACC;1;13;1317;131725
2024-10;2024;10;Bragança;Bragança;ACC;1;04;0402;040252
2024-10;2024;10;Porto;Porto;ACC;2;13;1312;131218
2024-10;2024;10;Évora;Évora;ACC;3;07;0705;070524
2024-10;2024;10;Leiria;Leiria;ACC;3;10;1009;100934
2024-10;2024;10;Porto;Matosinhos;ACC;1;13;1308;130812
2024-10;2024;10;Leiria;Leiria;ACC;1;10;1009;100936
2024-10;2024;10;Setúbal;Montijo;ACC;1;15;1507;150710
2024-10;2024;10;Braga;Braga;ACC;1;03;0303;030377
2024-10;2024;10;Braga;Guimarães;ACC;1;03;0308;030884
2024-10;2024;10;Lisboa;Cadaval;ACC;1;11;1104;110413
2024-10;2024;10;Porto;Vila Nova de Gaia;ACC;1;13;1317;131728
2024-10;2024;10;Porto;Matosinhos;ACC;1;13;1308;130813
2024-10;2024;10;Vila Real;Peso da Régua;ACC;1;17;1708;170816
2024-10;2024;10;Braga;Guimarães;ACC;1;03;0308;030887
2024-10;2024;10;Setúbal;Barreiro;ACC;1;15;1504;150409
2024-10;2024;10;Bragança;Bragança;ACC;1;04;0402;040257
2024-10;2024;10;Setúbal;Setúbal;ACC;2;15;1512;151210
2024-10;2024;10;Braga;Barcelos;ACC;1;03;0302;0302FH
2024-10;2024;10;Faro;Vila Real de Santo António;ACC;1;08;0816;081602
2023-09;2023;09;Viseu;Tondela;ACC;1;18;1821;182108
2024-09;2024;09;Lisboa;Lisboa;ACC;2;11;1106;110618
2024-09;2024;09;Porto;Paços de Ferreira;ACC;3;13;1309;130902
2024-09;2024;09;Porto;Maia;ACC;1;13;1306;130618
2024-09;2024;09;Braga;Guimarães;ACC;1;03;0308;030820
2024-09;2024;09;Castelo Branco;Idanha-a-Nova;ACC;1;05;0505;050505
2024-09;2024;09;Aveiro;Santa Maria da Feira;ACC;1;01;0109;010919
2024-09;2024;09;Porto;Porto;ACC;1;13;1312;131211
2024-09;2024;09;Lisboa;Torres Vedras;ACC;1;11;1113;111326
2024-09;2024;09;Braga;Esposende;ACC;1;03;0306;030616
2024-09;2024;09;Beja;Beja;ACC;3;02;0205;020520
2024-09;2024;09;Leiria;Leiria;ACC;1;10;1009;100936
2024-09;2024;09;Porto;Vila Nova de Gaia;ACC;1;13;1317;131728
2024-09;2024;09;Porto;Matosinhos;ACC;1;13;1308;130813
2024-09;2024;09;Lisboa;Odivelas;ACC;1;11;1116;111609
2024-11;2024;11;Coimbra;Coimbra;ACC;1;06;0603;060338
2024-11;2024;11;Viseu;Tarouca;ACC;1;18;1820;182013
2024-10;2024;10;Faro;Tavira;ACC;1;08;0814;081412
2024-11;2024;11;Leiria;Caldas da Rainha;ACC;2;10;1006;100619
2024-11;2024;11;Aveiro;Águeda;ACC;1;01;0101;010126
2024-11;2024;11;Braga;Vila Nova de Famalicão;ACC;3;03;0312;031260
2024-10;2024;10;Braga;Vila Nova de Famalicão;ACC;4;03;0312;031260
2024-10;2024;10;Braga;Barcelos;ACC;1;03;0302;030283
2024-11;2024;11;Braga;Vila Verde;ACC;1;03;0313;031342
2024-10;2024;10;Viseu;Viseu;ACC;1;18;1823;182301
2024-09;2024;09;Braga;Braga;ACC;2;03;0303;030301
2024-09;2024;09;Aveiro;Albergaria-a-Velha;ACC;1;01;0102;010209
2024-10;2024;10;Lisboa;Cascais;ACC;1;11;1105;110501
2024-09;2024;09;Lisboa;Cascais;ACC;1;11;1105;110501
2024-10;2024;10;Lisboa;Lisboa;ACC;1;11;1106;110602
2024-10;2024;10;Porto;Valongo;ACC;1;13;1315;131501
2024-10;2024;10;Lisboa;Amadora;ACC;1;11;1115;111512
2024-10;2024;10;Santarém;Almeirim;ACC;1;14;1403;140301
2024-09;2024;09;Setúbal;Seixal;ACC;2;15;1510;151002
2024-10;2024;10;Aveiro;Santa Maria da Feira;ACC;3;01;0109;010901
2024-10;2024;10;Aveiro;Santa Maria da Feira;ACC;1;01;0109;010902
2024-10;2024;10;Porto;Vila do Conde;ACC;2;13;1316;131602
2024-09;2024;09;Portalegre;Avis;ACC;1;12;1203;120303
2024-10;2024;10;Porto;Gondomar;ACC;3;13;1304;130412
2024-10;2024;10;Lisboa;Lisboa;ACC;1;11;1106;110607
2024-10;2024;10;Faro;Aljezur;ACC;1;08;0803;080302
2024-09;2024;09;Aveiro;Ílhavo;ACC;1;01;0110;011008
2024-10;2024;10;Braga;Barcelos;ACC;1;03;0302;030245
2024-10;2024;10;Leiria;Marinha Grande;ACC;3;10;1010;101001
2024-10;2024;10;Aveiro;Santa Maria da Feira;ACC;1;01;0109;010914
2024-10;2024;10;Lisboa;Amadora;ACC;1;11;1115;111516
2024-10;2024;10;Lisboa;Lisboa;ACC;1;11;1106;110661
2024-09;2024;09;Aveiro;Águeda;ACC;1;01;0101;010126
2024-09;2024;09;Lisboa;Loures;ACC;2;11;1107;110727
2024-09;2024;09;Braga;Guimarães;ACC;1;03;0308;030889
2024-09;2024;09;Porto;Vila do Conde;ACC;1;13;1316;131630
2026-08;2026;08;Braga;Barcelos;ACC;1;03;0302;030205
2026-08;2026;08;Aveiro;Águeda;ACC;1;01;0101;010103
2026-08;2026;08;Aveiro;Águeda;ACC;1;01;0101;010130
2026-08;2026;08;Aveiro;Albergaria-a-Velha;ACC;3;01;0102;010209
2026-08;2026;08;Aveiro;Albergaria-a-Velha;ACC;1;01;0102;010204
2026-08;2026;08;Santarém;Ferreira do Zêzere;ACC;1;14;1411;141101
2026-08;2026;08;Leiria;Pombal;ACC;1;10;1015;101520
2026-08;2026;08;Setúbal;Alcácer do Sal;ACC;3;15;1501;150108
2026-08;2026;08;Évora;Viana do Alentejo;ACC;1;07;0713;071301
2026-08;2026;08;Braga;Braga;ACC;1;03;0303;030351
2026-08;2026;08;Braga;Braga;ACC;2;03;0303;030315
2026-08;2026;08;Braga;Braga;ACC;2;03;0303;030319
2026-08;2026;08;Braga;Braga;ACC;2;03;0303;030331
2026-08;2026;08;Braga;Braga;CER;1;03;0303;030331
2026-08;2026;08;Braga;Barcelos;ACC;2;03;0302;030210
2026-08;2026;08;Braga;Barcelos;ACC;3;03;0302;030245
2026-08;2026;08;Braga;Barcelos;ACC;1;03;0302;030247
2026-08;2026;08;Braga;Barcelos;ACC;1;03;0302;030254
2026-08;2026;08;Braga;Barcelos;ACC;1;03;0302;030260
2026-08;2026;08;Porto;Penafiel;ACC;1;13;1311;131102
2026-08;2026;08;Porto;Penafiel;ACC;1;13;1311;131108
2026-08;2026;08;Porto;Penafiel;ACC;2;13;1311;131141
2026-08;2026;08;Porto;Penafiel;ACC;5;13;1311;131139
2026-08;2026;08;Porto;Santo Tirso;ACC;1;13;1314;131413
2026-08;2026;08;Porto;Maia;ACC;12;13;1306;130618
2026-08;2026;08;Porto;Maia;ACC;1;13;1306;130603
2026-08;2026;08;Porto;Maia;ACC;6;13;1306;130609
2026-08;2026;08;Porto;Maia;ACC;6;13;1306;130620
2026-08;2026;08;Lisboa;Amadora;ACC;3;11;1115;111516
2026-08;2026;08;Aveiro;Águeda;ACC;1;01;0101;010133
2026-08;2026;08;Leiria;Pombal;ACC;1;10;1015;101521
2026-08;2026;08;Leiria;Pombal;ACC;2;10;1015;101522
2026-08;2026;08;Faro;Albufeira;ACC;1;08;0801;080104
2026-08;2026;08;Braga;Guimarães;ACC;1;03;0308;030801
2026-08;2026;08;Braga;Guimarães;ACC;1;03;0308;030894
2026-08;2026;08;Braga;Guimarães;ACC;3;03;0308;030828
2026-08;2026;08;Braga;Guimarães;ACC;1;03;0308;030831
2026-08;2026;08;Braga;Esposende;ACC;1;03;0306;030624
2026-08;2026;08;Braga;Esposende;ACC;3;03;0306;030628
2026-08;2026;08;Braga;Fafe;ACC;1;03;0307;030726
2026-08;2026;08;Braga;Fafe;ACC;4;03;0307;030709
2026-08;2026;08;Braga;Fafe;ACC;1;03;0307;030716
2026-08;2026;08;Braga;Vila Nova de Famalicão;ACC;2;03;0312;031261
2026-08;2026;08;Braga;Vila Nova de Famalicão;ACC;1;03;0312;031242
2026-08;2026;08;Braga;Celorico de Basto;ACC;1;03;0305;030520
2026-08;2026;08;Braga;Vila Verde;ACC;1;03;0313;031316
2026-08;2026;08;Braga;Vila Verde;ACC;2;03;0313;031323
2026-08;2026;08;Braga;Vila Verde;ACC;1;03;0313;031330
2026-08;2026;08;Braga;Amares;ACC;1;03;0301;030113
2026-08;2026;08;Porto;Marco de Canaveses;ACC;8;13;1307;130736
2026-08;2026;08;Porto;Marco de Canaveses;ACC;1;13;1307;130743
2026-08;2026;08;Porto;Póvoa de Varzim;ACC;1;13;1313;131320
2026-08;2026;08;Porto;Vila Nova de Gaia;ACC;2;13;1317;131704
2026-08;2026;08;Porto;Vila Nova de Gaia;ACC;1;13;1317;131734
2026-08;2026;08;Porto;Vila Nova de Gaia;ACC;5;13;1317;131736
2026-08;2026;08;Porto;Vila Nova de Gaia;ACC;1;13;1317;131712
2026-08;2026;08;Porto;Vila do Conde;ACC;6;13;1316;131602
2026-08;2026;08;Porto;Vila do Conde;ACC;2;13;1316;131603
2026-08;2026;08;Porto;Vila do Conde;ACC;1;13;1316;131604
2026-08;2026;08;Porto;Vila do Conde;ACC;2;13;1316;131614
2026-08;2026;08;Porto;Paredes;CER;1;13;1310;131009
2026-08;2026;08;Porto;Paredes;ACC;2;13;1310;131011
2026-08;2026;08;Porto;Paredes;CER;1;13;1310;131011
2026-08;2026;08;Porto;Paredes;ACC;1;13;1310;131014
2026-08;2026;08;Porto;Porto;CER;1;13;1312;131202
2026-08;2026;08;Porto;Porto;ACC;3;13;1312;131203
2026-08;2026;08;Porto;Lousada;ACC;1;13;1305;130510
2026-08;2026;08;Porto;Lousada;ACC;4;13;1305;130534
2026-08;2026;08;Porto;Paços de Ferreira;ACC;4;13;1309;130905
2026-08;2026;08;Porto;Paços de Ferreira;ACC;2;13;1309;130906
2026-08;2026;08;Porto;Paços de Ferreira;ACC;4;13;1309;130922
2026-08;2026;08;Porto;Paços de Ferreira;ACC;3;13;1309;130910
2026-08;2026;08;Porto;Paços de Ferreira;ACC;1;13;1309;130924
2026-08;2026;08;Porto;Paços de Ferreira;ACC;3;13;1309;130913
2026-08;2026;08;Porto;Matosinhos;ACC;1;13;1308;130817
2026-08;2026;08;Porto;Matosinhos;CER;1;13;1308;130820
2026-08;2026;08;Porto;Matosinhos;ACC;5;13;1308;130821
2026-08;2026;08;Porto;Amarante;ACC;1;13;1301;130121
2026-08;2026;08;Viseu;Moimenta da Beira;ACC;2;18;1807;180703
2026-08;2026;08;Viseu;Vouzela;ACC;1;18;1824;182403
2026-08;2026;08;Viseu;Castro daire;ACC;1;18;1803;180304
2026-08;2026;08;Viseu;Tarouca;ACC;1;18;1820;182014
2026-08;2026;08;Viseu;São João da Pesqueira;ACC;1;18;1815;181502
2026-08;2026;08;Viseu;Mangualde;ACC;1;18;1806;180607
2026-08;2026;08;Viseu;Lamego;ACC;1;18;1805;180525
2026-08;2026;08;Lisboa;Lisboa;ACC;1;11;1106;110660
2026-08;2026;08;Lisboa;Lisboa;ACC;6;11;1106;110618
2026-08;2026;08;Lisboa;Lisboa;ACC;1;11;1106;110661
2026-08;2026;08;Lisboa;Sintra;ACC;3;11;1111;111130
2026-08;2026;08;Lisboa;Sintra;ACC;2;11;1111;111115
2026-08;2026;08;Lisboa;Sintra;ACC;1;11;1111;111105
2026-08;2026;08;Lisboa;Arruda dos Vinhos;ACC;4;11;1102;110202
2026-08;2026;08;Lisboa;Lourinhã;ACC;1;11;1108;110815
2026-08;2026;08;Lisboa;Azambuja;ACC;2;11;1103;110303
2026-08;2026;08;Lisboa;Loures;ACC;1;11;1107;110708
2026-08;2026;08;Lisboa;Mafra;ACC;1;11;1109;110902
2026-08;2026;08;Lisboa;Mafra;ACC;2;11;1109;110906
2026-08;2026;08;Aveiro;Aveiro;ACC;7;01;0105;010505
2026-08;2026;08;Aveiro;Santa Maria da Feira;ACC;1;01;0109;010902
2026-08;2026;08;Aveiro;Santa Maria da Feira;ACC;2;01;0109;010937
2026-08;2026;08;Aveiro;Santa Maria da Feira;ACC;1;01;0109;010914
2026-08;2026;08;Aveiro;Santa Maria da Feira;ACC;2;01;0109;010916
2026-08;2026;08;Aveiro;Estarreja;ACC;3;01;0108;010801
2026-08;2026;08;Aveiro;Murtosa;ACC;1;01;0112;011203
2026-08;2026;08;Aveiro;Vagos;ACC;1;01;0118;011816
2026-08;2026;08;Aveiro;Oliveira de Azeméis;ACC;1;01;0113;011324
2026-08;2026;08;Aveiro;Ovar;ACC;1;01;0115;011502
2026-08;2026;08;Aveiro;Ovar;ACC;1;01;0115;011504
2026-08;2026;08;Aveiro;Espinho;ACC;1;01;0107;010704
2026-08;2026;08;Santarém;Santarém;ACC;2;14;1416;141607
2026-08;2026;08;Santarém;Rio Maior;ACC;3;14;1414;141401
2026-08;2026;08;Santarém;Almeirim;ACC;1;14;1403;140303
2026-08;2026;08;Santarém;Vila Nova da Barquinha;ACC;1;14;1420;142001
2026-08;2026;08;Santarém;Ourém;ACC;6;14;1421;142115
2026-08;2026;08;Santarém;Ourém;ACC;2;14;1421;142111
2026-08;2026;08;Santarém;Chamusca;ACC;1;14;1407;140707
2026-08;2026;08;Santarém;Coruche;ACC;3;14;1409;140910
2026-08;2026;08;Leiria;Alcobaça;ACC;1;10;1001;100102
2026-08;2026;08;Leiria;Caldas da Rainha;ACC;1;10;1006;100604
2026-08;2026;08;Leiria;Caldas da Rainha;ACC;1;10;1006;100608
2026-08;2026;08;Leiria;Leiria;ACC;2;10;1009;100901
2026-08;2026;08;Leiria;Leiria;ACC;2;10;1009;100902
2026-08;2026;08;Leiria;Leiria;ACC;4;10;1009;100942
2026-08;2026;08;Leiria;Óbidos;ACC;1;10;1012;101203
2026-08;2026;08;Leiria;Porto de Mós;ACC;1;10;1016;101609
2026-08;2026;08;Faro;Loulé;ACC;1;08;0808;080804
2026-08;2026;08;Faro;Castro Marim;ACC;1;08;0804;080402
2026-08;2026;08;Faro;Portimão;ACC;1;08;0811;081102
2026-08;2026;08;Faro;Vila do Bispo;ACC;1;08;0815;081502
2026-08;2026;08;Faro;Faro;ACC;1;08;0805;080509
2026-08;2026;08;Setúbal;Alcochete;ACC;2;15;1502;150201
2026-08;2026;08;Setúbal;Seixal;ACC;6;15;1510;151006
2026-08;2026;08;Setúbal;Santiago do Cacém;ACC;1;15;1509;150903
2026-08;2026;08;Setúbal;Setúbal;ACC;3;15;1512;151207
2026-08;2026;08;Setúbal;Palmela;ACC;3;15;1508;150802
2026-08;2026;08;Évora;Arraiolos;ACC;3;07;0702;070201
2026-08;2026;08;Évora;Montemor-o-Novo;ACC;5;07;0706;070615
2026-08;2026;08;Évora;Montemor-o-Novo;ACC;1;07;0706;070616
2026-08;2026;08;Castelo Branco;Fundão;ACC;1;05;0504;050406
2026-08;2026;08;Castelo Branco;Covilhã;ACC;1;05;0503;050311
2026-08;2026;08;Guarda;Guarda;ACC;2;09;0907;090706
2026-08;2026;08;Guarda;Fornos de Algodres;ACC;1;09;0905;090509
2026-08;2026;08;Guarda;Mêda;ACC;1;09;0909;090917
2026-08;2026;08;Beja;Aljustrel;ACC;1;02;0201;020103
2026-08;2026;08;Beja;Odemira;ACC;2;02;0211;021116
2026-08;2026;08;Portalegre;Elvas;ACC;3;12;1207;120713
2026-08;2026;08;Portalegre;Fronteira;ACC;1;12;1208;120802
2026-08;2026;08;Portalegre;Monforte;ACC;1;12;1211;121102
2026-08;2026;08;Coimbra;Figueira da Foz;ACC;2;06;0605;060502
2026-08;2026;08;Coimbra;Figueira da Foz;ACC;2;06;0605;060508
2026-08;2026;08;Coimbra;Cantanhede;ACC;5;06;0602;060225
2026-08;2026;08;Coimbra;Cantanhede;ACC;2;06;0602;060207
2026-08;2026;08;Coimbra;Montemor-o-Velho;ACC;2;06;0610;061003
2026-08;2026;08;Coimbra;Oliveira do Hospital;ACC;2;06;0611;061111
2026-08;2026;08;Coimbra;Tábua;ACC;1;06;0616;061603
2026-08;2026;08;Coimbra;Penacova;ACC;2;06;0613;061302
2026-08;2026;08;Coimbra;Miranda do Corvo;ACC;5;06;0609;060902
2026-08;2026;08;Viana do Castelo;Viana do Castelo;ACC;3;16;1609;160904
2026-08;2026;08;Viana do Castelo;Viana do Castelo;ACC;1;16;1609;160949
2026-08;2026;08;Viana do Castelo;Viana do Castelo;ACC;2;16;1609;160911
2026-08;2026;08;Viana do Castelo;Viana do Castelo;ACC;1;16;1609;160915
2026-08;2026;08;Viana do Castelo;Vila Nova de Cerveira;ACC;1;16;1610;161003
2026-08;2026;08;Vila Real;Boticas;ACC;1;17;1702;170203
2026-08;2026;08;Vila Real;Alijó;ACC;1;17;1701;170107
2026-08;2026;08;Vila Real;Vila Real;ACC;1;17;1714;171409
2026-08;2026;08;Vila Real;Vila Real;ACC;1;17;1714;171414
2026-08;2026;08;Bragança;Torre de Moncorvo;ACC;1;04;0409;040910
2026-08;2026;08;Bragança;Bragança;ACC;1;04;0402;040212
2026-08;2026;08;Bragança;Macedo de Cavaleiros;ACC;1;04;0405;040520
2026-08;2026;08;Bragança;Mirandela;ACC;1;04;0407;040720
2026-08;2026;08;Bragança;Mirandela;ACC;6;04;0407;040721
2026-08;2026;08;Guarda;Gouveia;ACC;1;09;0906;090626
2026-08;2026;08;Vila Real;Mondim de Basto;ACC;1;17;1705;170505
2026-08;2026;08;Vila Real;Vila Real;ACC;1;17;1714;171433
2026-08;2026;08;Vila Real;Vila Real;ACC;4;17;1714;171438
2026-08;2026;08;Vila Real;Valpaços;ACC;2;17;1712;171236
2026-08;2026;08;Braga;Guimarães;ACC;2;03;0308;030837
2026-08;2026;08;Braga;Guimarães;ACC;5;03;0308;030838
2026-08;2026;08;Braga;Guimarães;ACC;1;03;0308;030858
2026-08;2026;08;Braga;Guimarães;ACC;1;03;0308;030865
2026-08;2026;08;Braga;Guimarães;ACC;2;03;0308;0308FC
2026-08;2026;08;Braga;Guimarães;ACC;2;03;0308;030884
2026-08;2026;08;Braga;Guimarães;ACC;3;03;0308;030888
2026-08;2026;08;Braga;Guimarães;ACC;2;03;0308;030871
2026-08;2026;08;Braga;Vila Verde;ACC;1;03;0313;031367
2026-08;2026;08;Braga;Barcelos;ACC;1;03;0302;030263
2026-08;2026;08;Braga;Barcelos;ACC;1;03;0302;030296
2026-08;2026;08;Braga;Barcelos;ACC;1;03;0302;0302FF
2026-08;2026;08;Braga;Barcelos;ACC;1;03;0302;0302FH
2026-08;2026;08;Braga;Cabeceiras de Basto;ACC;1;03;0304;030418
2026-08;2026;08;Braga;Vila Nova de Famalicão;ACC;4;03;0312;031233
2026-08;2026;08;Braga;Vila Nova de Famalicão;ACC;1;03;0312;031247
2026-08;2026;08;Braga;Braga;ACC;1;03;0303;030354
2026-08;2026;08;Braga;Braga;ACC;1;03;0303;030366
2026-08;2026;08;Braga;Braga;ACC;4;03;0303;030370
2026-08;2026;08;Braga;Braga;ACC;4;03;0303;030371
2026-08;2026;08;Braga;Braga;ACC;2;03;0303;030372
2026-08;2026;08;Braga;Braga;ACC;2;03;0303;030374
2026-08;2026;08;Braga;Braga;ACC;3;03;0303;030378
2026-08;2026;08;Braga;Celorico de Basto;ACC;1;03;0305;030527
2026-08;2026;08;Leiria;Pombal;ACC;1;10;1015;101524
2026-08;2026;08;Leiria;Pombal;ACC;1;10;1015;101525
2026-08;2026;08;Leiria;Leiria;ACC;8;10;1009;100933
2026-08;2026;08;Leiria;Leiria;ACC;10;10;1009;100934
2026-08;2026;08;Leiria;Alcobaça;ACC;1;10;1001;100123
2026-08;2026;08;Leiria;Caldas da Rainha;ACC;3;10;1006;100617
2026-08;2026;08;Leiria;Óbidos;ACC;1;10;1012;101209
2026-08;2026;08;Porto;Felgueiras;ACC;1;13;1303;130315
2026-08;2026;08;Porto;Felgueiras;ACC;1;13;1303;130324
2026-08;2026;08;Porto;Felgueiras;ACC;5;13;1303;130335
2026-08;2026;08;Porto;Felgueiras;ACC;1;13;1303;130339
2026-08;2026;08;Porto;Felgueiras;ACC;1;13;1303;130341
2026-08;2026;08;Porto;Póvoa de Varzim;ACC;1;13;1313;131322
2026-08;2026;08;Porto;Paços de Ferreira;ACC;1;13;1309;130916
2026-08;2026;08;Porto;Porto;CER;1;13;1312;131218
2026-08;2026;08;Porto;Paredes;ACC;1;13;1310;131019
2026-08;2026;08;Porto;Penafiel;ACC;1;13;1311;131132
2026-08;2026;08;Porto;Penafiel;ACC;2;13;1311;131143
2026-08;2026;08;Porto;Gondomar;ACC;2;13;1304;130408
2026-08;2026;08;Porto;Gondomar;CER;1;13;1304;130408
2026-08;2026;08;Porto;Gondomar;CER;1;13;1304;130414
2026-08;2026;08;Porto;Gondomar;ACC;4;13;1304;130415
2026-08;2026;08;Porto;Matosinhos;CER;1;13;1308;130824
2026-08;2026;08;Porto;Vila Nova de Gaia;ACC;6;13;1317;131741
2026-08;2026;08;Porto;Vila Nova de Gaia;ACC;2;13;1317;131747
2026-08;2026;08;Porto;Maia;ACC;3;13;1306;130616
2026-08;2026;08;Porto;Valongo;ACC;1;13;1315;131508
2026-08;2026;08;Porto;Valongo;CER;1;13;1315;131505
2026-08;2026;08;Porto;Lousada;ACC;1;13;1305;130524
2026-08;2026;08;Porto;Lousada;ACC;1;13;1305;130525
2026-08;2026;08;Porto;Lousada;ACC;3;13;1305;130532
2026-08;2026;08;Porto;Lousada;ACC;1;13;1305;130526
2026-08;2026;08;Porto;Amarante;ACC;4;13;1301;130135
2026-08;2026;08;Porto;Amarante;ACC;2;13;1301;130147
2026-08;2026;08;Porto;Santo Tirso;ACC;1;13;1314;131433
2026-08;2026;08;Porto;Santo Tirso;ACC;6;13;1314;131437
2026-08;2026;08;Porto;Vila do Conde;ACC;1;13;1316;131636
2026-08;2026;08;Porto;Vila do Conde;ACC;3;13;1316;131630
2026-08;2026;08;Portalegre;Nisa;ACC;2;12;1212;121212
2026-08;2026;08;Lisboa;Torres Vedras;ACC;3;11;1113;111317
2026-08;2026;08;Lisboa;Torres Vedras;ACC;1;11;1113;111323
2026-08;2026;08;Lisboa;Oeiras;ACC;5;11;1110;111012
2026-08;2026;08;Lisboa;Oeiras;ACC;8;11;1110;111013
2026-08;2026;08;Lisboa;Sintra;ACC;7;11;1111;111108
2026-08;2026;08;Lisboa;Sintra;ACC;2;11;1111;111125
2026-08;2026;08;Lisboa;Lourinhã;ACC;1;11;1108;110806
2026-08;2026;08;Lisboa;Lisboa;ACC;1;11;1106;110666
2026-08;2026;08;Lisboa;Mafra;ACC;2;11;1109;110913
2026-08;2026;08;Lisboa;Loures;ACC;8;11;1107;110727
2026-08;2026;08;Lisboa;Azambuja;ACC;1;11;1103;110306
2026-08;2026;08;Santarém;Torres Novas;ACC;1;14;1419;141918
2026-08;2026;08;Santarém;Torres Novas;ACC;1;14;1419;141921
2026-08;2026;08;Santarém;Torres Novas;ACC;5;14;1419;141920
2026-08;2026;08;Santarém;Benavente;ACC;1;14;1405;140503
2026-08;2026;08;Santarém;Entroncamento;ACC;1;14;1410;141001
2026-08;2026;08;Santarém;Abrantes;ACC;2;14;1401;140120
2026-08;2026;08;Santarém;Alcanena;ACC;1;14;1402;140212
2026-08;2026;08;Santarém;Chamusca;ACC;1;14;1407;140705
2026-08;2026;08;Santarém;Santarém;ACC;2;14;1416;141633
2026-08;2026;08;Santarém;Ourém;ACC;2;14;1421;142119
2026-08;2026;08;Faro;Portimão;ACC;9;08;0811;081103
2026-08;2026;08;Faro;Olhão;ACC;5;08;0810;081005
2026-08;2026;08;Faro;Faro;CER;1;08;0805;080508
2026-08;2026;08;Faro;Tavira;ACC;3;08;0814;081412
2026-08;2026;08;Faro;Tavira;CER;1;08;0814;081412
2026-08;2026;08;Faro;Vila Real de Santo António;ACC;8;08;0816;081602
2026-08;2026;08;Évora;Évora;ACC;1;07;0705;070506
2026-08;2026;08;Évora;Évora;ACC;1;07;0705;070525
2026-08;2026;08;Évora;Estremoz;ACC;7;07;0704;070414
2026-08;2026;08;Beja;Serpa;ACC;1;02;0213;021311
2026-08;2026;08;Coimbra;Coimbra;ACC;2;06;0603;060333
2026-08;2026;08;Coimbra;Coimbra;ACC;4;06;0603;060335
2026-08;2026;08;Coimbra;Coimbra;ACC;2;06;0603;060339
2026-08;2026;08;Coimbra;Lousã;ACC;1;06;0607;060707
2026-08;2026;08;Viana do Castelo;Viana do Castelo;ACC;4;16;1609;160948
2026-08;2026;08;Viana do Castelo;Valença;ACC;1;16;1608;160820
2026-08;2026;08;Setúbal;Palmela;ACC;4;15;1508;150806
2026-08;2026;08;Setúbal;Alcácer do Sal;ACC;1;15;1501;150110
2026-08;2026;08;Setúbal;Almada;ACC;3;15;1503;150312
2026-08;2026;08;Setúbal;Moita;ACC;5;15;1506;150607
2026-08;2026;08;Setúbal;Grândola;ACC;5;15;1505;150506
2026-08;2026;08;Viseu;Tondela;ACC;1;18;1821;182136
2026-08;2026;08;Viseu;Tondela;ACC;2;18;1821;182132
2026-08;2026;08;Viseu;Vouzela;ACC;1;18;1824;182414
2026-08;2026;08;Viseu;Lamego;ACC;1;18;1805;180523
2026-08;2026;08;Aveiro;Santa Maria da Feira;ACC;5;01;0109;010925
2026-08;2026;08;Aveiro;Águeda;ACC;1;01;0101;010124
2026-08;2026;08;Aveiro;Águeda;ACC;2;01;0101;010125
2026-08;2026;08;Aveiro;Águeda;ACC;3;01;0101;010126
2026-07;2026;07;Braga;Vila Nova de Famalicão;ACC;2;03;0312;031213
2026-07;2026;07;Braga;Vila Nova de Famalicão;ACC;1;03;0312;031264
2026-07;2026;07;Braga;Vila Nova de Famalicão;ACC;1;03;0312;031242
2026-07;2026;07;Braga;Barcelos;ACC;1;03;0302;030205
2026-07;2026;07;Braga;Barcelos;ACC;2;03;0302;030210
2026-07;2026;07;Braga;Barcelos;ACC;1;03;0302;030244
2026-07;2026;07;Braga;Barcelos;ACC;1;03;0302;030254
2026-07;2026;07;Braga;Barcelos;ACC;1;03;0302;030260
2026-07;2026;07;Porto;Paredes;CER;1;13;1310;131003
2026-07;2026;07;Porto;Paredes;ACC;2;13;1310;131008
2026-07;2026;07;Porto;Paredes;ACC;1;13;1310;131010
2026-07;2026;07;Porto;Paredes;CER;1;13;1310;131011
2026-07;2026;07;Porto;Paredes;ACC;7;13;1310;131025
2026-07;2026;07;Viseu;Viseu;ACC;1;18;1823;182315
2026-07;2026;07;Porto;Penafiel;ACC;1;13;1311;131102
2026-07;2026;07;Porto;Penafiel;ACC;2;13;1311;131104
2026-07;2026;07;Porto;Penafiel;ACC;1;13;1311;131113
2026-07;2026;07;Porto;Penafiel;ACC;2;13;1311;131121
2026-07;2026;07;Porto;Penafiel;ACC;1;13;1311;131122
2026-07;2026;07;Braga;Braga;ACC;9;03;0303;030301
2026-07;2026;07;Braga;Braga;ACC;1;03;0303;030325
2026-07;2026;07;Braga;Braga;CER;1;03;0303;030331
2026-07;2026;07;Aveiro;Águeda;ACC;1;01;0101;010130
2026-07;2026;07;Aveiro;Águeda;ACC;1;01;0101;010131
2026-07;2026;07;Porto;Santo Tirso;ACC;2;13;1314;131405
2026-07;2026;07;Porto;Santo Tirso;ACC;1;13;1314;131413
2026-07;2026;07;Santarém;Ferreira do Zêzere;ACC;1;14;1411;141101
2026-07;2026;07;Porto;Maia;ACC;5;13;1306;130619
2026-07;2026;07;Porto;Maia;CER;1;13;1306;130619
2026-07;2026;07;Porto;Maia;ACC;6;13;1306;130609
2026-07;2026;07;Porto;Maia;CER;1;13;1306;130617
2026-07;2026;07;Porto;Felgueiras;ACC;1;13;1303;130302
2026-07;2026;07;Faro;Albufeira;ACC;3;08;0801;080106
2026-07;2026;07;Lisboa;Cascais;ACC;10;11;1105;110501
2026-07;2026;07;Évora;Viana do Alentejo;ACC;1;07;0713;071301
2026-07;2026;07;Castelo Branco;Castelo Branco;ACC;2;05;0502;050201
2026-07;2026;07;Castelo Branco;Castelo Branco;ACC;2;05;0502;050233
2026-07;2026;07;Santarém;Santarém;ACC;2;14;1416;141607
2026-07;2026;07;Lisboa;Lisboa;ACC;2;11;1106;110657
2026-07;2026;07;Lisboa;Lisboa;ACC;2;11;1106;110610
2026-07;2026;07;Lisboa;Lisboa;ACC;3;11;1106;110611
2026-07;2026;07;Lisboa;Lisboa;ACC;2;11;1106;110633
2026-07;2026;07;Santarém;Rio Maior;ACC;3;14;1414;141401
2026-07;2026;07;Setúbal;Alcochete;ACC;2;15;1502;150201
2026-07;2026;07;Braga;Guimarães;ACC;3;03;0308;030807
2026-07;2026;07;Braga;Guimarães;ACC;1;03;0308;030894
2026-07;2026;07;Braga;Guimarães;ACC;1;03;0308;030895
2026-07;2026;07;Guarda;Guarda;ACC;1;09;0907;090711
2026-07;2026;07;Leiria;Alcobaça;ACC;1;10;1001;100120
2026-07;2026;07;Leiria;Alcobaça;ACC;1;10;1001;100104
2026-07;2026;07;Leiria;Alcobaça;ACC;2;10;1001;100108
2026-07;2026;07;Porto;Valongo;ACC;3;13;1315;131507
2026-07;2026;07;Porto;Valongo;CER;1;13;1315;131507
2026-07;2026;07;Porto;Valongo;ACC;7;13;1315;131503
2026-07;2026;07;Lisboa;Sintra;ACC;1;11;1111;111129
2026-07;2026;07;Lisboa;Sintra;ACC;3;11;1111;111130
2026-07;2026;07;Faro;Loulé;ACC;5;08;0808;080808
2026-07;2026;07;Santarém;Almeirim;ACC;1;14;1403;140302
2026-07;2026;07;Santarém;Almeirim;ACC;1;14;1403;140303
2026-07;2026;07;Porto;Marco de Canaveses;ACC;1;13;1307;130734
2026-07;2026;07;Porto;Marco de Canaveses;ACC;3;13;1307;130705
2026-07;2026;07;Porto;Marco de Canaveses;ACC;8;13;1307;130736
2026-07;2026;07;Faro;Castro Marim;ACC;1;08;0804;080404
2026-07;2026;07;Faro;Castro Marim;ACC;1;08;0804;080402
2026-07;2026;07;Leiria;Alvaiázere;ACC;1;10;1002;100208
2026-07;2026;07;Aveiro;Arouca;ACC;1;01;0104;010402
2026-07;2026;07;Coimbra;Góis;ACC;1;06;0606;060601
2026-07;2026;07;Leiria;Caldas da Rainha;ACC;1;10;1006;100604
2026-07;2026;07;Leiria;Caldas da Rainha;ACC;1;10;1006;100608
2026-07;2026;07;Leiria;Leiria;ACC;2;10;1009;100901
2026-07;2026;07;Leiria;Leiria;ACC;2;10;1009;100925
2026-07;2026;07;Leiria;Leiria;ACC;4;10;1009;100913
2026-07;2026;07;Setúbal;Seixal;ACC;18;15;1510;151005
2026-07;2026;07;Porto;Póvoa de Varzim;ACC;1;13;1313;131307
2026-07;2026;07;Porto;Póvoa de Varzim;ACC;2;13;1313;131308
2026-07;2026;07;Viana do Castelo;Ponte de Lima;ACC;1;16;1607;160713
2026-07;2026;07;Viana do Castelo;Ponte de Lima;ACC;1;16;1607;160719
2026-07;2026;07;Viana do Castelo;Viana do Castelo;ACC;3;16;1609;160904
2026-07;2026;07;Viana do Castelo;Viana do Castelo;ACC;1;16;1609;160949
2026-07;2026;07;Viana do Castelo;Viana do Castelo;ACC;1;16;1609;160950
2026-07;2026;07;Viana do Castelo;Viana do Castelo;ACC;1;16;1609;160915
2026-07;2026;07;Aveiro;Aveiro;ACC;1;01;0105;010501
2026-07;2026;07;Aveiro;Aveiro;ACC;2;01;0105;010508
2026-07;2026;07;Coimbra;Montemor-o-Velho;ACC;3;06;0610;061002
2026-07;2026;07;Coimbra;Montemor-o-Velho;ACC;2;06;0610;061003
2026-07;2026;07;Évora;Estremoz;ACC;1;07;0704;070401
2026-07;2026;07;Porto;Vila Nova de Gaia;ACC;3;13;1317;131702
2026-07;2026;07;Porto;Vila Nova de Gaia;ACC;5;13;1317;131733
2026-07;2026;07;Porto;Vila Nova de Gaia;ACC;1;13;1317;131734
2026-07;2026;07;Porto;Vila Nova de Gaia;ACC;5;13;1317;131736
2026-07;2026;07;Porto;Vila Nova de Gaia;ACC;7;13;1317;131738
2026-07;2026;07;Viseu;Moimenta da Beira;ACC;1;18;1807;180703
2026-07;2026;07;Aveiro;Santa Maria da Feira;ACC;6;01;0109;010901
2026-07;2026;07;Aveiro;Santa Maria da Feira;ACC;1;01;0109;010902
2026-07;2026;07;Aveiro;Santa Maria da Feira;ACC;1;01;0109;010907
2026-07;2026;07;Aveiro;Santa Maria da Feira;ACC;1;01;0109;010913
2026-07;2026;07;Aveiro;Santa Maria da Feira;ACC;1;01;0109;010943
2026-07;2026;07;Évora;Arraiolos;ACC;1;07;0702;070202
2026-07;2026;07;Porto;Vila do Conde;ACC;2;13;1316;131614
2026-07;2026;07;Santarém;Tomar;ACC;1;14;1418;141802
2026-07;2026;07;Santarém;Torres Novas;ACC;1;14;1419;141917
2026-07;2026;07;Portalegre;Elvas;ACC;1;12;1207;120712
2026-07;2026;07;Lisboa;Lourinhã;ACC;1;11;1108;110816
2026-07;2026;07;Vila Real;Mondim de Basto;ACC;1;17;1705;170501
2026-07;2026;07;Santarém;Ourém;ACC;2;14;1421;142104
2026-07;2026;07;Leiria;Peniche;ACC;3;10;1014;101402
2026-07;2026;07;Leiria;Peniche;ACC;1;10;1014;101407
2026-07;2026;07;Lisboa;Azambuja;ACC;2;11;1103;110303
2026-07;2026;07;Aveiro;Anadia;ACC;1;01;0103;010305
2026-07;2026;07;Porto;Gondomar;CER;1;13;1304;130412
2026-07;2026;07;Beja;Beja;ACC;1;02;0205;020502
2026-07;2026;07;Beja;Beja;ACC;2;02;0205;020506
2026-07;2026;07;Leiria;Batalha;ACC;3;10;1004;100404
2026-07;2026;07;Vila Real;Boticas;ACC;1;17;1702;170203
2026-07;2026;07;Santarém;Abrantes;ACC;1;14;1401;140104
2026-07;2026;07;Santarém;Benavente;ACC;2;14;1405;140501
2026-07;2026;07;Porto;Porto;CER;1;13;1312;131203
2026-07;2026;07;Lisboa;Loures;ACC;1;11;1107;110702
2026-07;2026;07;Lisboa;Loures;ACC;6;11;1107;110707
2026-07;2026;07;Faro;Vila do Bispo;ACC;1;08;0815;081502
2026-07;2026;07;Santarém;Alcanena;ACC;1;14;1402;140202
2026-07;2026;07;Santarém;Alcanena;ACC;1;14;1402;140206
2026-07;2026;07;Aveiro;Murtosa;ACC;1;01;0112;011203
2026-07;2026;07;Porto;Lousada;ACC;2;13;1305;130504
2026-08;2026;08;Aveiro;Anadia;ACC;1;01;0103;010310
2026-08;2026;08;Aveiro;Anadia;ACC;3;01;0103;010317
2026-08;2026;08;Aveiro;Vale de Cambra;ACC;2;01;0119;011910
2026-08;2026;08;Aveiro;Oliveira de Azeméis;ACC;5;01;0113;011321
2026-08;2026;08;Aveiro;Oliveira de Azeméis;ACC;2;01;0113;011322
2026-08;2026;08;Aveiro;Sever do Vouga;ACC;3;01;0117;011706
2026-08;2026;08;Castelo Branco;Covilhã;ACC;1;05;0503;050337
2026-08;2026;08;Bragança;Bragança;ACC;1;04;0402;040257
2026-08;2026;08;Bragança;Macedo de Cavaleiros;ACC;1;04;0405;040534
2026-08;2026;08;Guarda;Seia;ACC;1;09;0912;091209
2026-08;2026;08;Guarda;Sabugal;ACC;1;09;0911;091134
2026-08;2026;08;Guarda;Trancoso;ACC;1;09;0913;091334
2026-08;2026;08;Vila Real;Chaves;ACC;1;17;1703;170350
2026-08;2026;08;Vila Real;Chaves;ACC;1;17;1703;170341
2026-08;2026;08;Braga;Póvoa de Lanhoso;ACC;3;03;0309;030919
2026-08;2026;08;Braga;Vizela;ACC;1;03;0314;031401
2026-08;2026;08;Porto;Trofa;ACC;5;13;1318;131810
2026-08;2026;08;Portalegre;Campo Maior;ACC;2;12;1204;120403
2026-08;2026;08;Portalegre;Crato;ACC;1;12;1206;120607
2026-08;2026;08;Lisboa;Alenquer;ACC;1;11;1101;110118
2026-08;2026;08;Lisboa;Alenquer;ACC;1;11;1101;110113
2026-08;2026;08;Lisboa;Vila Franca de Xira;ACC;3;11;1114;111413
2026-08;2026;08;Lisboa;Vila Franca de Xira;ACC;5;11;1114;111408
2026-08;2026;08;Lisboa;Cadaval;ACC;5;11;1104;110411
2026-08;2026;08;Lisboa;Cadaval;ACC;1;11;1104;110410
2026-08;2026;08;Lisboa;Odivelas;ACC;8;11;1116;111608
2026-08;2026;08;Santarém;Cartaxo;ACC;1;14;1406;140605
2026-08;2026;08;Santarém;Cartaxo;ACC;1;14;1406;140608
2026-08;2026;08;Santarém;Sardoal;ACC;1;14;1417;141704
2026-08;2026;08;Faro;Lagoa;ACC;4;08;0806;080607
2026-08;2026;08;Faro;São Brás de Alportel;ACC;1;08;0812;081201
2026-08;2026;08;Évora;Redondo;ACC;2;07;0710;071002
2026-08;2026;08;Beja;Moura;ACC;1;02;0210;021009
2026-08;2026;08;Beja;Castro Verde;ACC;3;02;0206;020606
2026-08;2026;08;Viana do Castelo;Arcos de Valdevez;ACC;1;16;1601;160159
2026-08;2026;08;Viana do Castelo;Caminha;ACC;1;16;1602;160222
2026-08;2026;08;Setúbal;Barreiro;ACC;1;15;1504;150407
2026-08;2026;08;Setúbal;Montijo;ACC;1;15;1507;150704
2026-08;2026;08;Setúbal;Montijo;ACC;1;15;1507;150711
2026-08;2026;08;Viseu;Resende;ACC;2;18;1813;181311
2026-08;2026;08;Viseu;Tabuaço;ACC;1;18;1819;181914
2026-08;2026;08;Viseu;Santa Comba Dão;ACC;2;18;1814;181411
2026-08;2026;08;Castelo Branco;Idanha-a-Nova;ACC;2;05;0505;050518
2026-08;2026;08;Castelo Branco;Proença-a-Nova;ACC;1;05;0508;050808
2026-08;2026;08;Castelo Branco;Vila de Rei;ACC;1;05;0510;051003
2026-08;2026;08;Bragança;Freixo de Espada À Cinta;ACC;1;04;0404;040407
2026-08;2026;08;Braga;Barcelos;ACC;1;03;0302;030287
2026-08;2026;08;Viseu;Viseu;ACC;2;18;1823;182341
2026-07;2026;07;Viseu;Nelas;ACC;1;18;1809;180901
2026-07;2026;07;Bragança;Carrazeda de Ansiães;ACC;2;04;0403;040304
2026-07;2026;07;Aveiro;Oliveira de Azeméis;ACC;2;01;0113;011301
2026-07;2026;07;Aveiro;Oliveira de Azeméis;ACC;2;01;0113;011302
2026-07;2026;07;Aveiro;Oliveira de Azeméis;ACC;1;01;0113;011324
2026-07;2026;07;Santarém;Chamusca;ACC;1;14;1407;140707
2026-07;2026;07;Porto;Paços de Ferreira;ACC;2;13;1309;130921
2026-07;2026;07;Porto;Paços de Ferreira;ACC;2;13;1309;130906
2026-07;2026;07;Porto;Paços de Ferreira;ACC;3;13;1309;130922
2026-07;2026;07;Porto;Paços de Ferreira;ACC;3;13;1309;130925
2026-07;2026;07;Lisboa;Mafra;ACC;3;11;1109;110911
2026-07;2026;07;Viseu;Castro daire;ACC;1;18;1803;180304
2026-07;2026;07;Faro;Faro;ACC;1;08;0805;080509
2026-07;2026;07;Viana do Castelo;Vila Nova de Cerveira;ACC;1;16;1610;161003
2026-07;2026;07;Évora;Reguengos de Monsaraz;ACC;2;07;0711;071102
2026-07;2026;07;Setúbal;Almada;ACC;1;15;1503;150303
2026-07;2026;07;Porto;Matosinhos;CER;1;13;1308;130820
2026-07;2026;07;Viseu;São João da Pesqueira;ACC;1;18;1815;181502
2026-07;2026;07;Castelo Branco;Covilhã;ACC;1;05;0503;050311
2026-07;2026;07;Coimbra;Penacova;ACC;2;06;0613;061304
2026-07;2026;07;Coimbra;Penacova;ACC;1;06;0613;061307
2026-07;2026;07;Vila Real;Vila Real;ACC;1;17;1714;171409
2026-07;2026;07;Portalegre;Ponte de Sor;ACC;1;12;1213;121304
2026-07;2026;07;Santarém;Salvaterra de Magos;ACC;1;14;1415;141509
2026-07;2026;07;Santarém;Salvaterra de Magos;ACC;4;14;1415;141502
2026-07;2026;07;Santarém;Salvaterra de Magos;ACC;1;14;1415;141503
2026-07;2026;07;Braga;Vila Verde;ACC;1;03;0313;031316
2026-07;2026;07;Braga;Vila Verde;ACC;2;03;0313;031323
2026-07;2026;07;Braga;Vila Verde;ACC;1;03;0313;031330
2026-07;2026;07;Leiria;Óbidos;ACC;1;10;1012;101203
2026-07;2026;07;Aveiro;Ílhavo;ACC;3;01;0110;011008
2026-07;2026;07;Setúbal;Setúbal;ACC;3;15;1512;151207
2026-07;2026;07;Guarda;Gouveia;ACC;1;09;0906;090625
2026-07;2026;07;Porto;Amarante;ACC;1;13;1301;130119
2026-07;2026;07;Bragança;Mirandela;ACC;6;04;0407;040721
2026-07;2026;07;Aveiro;Mealhada;ACC;2;01;0111;011111
2026-07;2026;07;Coimbra;Mira;ACC;2;06;0608;060801
2026-07;2026;07;Coimbra;Miranda do Corvo;ACC;5;06;0609;060902
2026-07;2026;07;Santarém;Constância;ACC;1;14;1408;140802
2026-07;2026;07;Évora;Vila Viçosa;ACC;2;07;0714;071406
2026-07;2026;07;Aveiro;Oliveira do Bairro;ACC;1;01;0114;011404
2026-07;2026;07;Viseu;Cinfães;ACC;1;18;1804;180410
2026-07;2026;07;Setúbal;Palmela;ACC;3;15;1508;150802
2026-07;2026;07;Beja;Serpa;ACC;1;02;0213;021303
2026-07;2026;07;Guarda;Pinhel;ACC;1;09;0910;091017
2026-07;2026;07;Braga;Guimarães;ACC;5;03;0308;030838
2026-07;2026;07;Braga;Guimarães;ACC;3;03;0308;030881
2026-07;2026;07;Braga;Guimarães;ACC;2;03;0308;030871
2026-07;2026;07;Leiria;Pombal;ACC;6;10;1015;101509
2026-07;2026;07;Leiria;Pombal;ACC;1;10;1015;101525
2026-07;2026;07;Porto;Felgueiras;ACC;1;13;1303;130324
2026-07;2026;07;Braga;Vila Verde;ACC;1;03;0313;031363
2026-07;2026;07;Braga;Vila Verde;ACC;1;03;0313;031367
2026-07;2026;07;Braga;Vila Verde;ACC;3;03;0313;031342
2026-07;2026;07;Lisboa;Torres Vedras;ACC;4;11;1113;111310
2026-07;2026;07;Lisboa;Torres Vedras;ACC;10;11;1113;111326
2026-07;2026;07;Lisboa;Torres Vedras;ACC;4;11;1113;111314
2026-07;2026;07;Santarém;Cartaxo;ACC;1;14;1406;140610
2026-07;2026;07;Santarém;Cartaxo;ACC;2;14;1406;140607
2026-07;2026;07;Leiria;Porto de Mós;ACC;1;10;1016;101610
2026-07;2026;07;Lisboa;Oeiras;ACC;5;11;1110;111012
2026-07;2026;07;Lisboa;Oeiras;ACC;8;11;1110;111013
2026-07;2026;07;Lisboa;Oeiras;ACC;5;11;1110;111014
2026-07;2026;07;Braga;Barcelos;ACC;1;03;0302;030292
2026-07;2026;07;Braga;Barcelos;ACC;1;03;0302;0302FF
2026-07;2026;07;Braga;Barcelos;ACC;1;03;0302;0302FH
2026-07;2026;07;Braga;Barcelos;ACC;1;03;0302;0302FL
2026-07;2026;07;Braga;Barcelos;ACC;2;03;0302;0302FM
2026-07;2026;07;Braga;Póvoa de Lanhoso;ACC;3;03;0309;030919
2026-07;2026;07;Braga;Póvoa de Lanhoso;ACC;1;03;0309;030921
2026-07;2026;07;Beja;Moura;ACC;1;02;0210;021009
2026-07;2026;07;Viana do Castelo;Arcos de Valdevez;ACC;1;16;1601;160154
2026-07;2026;07;Faro;Loulé;ACC;3;08;0808;080805
2026-07;2026;07;Lisboa;Sintra;ACC;7;11;1111;111108
2026-07;2026;07;Lisboa;Sintra;ACC;2;11;1111;111134
2026-07;2026;07;Lisboa;Sintra;ACC;2;11;1111;111122
2026-07;2026;07;Lisboa;Sintra;ACC;2;11;1111;111125
2026-07;2026;07;Porto;Paços de Ferreira;ACC;1;13;1309;130916
2026-07;2026;07;Porto;Porto;CER;1;13;1312;131211
2026-07;2026;07;Porto;Porto;CER;1;13;1312;131217
2026-07;2026;07;Porto;Paredes;ACC;1;13;1310;131019
2026-07;2026;07;Évora;Redondo;ACC;2;07;0710;071002
2026-07;2026;07;Leiria;Leiria;ACC;3;10;1009;100921
2026-07;2026;07;Leiria;Leiria;ACC;10;10;1009;100934
2026-07;2026;07;Leiria;Leiria;ACC;3;10;1009;100938
2026-07;2026;07;Évora;Reguengos de Monsaraz;ACC;2;07;0711;071104
2026-07;2026;07;Viseu;Viseu;ACC;1;18;1823;182339
2026-07;2026;07;Viseu;Viseu;ACC;1;18;1823;182338
2026-06;2026;06;Viseu;Viseu;ACC;1;18;1823;182301
2026-07;2026;07;Aveiro;Aveiro;ACC;2;01;0105;010516
2026-07;2026;07;Aveiro;Aveiro;ACC;2;01;0105;010513
2026-07;2026;07;Braga;Vila Nova de Famalicão;ACC;4;03;0312;031233
2026-07;2026;07;Braga;Vila Nova de Famalicão;ACC;1;03;0312;031251
2026-07;2026;07;Santarém;Torres Novas;ACC;1;14;1419;141910
2026-07;2026;07;Santarém;Torres Novas;ACC;4;14;1419;141920
2026-07;2026;07;Porto;Penafiel;ACC;2;13;1311;131143
2026-07;2026;07;Aveiro;Santa Maria da Feira;ACC;1;01;0109;010924
2026-07;2026;07;Aveiro;Santa Maria da Feira;ACC;1;01;0109;010945
2026-07;2026;07;Aveiro;Santa Maria da Feira;ACC;8;01;0109;010935
2026-07;2026;07;Porto;Gondomar;CER;1;13;1304;130408
2026-07;2026;07;Porto;Gondomar;CER;1;13;1304;130413
2026-07;2026;07;Porto;Gondomar;ACC;4;13;1304;130414
2026-07;2026;07;Porto;Gondomar;CER;1;13;1304;130414
2026-07;2026;07;Porto;Gondomar;CER;1;13;1304;130415
2026-07;2026;07;Leiria;Bombarral;ACC;1;10;1005;100506
2026-07;2026;07;Castelo Branco;Idanha-a-Nova;ACC;1;05;0505;050514
2026-07;2026;07;Viseu;Tondela;ACC;2;18;1821;182132
2026-07;2026;07;Vila Real;Montalegre;ACC;1;17;1706;170626
2026-07;2026;07;Bragança;Bragança;ACC;1;04;0402;040240
2026-07;2026;07;Bragança;Bragança;ACC;1;04;0402;040257
2026-07;2026;07;Aveiro;Anadia;ACC;1;01;0103;010309
2026-07;2026;07;Aveiro;Anadia;ACC;1;01;0103;010310
2026-07;2026;07;Beja;Beja;ACC;1;02;0205;020510
2026-07;2026;07;Beja;Beja;ACC;3;02;0205;020521
2026-07;2026;07;Porto;Matosinhos;ACC;1;13;1308;130823
2026-07;2026;07;Porto;Matosinhos;CER;1;13;1308;130824
2026-07;2026;07;Lisboa;Lisboa;ACC;1;11;1106;110665
2026-07;2026;07;Vila Real;Chaves;ACC;1;17;1703;170350
2026-07;2026;07;Vila Real;Chaves;ACC;1;17;1703;170341
2026-07;2026;07;Porto;Vila Nova de Gaia;ACC;6;13;1317;131741
2026-07;2026;07;Porto;Vila Nova de Gaia;ACC;4;13;1317;131745
2026-07;2026;07;Porto;Vila Nova de Gaia;ACC;2;13;1317;131747
2026-07;2026;07;Viana do Castelo;Viana do Castelo;ACC;3;16;1609;160928
2026-07;2026;07;Viana do Castelo;Viana do Castelo;ACC;1;16;1609;160938
2026-07;2026;07;Beja;Mértola;ACC;1;02;0209;020905
2026-07;2026;07;Setúbal;Alcácer do Sal;ACC;1;15;1501;150104
2026-07;2026;07;Évora;Alandroal;ACC;1;07;0701;070103
2026-07;2026;07;Setúbal;Santiago do Cacém;ACC;1;15;1509;150907
2026-07;2026;07;Setúbal;Santiago do Cacém;ACC;2;15;1509;150912
2026-07;2026;07;Aveiro;Vagos;ACC;1;01;0118;011810
2026-07;2026;07;Setúbal;Barreiro;ACC;2;15;1504;150410
2026-07;2026;07;Lisboa;Mafra;ACC;1;11;1109;110913
2026-07;2026;07;Lisboa;Mafra;ACC;2;11;1109;110918
2026-07;2026;07;Lisboa;Mafra;ACC;1;11;1109;110919
2026-07;2026;07;Lisboa;Cascais;ACC;6;11;1105;110506
2026-07;2026;07;Lisboa;Cascais;ACC;3;11;1105;110507
2026-07;2026;07;Aveiro;Ovar;ACC;1;01;0115;011507
2026-07;2026;07;Beja;Aljustrel;ACC;1;02;0201;020104
2026-07;2026;07;Viana do Castelo;Valença;ACC;1;16;1608;160820
2026-07;2026;07;Santarém;Tomar;ACC;2;14;1418;141819
2026-07;2026;07;Aveiro;Oliveira de Azeméis;ACC;1;01;0113;011318
2026-07;2026;07;Aveiro;Oliveira de Azeméis;ACC;5;01;0113;011321
2026-07;2026;07;Santarém;Sardoal;ACC;1;14;1417;141703
2026-07;2026;07;Braga;Braga;ACC;1;03;0303;030354
2026-07;2026;07;Braga;Braga;ACC;1;03;0303;030365
2026-07;2026;07;Braga;Braga;ACC;1;03;0303;030364
2026-07;2026;07;Braga;Braga;ACC;6;03;0303;030367
2026-07;2026;07;Braga;Braga;ACC;2;03;0303;030377
2026-07;2026;07;Braga;Braga;ACC;1;03;0303;030380
2026-07;2026;07;Braga;Braga;ACC;2;03;0303;030381
2026-07;2026;07;Aveiro;Sever do Vouga;ACC;1;01;0117;011708
2026-07;2026;07;Aveiro;Espinho;ACC;1;01;0107;010705
2026-07;2026;07;Aveiro;Castelo de Paiva;ACC;1;01;0106;010616
2026-07;2026;07;Porto;Valongo;ACC;5;13;1315;131505
2026-07;2026;07;Viseu;Mortágua;ACC;1;18;1808;180808
2026-07;2026;07;Porto;Lousada;ACC;2;13;1305;130529
2026-07;2026;07;Porto;Lousada;ACC;2;13;1305;130531
2026-07;2026;07;Porto;Lousada;ACC;3;13;1305;130532
2026-08;2026;08;Bragança;Vinhais;ACC;1;04;0412;041235
2026-07;2026;07;Viseu;Tarouca;ACC;1;18;1820;182016
2026-07;2026;07;Porto;Amarante;ACC;1;13;1301;130139
2026-07;2026;07;Porto;Amarante;ACC;2;13;1301;130147
2026-07;2026;07;Castelo Branco;Covilhã;ACC;1;05;0503;050324
2026-07;2026;07;Castelo Branco;Covilhã;ACC;4;05;0503;050335
2026-07;2026;07;Castelo Branco;Covilhã;ACC;1;05;0503;050337
2026-07;2026;07;Santarém;Abrantes;ACC;1;14;1401;140115
2026-07;2026;07;Santarém;Abrantes;ACC;3;14;1401;140124
2026-07;2026;07;Viana do Castelo;Monção;ACC;1;16;1604;160431
2026-07;2026;07;Lisboa;Alenquer;ACC;1;11;1101;110118
2026-07;2026;07;Lisboa;Alenquer;ACC;6;11;1101;110120
2026-07;2026;07;Guarda;Aguiar da Beira;ACC;1;09;0901;090114
2026-07;2026;07;Santarém;Alcanena;ACC;3;14;1402;140211
2026-07;2026;07;Portalegre;Avis;ACC;2;12;1203;120309
2026-07;2026;07;Lisboa;Vila Franca de Xira;ACC;3;11;1114;111413
2026-07;2026;07;Lisboa;Vila Franca de Xira;ACC;2;11;1114;111414
2026-07;2026;07;Braga;Vieira do Minho;ACC;1;03;0311;031123
2026-07;2026;07;Porto;Santo Tirso;ACC;1;13;1314;131436
2026-07;2026;07;Lisboa;Loures;ACC;7;11;1107;110728
2026-07;2026;07;Lisboa;Loures;ACC;1;11;1107;110726
2026-07;2026;07;Lisboa;Loures;ACC;5;11;1107;110729
2026-07;2026;07;Lisboa;Cadaval;ACC;1;11;1104;110410
2026-07;2026;07;Leiria;Caldas da Rainha;ACC;3;10;1006;100617
2026-07;2026;07;Beja;Castro Verde;ACC;3;02;0206;020606
2026-07;2026;07;Santarém;Chamusca;ACC;2;14;1407;140708
2026-07;2026;07;Santarém;Santarém;ACC;2;14;1416;141633
2026-07;2026;07;Faro;Faro;ACC;7;08;0805;080508
2026-07;2026;07;Viseu;Vouzela;ACC;1;18;1824;182414
2026-07;2026;07;Braga;Esposende;ACC;1;03;0306;030619
2026-07;2026;07;Coimbra;Lousã;ACC;1;06;0607;060707
2026-07;2026;07;Bragança;Freixo de Espada À Cinta;ACC;1;04;0404;040407
2026-07;2026;07;Castelo Branco;Fundão;ACC;8;05;0504;050434
2026-07;2026;07;Santarém;Mação;ACC;2;14;1413;141309
2026-07;2026;07;Coimbra;Oliveira do Hospital;ACC;3;06;0611;061124
2026-07;2026;07;Viseu;Santa Comba Dão;ACC;2;18;1814;181411
2026-07;2026;07;Vila Real;Peso da Régua;ACC;1;17;1708;170815
2026-07;2026;07;Coimbra;Cantanhede;ACC;1;06;0602;060223
2026-07;2026;07;Aveiro;Águeda;ACC;1;01;0101;010125
2026-07;2026;07;Aveiro;Águeda;ACC;3;01;0101;010126
2026-07;2026;07;Castelo Branco;Proença-a-Nova;ACC;2;05;0508;050807
2026-07;2026;07;Castelo Branco;Proença-a-Nova;ACC;1;05;0508;050808
2026-07;2026;07;Viseu;Sernancelhe;ACC;1;18;1818;181821
2026-07;2026;07;Vila Real;Sabrosa;ACC;1;17;1710;171017
2026-07;2026;07;Faro;Tavira;ACC;3;08;0814;081412
2026-07;2026;07;Faro;Tavira;CER;1;08;0814;081412
2026-07;2026;07;Porto;Vila do Conde;ACC;1;13;1316;131636
2026-07;2026;07;Guarda;Trancoso;ACC;1;09;0913;091332
2026-07;2026;07;Viana do Castelo;Vila Nova de Cerveira;ACC;3;16;1610;161019
2026-07;2026;07;Vila Real;Valpaços;ACC;1;17;1712;171236
2026-07;2026;07;Lisboa;Amadora;ACC;2;11;1115;111517
2026-07;2026;07;Évora;Viana do Alentejo;ACC;1;07;0713;071302
2026-07;2026;07;Santarém;Vila Nova da Barquinha;ACC;1;14;1420;142006
2026-07;2026;07;Faro;Vila Real de Santo António;ACC;8;08;0816;081602
2026-07;2026;07;Bragança;Vimioso;ACC;1;04;0411;041114
2026-06;2026;06;Aveiro;Águeda;ACC;1;01;0101;010130
2026-06;2026;06;Porto;Felgueiras;ACC;1;13;1303;130302
2026-06;2026;06;Aveiro;Albergaria-a-Velha;ACC;3;01;0102;010209
2026-06;2026;06;Faro;Albufeira;ACC;2;08;0801;080106
2026-06;2026;06;Setúbal;Alcácer do Sal;ACC;3;15;1501;150108
2026-06;2026;06;Évora;Viana do Alentejo;ACC;1;07;0713;071301
2026-06;2026;06;Santarém;Santarém;ACC;1;14;1416;141604
2026-06;2026;06;Castelo Branco;Fundão;ACC;1;05;0504;050402
2026-06;2026;06;Santarém;Rio Maior;ACC;3;14;1414;141401
2026-06;2026;06;Braga;Guimarães;ACC;1;03;0308;030801
2026-06;2026;06;Santarém;Almeirim;ACC;3;14;1403;140301
2026-06;2026;06;Beja;Almodôvar;ACC;1;02;0202;020211
2026-06;2026;06;Portalegre;Nisa;ACC;2;12;1212;121201
2026-06;2026;06;Coimbra;Figueira da Foz;ACC;1;06;0605;060502
2026-06;2026;06;Coimbra;Góis;ACC;1;06;0606;060601
2026-06;2026;06;Leiria;Caldas da Rainha;ACC;1;10;1006;100602
2026-06;2026;06;Braga;Esposende;ACC;1;03;0306;030621
2026-06;2026;06;Porto;Vila Nova de Gaia;ACC;2;13;1317;131701
2026-06;2026;06;Porto;Póvoa de Varzim;ACC;1;13;1313;131318
2026-06;2026;06;Aveiro;Santa Maria da Feira;ACC;5;01;0109;010901
2026-06;2026;06;Faro;Silves;ACC;1;08;0813;081303
2026-06;2026;06;Viseu;Armamar;ACC;1;18;1801;180120
2026-06;2026;06;Braga;Fafe;ACC;1;03;0307;030726
2026-06;2026;06;Leiria;Leiria;ACC;2;10;1009;100902
2026-06;2026;06;Évora;Arraiolos;ACC;3;07;0702;070201
2026-06;2026;06;Guarda;Guarda;ACC;1;09;0907;090706
2026-06;2026;06;Lisboa;Lisboa;ACC;1;11;1106;110656
2026-06;2026;06;Aveiro;Anadia;ACC;1;01;0103;010305
2026-06;2026;06;Porto;Vila do Conde;ACC;2;13;1316;131603
2026-06;2026;06;Porto;Santo Tirso;ACC;1;13;1314;131405
2026-06;2026;06;Porto;Vila Nova de Gaia;ACC;1;13;1317;131702
2026-06;2026;06;Portalegre;Avis;ACC;2;12;1203;120303
2026-06;2026;06;Porto;Gondomar;CER;1;13;1304;130412
2026-06;2026;06;Lisboa;Oeiras;ACC;4;11;1110;111002
2026-06;2026;06;Leiria;Alcobaça;ACC;1;10;1001;100104
2026-06;2026;06;Lisboa;Lisboa;ACC;3;11;1106;110607
2026-06;2026;06;Vila Real;Boticas;ACC;1;17;1702;170203
2026-06;2026;06;Castelo Branco;Castelo Branco;ACC;1;05;0502;050203
2026-06;2026;06;Beja;Odemira;ACC;1;02;0211;021116
2026-06;2026;06;Viseu;Viseu;ACC;1;18;1823;182304
2026-06;2026;06;Viseu;São Pedro do Sul;ACC;1;18;1816;181602
2026-06;2026;06;Aveiro;Águeda;ACC;1;01;0101;010133
2026-06;2026;06;Vila Real;Boticas;ACC;1;17;1702;170219
2026-06;2026;06;Braga;Braga;ACC;1;03;0303;030351
2026-06;2026;06;Braga;Guimarães;ACC;1;03;0308;030808
2026-06;2026;06;Viana do Castelo;Ponte de Lima;ACC;1;16;1607;160713
2026-06;2026;06;Viseu;Vouzela;ACC;1;18;1824;182403
2026-06;2026;06;Porto;Vila Nova de Gaia;ACC;3;13;1317;131703
2026-06;2026;06;Coimbra;Cantanhede;ACC;2;06;0602;060225
2026-06;2026;06;Leiria;Leiria;ACC;3;10;1009;100907
2026-06;2026;06;Lisboa;Lisboa;ACC;3;11;1106;110611
2026-06;2026;06;Bragança;Carrazeda de Ansiães;ACC;2;04;0403;040304
2026-06;2026;06;Leiria;Pombal;ACC;1;10;1015;101505
2026-06;2026;06;Braga;Barcelos;ACC;1;03;0302;030220
2026-06;2026;06;Setúbal;Grândola;ACC;1;15;1505;150505
2026-06;2026;06;Lisboa;Sintra;ACC;2;11;1111;111115
2026-06;2026;06;Viana do Castelo;Viana do Castelo;ACC;1;16;1609;160910
2026-06;2026;06;Vila Real;Sabrosa;ACC;1;17;1710;171001
2026-06;2026;06;Setúbal;Santiago do Cacém;ACC;1;15;1509;150903
2026-06;2026;06;Aveiro;Oliveira de Azeméis;ACC;1;01;0113;011302
2026-06;2026;06;Porto;Maia;CER;1;13;1306;130619
2026-06;2026;06;Santarém;Coruche;ACC;3;14;1409;140910
2026-06;2026;06;Viana do Castelo;Viana do Castelo;ACC;1;16;1609;160911
2026-06;2026;06;Bragança;Bragança;ACC;1;04;0402;040212
2026-06;2026;06;Porto;Valongo;CER;1;13;1315;131503
2026-06;2026;06;Castelo Branco;Castelo Branco;ACC;1;05;0502;050233
2026-06;2026;06;Porto;Póvoa de Varzim;ACC;1;13;1313;131307
2026-06;2026;06;Santarém;Ourém;ACC;6;14;1421;142106
2026-06;2026;06;Santarém;Almeirim;ACC;1;14;1403;140303
2026-06;2026;06;Coimbra;Cantanhede;ACC;2;06;0602;060207
2026-06;2026;06;Castelo Branco;Covilhã;ACC;1;05;0503;050311
2026-06;2026;06;Braga;Braga;ACC;1;03;0303;030315
2026-06;2026;06;Porto;Maia;ACC;1;13;1306;130603
2026-06;2026;06;Vila Real;Vila Real;ACC;1;17;1714;171409
2026-06;2026;06;Aveiro;Vagos;ACC;1;01;0118;011816
2026-06;2026;06;Aveiro;Santa Maria da Feira;ACC;1;01;0109;010908
2026-06;2026;06;Guarda;Fornos de Algodres;ACC;1;09;0905;090505
2026-06;2026;06;Braga;Vila Verde;ACC;1;03;0313;031316
2026-06;2026;06;Aveiro;Ílhavo;ACC;2;01;0110;011005
2026-06;2026;06;Setúbal;Setúbal;ACC;2;15;1512;151207
2026-06;2026;06;Porto;Paredes;CER;1;13;1310;131011
2026-06;2026;06;Porto;Vila do Conde;ACC;1;13;1316;131610
2026-06;2026;06;Guarda;Gouveia;ACC;1;09;0906;090625
2026-06;2026;06;Braga;Guimarães;ACC;1;03;0308;030823
2026-06;2026;06;Aveiro;Ílhavo;ACC;3;01;0110;011008
2026-06;2026;06;Viseu;Penalva do Castelo;ACC;2;18;1811;181105
2026-06;2026;06;Porto;Póvoa de Varzim;ACC;1;13;1313;131308
2026-06;2026;06;Porto;Matosinhos;ACC;1;13;1308;130819
2026-06;2026;06;Portalegre;Ponte de Sor;ACC;1;12;1213;121305
2026-06;2026;06;Faro;Loulé;ACC;1;08;0808;080809
2026-06;2026;06;Lisboa;Loures;ACC;4;11;1107;110707
2026-06;2026;06;Lisboa;Lisboa;ACC;6;11;1106;110618
2026-06;2026;06;Porto;Lousada;ACC;2;13;1305;130534
2026-06;2026;06;Bragança;Macedo de Cavaleiros;ACC;1;04;0405;040520
2026-06;2026;06;Guarda;Fornos de Algodres;ACC;1;09;0905;090509
2026-06;2026;06;Porto;Vila do Conde;ACC;2;13;1316;131614
2026-06;2026;06;Porto;Marco de Canaveses;ACC;6;13;1307;130736
2026-06;2026;06;Coimbra;Figueira da Foz;ACC;2;06;0605;060508
2026-06;2026;06;Leiria;Marinha Grande;ACC;5;10;1010;101001
2026-06;2026;06;Santarém;Torres Novas;ACC;1;14;1419;141917
2026-06;2026;06;Porto;Paços de Ferreira;ACC;2;13;1309;130910
2026-06;2026;06;Coimbra;Mira;ACC;1;06;0608;060801
2026-06;2026;06;Bragança;Miranda do douro;ACC;1;04;0406;040608
2026-06;2026;06;Lisboa;Lisboa;ACC;2;11;1106;110661
2026-06;2026;06;Santarém;Alcanena;ACC;1;14;1402;140207
2026-06;2026;06;Faro;Olhão;ACC;1;08;0810;081008
2026-06;2026;06;Porto;Santo Tirso;ACC;1;13;1314;131413
2026-06;2026;06;Leiria;Leiria;ACC;1;10;1009;100942
2026-06;2026;06;Porto;Maia;ACC;5;13;1306;130609
2026-06;2026;06;Braga;Guimarães;ACC;1;03;0308;030831
2026-06;2026;06;Aveiro;Santa Maria da Feira;ACC;2;01;0109;010916
2026-06;2026;06;Aveiro;Oliveira de Azeméis;ACC;1;01;0113;011323
2026-06;2026;06;Évora;Montemor-o-Novo;ACC;4;07;0706;070615
2026-06;2026;06;Santarém;Entroncamento;ACC;1;14;1410;141002
2026-06;2026;06;Évora;Vila Viçosa;ACC;2;07;0714;071406
2026-06;2026;06;Aveiro;Oliveira do Bairro;ACC;3;01;0114;011403
2026-06;2026;06;Braga;Vila Nova de Famalicão;ACC;1;03;0312;031242
2026-06;2026;06;Braga;Braga;ACC;2;03;0303;030331
2026-06;2026;06;Aveiro;Espinho;ACC;1;01;0107;010704
2026-06;2026;06;Coimbra;Penacova;ACC;2;06;0613;061307
2026-06;2026;06;Porto;Penafiel;ACC;2;13;1311;131139
2026-06;2026;06;Leiria;Peniche;ACC;1;10;1014;101407
2026-06;2026;06;Porto;Matosinhos;ACC;3;13;1308;130821
2026-06;2026;06;Setúbal;Palmela;ACC;1;15;1508;150803
2026-06;2026;06;Leiria;Pombal;ACC;5;10;1015;101509
2026-06;2026;06;Santarém;Cartaxo;ACC;1;14;1406;140604
2026-06;2026;06;Faro;Portimão;ACC;4;08;0811;081103
2026-06;2026;06;Leiria;Porto de Mós;ACC;1;10;1016;101614
2026-06;2026;06;Lisboa;Oeiras;ACC;4;11;1110;111009
2026-06;2026;06;Braga;Barcelos;ACC;2;03;0302;030261
2026-06;2026;06;Braga;Póvoa de Lanhoso;ACC;1;03;0309;030919
2026-06;2026;06;Coimbra;Mira;ACC;1;06;0608;060804
2026-06;2026;06;Setúbal;Palmela;ACC;2;15;1508;150804
2026-06;2026;06;Lisboa;Torres Vedras;ACC;1;11;1113;111311
2026-06;2026;06;Braga;Cabeceiras de Basto;ACC;1;03;0304;030424
2026-06;2026;06;Évora;Borba;ACC;1;07;0703;070303
2026-06;2026;06;Aveiro;Santa Maria da Feira;ACC;1;01;0109;010921
2026-06;2026;06;Leiria;Bombarral;ACC;1;10;1005;100503
2026-06;2026;06;Aveiro;Santa Maria da Feira;ACC;1;01;0109;010922
2026-06;2026;06;Bragança;Bragança;ACC;1;04;0402;040240
2026-06;2026;06;Santarém;Benavente;ACC;3;14;1405;140502
2026-06;2026;06;Porto;Matosinhos;ACC;1;13;1308;130822
2026-06;2026;06;Braga;Vizela;ACC;1;03;0314;031401
2026-06;2026;06;Lisboa;Lisboa;ACC;1;11;1106;110665
2026-06;2026;06;Lisboa;Torres Vedras;ACC;6;11;1113;111326
2026-06;2026;06;Viana do Castelo;Viana do Castelo;ACC;2;16;1609;160928
2026-06;2026;06;Évora;Alandroal;ACC;1;07;0701;070103
2026-06;2026;06;Setúbal;Santiago do Cacém;ACC;1;15;1509;150907
2026-06;2026;06;Leiria;Porto de Mós;ACC;1;10;1016;101610
2026-06;2026;06;Évora;Évora;ACC;1;07;0705;070506
2026-06;2026;06;Porto;Vila Nova de Gaia;ACC;5;13;1317;131717
2026-06;2026;06;Faro;Lagos;ACC;2;08;0807;080708
2026-06;2026;06;Aveiro;São João da Madeira;ACC;1;01;0116;011601
2026-06;2026;06;Lisboa;Sintra;ACC;1;11;1111;111134
2026-06;2026;06;Aveiro;Anadia;ACC;1;01;0103;010310
2026-06;2026;06;Aveiro;Santa Maria da Feira;ACC;2;01;0109;010918
2026-06;2026;06;Porto;Maia;ACC;1;13;1306;130613
2026-06;2026;06;Aveiro;Oliveira de Azeméis;ACC;1;01;0113;011318
2026-06;2026;06;Viseu;Sátão;ACC;2;18;1817;181710
2026-06;2026;06;Braga;Braga;ACC;1;03;0303;030354
2026-06;2026;06;Braga;Guimarães;ACC;1;03;0308;030866
2026-06;2026;06;Setúbal;Sesimbra;ACC;4;15;1511;151101
2026-06;2026;06;Setúbal;Setúbal;ACC;3;15;1512;151205
2026-06;2026;06;Setúbal;Sines;ACC;2;15;1513;151301
2026-06;2026;06;Viseu;Tabuaço;ACC;1;18;1819;181914
2026-06;2026;06;Viana do Castelo;Monção;ACC;1;16;1604;160431
2026-06;2026;06;Lisboa;Torres Vedras;ACC;1;11;1113;111317
2026-06;2026;06;Braga;Vila Verde;ACC;1;03;0313;031354
2026-06;2026;06;Lisboa;Sintra;ACC;2;11;1111;111122
2026-06;2026;06;Évora;Alandroal;ACC;1;07;0701;070107
2026-06;2026;06;Leiria;Alcobaça;ACC;1;10;1001;100121
2026-06;2026;06;Porto;Porto;CER;1;13;1312;131216
2026-06;2026;06;Lisboa;Oeiras;ACC;5;11;1110;111012
2026-06;2026;06;Bragança;Carrazeda de Ansiães;ACC;1;04;0403;040320
2026-06;2026;06;Aveiro;Anadia;ACC;1;01;0103;010317
2026-06;2026;06;Viana do Castelo;Arcos de Valdevez;ACC;1;16;1601;160154
2026-06;2026;06;Braga;Barcelos;ACC;1;03;0302;030292
2026-06;2026;06;Braga;Guimarães;ACC;1;03;0308;030878
2026-06;2026;06;Setúbal;Montijo;ACC;1;15;1507;150709
2026-06;2026;06;Lisboa;Loures;ACC;6;11;1107;110728
2026-06;2026;06;Leiria;Caldas da Rainha;ACC;1;10;1006;100617
2026-06;2026;06;Braga;Vizela;ACC;2;03;0314;031408
2026-06;2026;06;Lisboa;Loures;ACC;2;11;1107;110731
2026-06;2026;06;Porto;Baião;ACC;2;13;1302;130223
2026-06;2026;06;Lisboa;Cascais;ACC;3;11;1105;110507
2026-06;2026;06;Santarém;Cartaxo;ACC;2;14;1406;140609
2026-06;2026;06;Lisboa;Vila Franca de Xira;ACC;1;11;1114;111414
2026-06;2026;06;Braga;Braga;ACC;4;03;0303;030367
2026-06;2026;06;Setúbal;Almada;ACC;6;15;1503;150314
2026-06;2026;06;Santarém;Santarém;ACC;1;14;1416;141633
2026-06;2026;06;Portalegre;Crato;ACC;1;12;1206;120607
2026-06;2026;06;Coimbra;Coimbra;ACC;3;06;0603;060335
2026-06;2026;06;Portalegre;Nisa;ACC;1;12;1212;121212
2026-06;2026;06;Évora;Estremoz;ACC;6;07;0704;070414
2026-06;2026;06;Viseu;Viseu;ACC;1;18;1823;182338
2026-06;2026;06;Porto;Gondomar;CER;1;13;1304;130413
2026-06;2026;06;Faro;Faro;ACC;3;08;0805;080508
2026-06;2026;06;Braga;Póvoa de Lanhoso;ACC;1;03;0309;030934
2026-06;2026;06;Porto;Gondomar;ACC;1;13;1304;130414
2026-06;2026;06;Viana do Castelo;Valença;ACC;1;16;1608;160817
2026-06;2026;06;Castelo Branco;Idanha-a-Nova;ACC;2;05;0505;050518
2026-06;2026;06;Faro;Lagoa;ACC;2;08;0806;080608
2026-06;2026;06;Setúbal;Almada;ACC;5;15;1503;150315
2026-06;2026;06;Leiria;Leiria;ACC;1;10;1009;100933
2026-06;2026;06;Porto;Porto;ACC;2;13;1312;131218
2026-06;2026;06;Porto;Porto;CER;1;13;1312;131218
2026-06;2026;06;Porto;Felgueiras;ACC;3;13;1303;130335
2026-06;2026;06;Leiria;Leiria;ACC;8;10;1009;100934
2026-06;2026;06;Braga;Braga;ACC;2;03;0303;030378
2026-06;2026;06;Coimbra;Penacova;ACC;1;06;0613;061313
2026-06;2026;06;Setúbal;Barreiro;ACC;2;15;1504;150411
2026-06;2026;06;Aveiro;Oliveira de Azeméis;ACC;1;01;0113;011322
2026-06;2026;06;Setúbal;Palmela;ACC;3;15;1508;150806
2026-06;2026;06;Lisboa;Odivelas;ACC;7;11;1116;111608
2026-06;2026;06;Castelo Branco;Proença-a-Nova;ACC;2;05;0508;050807
2026-06;2026;06;Braga;Braga;ACC;3;03;0303;030379
2026-06;2026;06;Aveiro;Águeda;ACC;1;01;0101;010124
2026-06;2026;06;Guarda;Sabugal;ACC;1;09;0911;091145
2026-06;2026;06;Braga;Vila Verde;ACC;1;03;0313;031367
2026-06;2026;06;Viseu;São Pedro do Sul;ACC;1;18;1816;181623
2026-06;2026;06;Coimbra;Condeixa-a-Nova;ACC;1;06;0604;060412
2026-06;2026;06;Braga;Guimarães;ACC;1;03;0308;030888
2026-06;2026;06;Porto;Lousada;ACC;2;13;1305;130532
2026-06;2026;06;Coimbra;Coimbra;ACC;2;06;0603;060338
2026-06;2026;06;Coimbra;Penela;ACC;2;06;0614;061407
2026-06;2026;06;Santarém;Abrantes;ACC;2;14;1401;140124
2026-06;2026;06;Aveiro;Anadia;ACC;1;01;0103;010318
2026-06;2026;06;Faro;Tavira;ACC;2;08;0814;081412
2026-06;2026;06;Faro;Tavira;CER;1;08;0814;081412
2026-06;2026;06;Leiria;Caldas da Rainha;ACC;2;10;1006;100619
2026-06;2026;06;Santarém;Torres Novas;ACC;1;14;1419;141920
2026-06;2026;06;Aveiro;Águeda;ACC;1;01;0101;010125
2026-06;2026;06;Viana do Castelo;Viana do Castelo;ACC;3;16;1609;160948
2026-06;2026;06;Aveiro;Vale de Cambra;ACC;1;01;0119;011910
2026-06;2026;06;Braga;Barcelos;ACC;1;03;0302;0302FH
2026-06;2026;06;Viana do Castelo;Vila Nova de Cerveira;ACC;2;16;1610;161019
2026-06;2026;06;Braga;Vila Nova de Famalicão;ACC;6;03;0312;031260
2026-06;2026;06;Lisboa;Mafra;ACC;3;11;1109;110922
2026-06;2026;06;Aveiro;Vagos;ACC;1;01;0118;011820
2026-06;2026;06;Aveiro;Ovar;ACC;1;01;0115;011507
2026-06;2026;06;Santarém;Sardoal;ACC;1;14;1417;141704
2026-06;2026;06;Braga;Barcelos;ACC;2;03;0302;030283
2026-06;2026;06;Leiria;Pombal;ACC;1;10;1015;101513
2026-06;2026;06;Lisboa;Vila Franca de Xira;ACC;2;11;1114;111408
2026-06;2026;06;Braga;Vila Verde;ACC;3;03;0313;031342
2026-06;2026;06;Viana do Castelo;Viana do Castelo;ACC;1;16;1609;160938
2026-06;2026;06;Castelo Branco;Vila de Rei;ACC;1;05;0510;051003
2026-06;2026;06;Braga;Barcelos;ACC;1;03;0302;0302FM
2026-06;2026;06;Braga;Barcelos;ACC;1;03;0302;0302FN
2026-06;2026;06;Aveiro;Santa Maria da Feira;ACC;1;01;0109;010947
2026-06;2026;06;Vila Real;Mesão Frio;ACC;1;17;1704;170407
2026-06;2026;06;Santarém;Vila Nova da Barquinha;ACC;1;14;1420;142006
2026-06;2026;06;Beja;Serpa;ACC;1;02;0213;021311
2026-06;2026;06;Lisboa;Cadaval;ACC;1;11;1104;110410
2026-06;2026;06;Porto;Vila do Conde;ACC;2;13;1316;131630
2026-06;2026;06;Braga;Barcelos;ACC;1;03;0302;030287
2026-06;2026;06;Bragança;Vimioso;ACC;1;04;0411;041114
2026-06;2026;06;Viseu;Viseu;ACC;2;18;1823;182341
2026-01;2026;01;Viseu;Viseu;ACC;1;18;1823;182301
2026-01;2026;01;Porto;Santo Tirso;ACC;1;13;1314;131402
2026-01;2026;01;Lisboa;Amadora;ACC;1;11;1115;111513
2026-01;2026;01;Porto;Maia;ACC;1;13;1306;130601
2026-01;2026;01;Porto;Felgueiras;ACC;1;13;1303;130302
2026-01;2026;01;Santarém;Santarém;ACC;1;14;1416;141604
2026-01;2026;01;Lisboa;Amadora;ACC;2;11;1115;111512
2026-01;2026;01;Setúbal;Moita;ACC;1;15;1506;150601
2026-01;2026;01;Coimbra;Figueira da Foz;ACC;1;06;0605;060502
2026-01;2026;01;Faro;Castro Marim;ACC;1;08;0804;080404
2026-01;2026;01;Coimbra;Góis;ACC;1;06;0606;060601
2026-01;2026;01;Faro;Portimão;ACC;1;08;0811;081101
2026-01;2026;01;Setúbal;Seixal;ACC;5;15;1510;151002
2026-01;2026;01;Coimbra;Condeixa-a-Nova;ACC;1;06;0604;060401
2026-01;2026;01;Viseu;Moimenta da Beira;ACC;1;18;1807;180703
2026-01;2026;01;Aveiro;Santa Maria da Feira;ACC;5;01;0109;010901
2026-01;2026;01;Faro;Silves;ACC;1;08;0813;081303
2026-01;2026;01;Leiria;Leiria;ACC;2;10;1009;100902
2026-01;2026;01;Évora;Arraiolos;ACC;2;07;0702;070201
2026-01;2026;01;Porto;Vila do Conde;ACC;3;13;1316;131602
2026-01;2026;01;Porto;Paredes;ACC;2;13;1310;131002
2026-01;2026;01;Lisboa;Lisboa;ACC;1;11;1106;110657
2026-01;2026;01;Leiria;Alcobaça;ACC;1;10;1001;100104
2026-01;2026;01;Castelo Branco;Castelo Branco;ACC;1;05;0502;050203
2026-01;2026;01;Faro;Loulé;ACC;1;08;0808;080804
2026-01;2026;01;Porto;Porto;CER;1;13;1312;131202
2026-01;2026;01;Évora;Borba;ACC;1;07;0703;070301
2026-01;2026;01;Faro;Aljezur;ACC;1;08;0803;080302
2026-01;2026;01;Vila Real;Vila Pouca de Aguiar;ACC;1;17;1713;171303
2026-01;2026;01;Braga;Braga;ACC;1;03;0303;030351
2026-01;2026;01;Braga;Guimarães;ACC;1;03;0308;030808
2026-01;2026;01;Porto;Porto;ACC;3;13;1312;131203
2026-01;2026;01;Évora;Évora;ACC;1;07;0705;070515
2026-01;2026;01;Bragança;Carrazeda de Ansiães;ACC;2;04;0403;040304
2026-01;2026;01;Aveiro;Oliveira de Azeméis;ACC;2;01;0113;011301
2026-01;2026;01;Leiria;Pombal;ACC;1;10;1015;101505
2026-06;2026;06;Porto;Valongo;CER;1;13;1315;131506
2026-06;2026;06;Porto;Vila Nova de Gaia;ACC;6;13;1317;131727
2026-06;2026;06;Porto;Vila Nova de Gaia;ACC;3;13;1317;131728
2026-01;2026;01;Coimbra;Figueira da Foz;ACC;1;06;0605;060520
2026-01;2026;01;Castelo Branco;Castelo Branco;ACC;2;05;0502;050205
2026-01;2026;01;Vila Real;Sabrosa;ACC;1;17;1710;171001
2026-01;2026;01;Coimbra;Coimbra;ACC;1;06;0603;060312
2026-01;2026;01;Aveiro;Oliveira de Azeméis;ACC;1;01;0113;011302
2026-01;2026;01;Porto;Maia;CER;1;13;1306;130619
2026-01;2026;01;Porto;Marco de Canaveses;ACC;2;13;1307;130705
2026-01;2026;01;Évora;Reguengos de Monsaraz;ACC;1;07;0711;071102
2026-01;2026;01;Braga;Vila Nova de Famalicão;ACC;2;03;0312;031213
2026-01;2026;01;Braga;Vieira do Minho;ACC;1;03;0311;031107
2026-01;2026;01;Porto;Paços de Ferreira;ACC;1;13;1309;130904
2026-01;2026;01;Aveiro;Aveiro;ACC;1;01;0105;010515
2026-01;2026;01;Aveiro;Aveiro;ACC;4;01;0105;010505
2026-01;2026;01;Braga;Fafe;ACC;1;03;0307;030708
2026-01;2026;01;Lisboa;Lisboa;ACC;1;11;1106;110660
2026-01;2026;01;Leiria;Alcobaça;ACC;1;10;1001;100108
2026-01;2026;01;Aveiro;Oliveira de Azeméis;ACC;1;01;0113;011303
2026-01;2026;01;Lisboa;Amadora;ACC;1;11;1115;111515
2026-01;2026;01;Santarém;Ourém;ACC;3;14;1421;142106
2026-01;2026;01;Santarém;Almeirim;ACC;1;14;1403;140303
2026-01;2026;01;Coimbra;Cantanhede;ACC;2;06;0602;060207
2026-01;2026;01;Guarda;Figueira de Castelo Rodrigo;ACC;1;09;0904;090408
2026-01;2026;01;Vila Real;Vila Real;ACC;1;17;1714;171409
2026-01;2026;01;Leiria;Óbidos;ACC;1;10;1012;101208
2026-01;2026;01;Aveiro;Ílhavo;ACC;1;01;0110;011005
2026-01;2026;01;Setúbal;Setúbal;ACC;1;15;1512;151207
2026-01;2026;01;Aveiro;Ílhavo;ACC;3;01;0110;011008
2026-01;2026;01;Bragança;Macedo de Cavaleiros;ACC;1;04;0405;040518
2026-01;2026;01;Porto;Lousada;ACC;2;13;1305;130510
2026-01;2026;01;Portalegre;Ponte de Sor;ACC;1;12;1213;121305
2026-01;2026;01;Braga;Guimarães;ACC;1;03;0308;030828
2026-01;2026;01;Lisboa;Loures;ACC;3;11;1107;110707
2026-01;2026;01;Bragança;Macedo de Cavaleiros;ACC;1;04;0405;040520
2026-01;2026;01;Coimbra;Figueira da Foz;ACC;1;06;0605;060507
2026-01;2026;01;Santarém;Salvaterra de Magos;ACC;3;14;1415;141502
2026-01;2026;01;Bragança;Mirandela;ACC;1;04;0407;040720
2026-01;2026;01;Porto;Maia;ACC;3;13;1306;130608
2026-01;2026;01;Lisboa;Amadora;ACC;2;11;1115;111516
2026-01;2026;01;Lisboa;Lisboa;ACC;2;11;1106;110661
2026-01;2026;01;Portalegre;Monforte;ACC;1;12;1211;121102
2026-01;2026;01;Évora;Mora;ACC;1;07;0707;070703
2026-01;2026;01;Vila Real;Murça;ACC;1;17;1707;170705
2026-01;2026;01;Braga;Guimarães;ACC;1;03;0308;030832
2026-01;2026;01;Porto;Lousada;ACC;1;13;1305;130515
2026-01;2026;01;Santarém;Ourém;ACC;3;14;1421;142115
2026-01;2026;01;Lisboa;Lisboa;ACC;1;11;1106;110633
2026-01;2026;01;Setúbal;Palmela;ACC;2;15;1508;150802
2026-01;2026;01;Porto;Porto;CER;1;13;1312;131210
2026-01;2026;01;Porto;Paredes;ACC;3;13;1310;131025
2026-01;2026;01;Leiria;Pombal;ACC;2;10;1015;101508
2026-01;2026;01;Santarém;Santarém;ACC;1;14;1416;141614
2026-01;2026;01;Setúbal;Palmela;ACC;1;15;1508;150803
2026-01;2026;01;Guarda;Seia;ACC;1;09;0912;091209
2026-01;2026;01;Lisboa;Torres Vedras;ACC;2;11;1113;111310
2026-01;2026;01;Santarém;Cartaxo;ACC;1;14;1406;140604
2026-01;2026;01;Faro;Lagoa;ACC;1;08;0806;080604
2026-01;2026;01;Lisboa;Oeiras;ACC;4;11;1110;111009
2026-01;2026;01;Faro;Loulé;ACC;2;08;0808;080805
2026-01;2026;01;Faro;Olhão;ACC;2;08;0810;081005
2026-01;2026;01;Porto;Porto;ACC;6;13;1312;131211
2026-01;2026;01;Lisboa;Torres Vedras;ACC;1;11;1113;111311
2026-01;2026;01;Leiria;Leiria;ACC;2;10;1009;100921
2026-01;2026;01;Viseu;Resende;ACC;2;18;1813;181311
2026-01;2026;01;Santarém;Rio Maior;ACC;2;14;1414;141408
2026-01;2026;01;Porto;Gondomar;CER;1;13;1304;130408
2026-01;2026;01;Aveiro;Santa Maria da Feira;ACC;1;01;0109;010922
2026-01;2026;01;Castelo Branco;Idanha-a-Nova;ACC;1;05;0505;050512
2026-01;2026;01;Bragança;Bragança;ACC;1;04;0402;040240
2026-01;2026;01;Braga;Vizela;ACC;1;03;0314;031401
2026-01;2026;01;Aveiro;Aveiro;ACC;1;01;0105;010513
2026-01;2026;01;Aveiro;Santa Maria da Feira;ACC;2;01;0109;010925
2026-01;2026;01;Lisboa;Lisboa;ACC;1;11;1106;110665
2026-01;2026;01;Setúbal;Santiago do Cacém;ACC;1;15;1509;150907
2026-01;2026;01;Lisboa;Lisboa;ACC;1;11;1106;110666
2026-01;2026;01;Coimbra;Coimbra;ACC;4;06;0603;060318
2026-01;2026;01;Leiria;Porto de Mós;ACC;1;10;1016;101610
2026-01;2026;01;Lisboa;Cascais;ACC;2;11;1105;110506
2026-01;2026;01;Portalegre;Campo Maior;ACC;1;12;1204;120403
2026-01;2026;01;Lisboa;Torres Vedras;ACC;2;11;1113;111314
2026-01;2026;01;Viana do Castelo;Viana do Castelo;ACC;2;16;1609;160923
2026-01;2026;01;Santarém;Sardoal;ACC;1;14;1417;141703
2026-01;2026;01;Braga;Guimarães;ACC;2;03;0308;030854
2026-01;2026;01;Braga;Guimarães;ACC;1;03;0308;030866
2026-01;2026;01;Viseu;Sátão;ACC;1;18;1817;181711
2026-01;2026;01;Aveiro;Espinho;ACC;1;01;0107;010705
2026-01;2026;01;Setúbal;Sines;ACC;1;15;1513;151301
2026-01;2026;01;Lisboa;Sobral de Monte Agraço;ACC;1;11;1112;111203
2026-01;2026;01;Porto;Paredes;CER;1;13;1310;131020
2026-01;2026;01;Coimbra;Tábua;ACC;3;06;0616;061614
2026-01;2026;01;Braga;Barcelos;ACC;1;03;0302;030277
2026-01;2026;01;Viana do Castelo;Monção;ACC;1;16;1604;160431
2026-01;2026;01;Lisboa;Torres Vedras;ACC;1;11;1113;111317
2026-01;2026;01;Lisboa;Alenquer;ACC;1;11;1101;110118
2026-01;2026;01;Aveiro;Águeda;ACC;2;01;0101;010121
2026-01;2026;01;Santarém;Alcanena;ACC;2;14;1402;140211
2026-01;2026;01;Lisboa;Alenquer;ACC;1;11;1101;110119
2026-01;2026;01;Setúbal;Almada;ACC;1;15;1503;150312
2026-01;2026;01;Porto;Amarante;ACC;1;13;1301;130142
2026-01;2026;01;Bragança;Carrazeda de Ansiães;ACC;1;04;0403;040320
2026-01;2026;01;Braga;Guimarães;ACC;1;03;0308;030878
2026-01;2026;01;Setúbal;Barreiro;ACC;1;15;1504;150410
2026-01;2026;01;Setúbal;Moita;ACC;3;15;1506;150607
2026-01;2026;01;Beja;Beja;ACC;1;02;0205;020521
2026-01;2026;01;Leiria;Bombarral;ACC;1;10;1005;100506
2026-01;2026;01;Braga;Celorico de Basto;ACC;1;03;0305;030523
2026-01;2026;01;Lisboa;Cascais;ACC;3;11;1105;110507
2026-01;2026;01;Setúbal;Almada;ACC;4;15;1503;150314
2026-01;2026;01;Coimbra;Coimbra;ACC;1;06;0603;060334
2026-01;2026;01;Porto;Trofa;ACC;2;13;1318;131811
2026-01;2026;01;Castelo Branco;Covilhã;ACC;4;05;0503;050335
2026-01;2026;01;Coimbra;Coimbra;ACC;2;06;0603;060335
2026-01;2026;01;Porto;Gondomar;ACC;5;13;1304;130413
2026-01;2026;01;Faro;Faro;ACC;1;08;0805;080508
2026-01;2026;01;Porto;Lousada;ACC;1;13;1305;130529
2026-01;2026;01;Braga;Póvoa de Lanhoso;ACC;1;03;0309;030934
2026-01;2026;01;Porto;Gondomar;CER;1;13;1304;130414
2026-01;2026;01;Castelo Branco;Fundão;ACC;3;05;0504;050434
2026-01;2026;01;Porto;Gondomar;ACC;2;13;1304;130415
2026-01;2026;01;Porto;Gondomar;CER;1;13;1304;130415
2026-01;2026;01;Setúbal;Grândola;ACC;2;15;1505;150506
2026-01;2026;01;Bragança;Bragança;ACC;1;04;0402;040252
2026-01;2026;01;Leiria;Leiria;ACC;1;10;1009;100933
2026-01;2026;01;Vila Real;Chaves;ACC;1;17;1703;170354
2026-01;2026;01;Porto;Vila Nova de Gaia;ACC;3;13;1317;131727
2026-01;2026;01;Évora;Évora;ACC;9;07;0705;070524
2026-01;2026;01;Santarém;Alcanena;ACC;1;14;1402;140212
2026-01;2026;01;Braga;Braga;ACC;4;03;0303;030375
2026-01;2026;01;Leiria;Leiria;ACC;1;10;1009;100935
2026-01;2026;01;Setúbal;Montijo;ACC;4;15;1507;150710
2026-01;2026;01;Braga;Braga;ACC;1;03;0303;030378
2026-01;2026;01;Setúbal;Barreiro;ACC;2;15;1504;150411
2026-01;2026;01;Porto;Vila Nova de Gaia;ACC;2;13;1317;131728
2026-01;2026;01;Castelo Branco;Proença-a-Nova;ACC;2;05;0508;050807
2026-01;2026;01;Braga;Braga;ACC;3;03;0303;030379
2026-01;2026;01;Santarém;Santarém;ACC;1;14;1416;141632
2026-01;2026;01;Guarda;Sabugal;ACC;1;09;0911;091145
2026-01;2026;01;Braga;Guimarães;ACC;1;03;0308;030886
2026-01;2026;01;Braga;Guimarães;ACC;4;03;0308;030887
2026-01;2026;01;Porto;Vila Nova de Gaia;ACC;1;13;1317;131729
2026-01;2026;01;Porto;Santo Tirso;ACC;3;13;1314;131437
2026-01;2026;01;Setúbal;Barreiro;ACC;3;15;1504;150409
2026-01;2026;01;Porto;Vila Nova de Gaia;ACC;2;13;1317;131731
2026-01;2026;01;Bragança;Bragança;ACC;1;04;0402;040257
2026-01;2026;01;Lisboa;Sintra;ACC;5;11;1111;111128
2026-01;2026;01;Braga;Braga;ACC;1;03;0303;030380
2026-01;2026;01;Porto;Vila Nova de Gaia;ACC;2;13;1317;131730
2026-01;2026;01;Coimbra;Coimbra;ACC;2;06;0603;060338
2026-01;2026;01;Setúbal;Santiago do Cacém;ACC;1;15;1509;150912
2026-01;2026;01;Aveiro;Anadia;ACC;1;01;0103;010318
2026-01;2026;01;Santarém;Tomar;ACC;2;14;1418;141821
2026-01;2026;01;Aveiro;Águeda;ACC;2;01;0101;010126
2026-01;2026;01;Aveiro;Vale de Cambra;ACC;1;01;0119;011910
2026-01;2026;01;Porto;Felgueiras;ACC;1;13;1303;130341
2026-01;2026;01;Braga;Vila Nova de Famalicão;ACC;5;03;0312;031260
2026-01;2026;01;Braga;Guimarães;ACC;1;03;0308;030871
2026-01;2026;01;Braga;Vila Nova de Famalicão;ACC;2;03;0312;031241
2026-01;2026;01;Santarém;Sardoal;ACC;1;14;1417;141704
2026-01;2026;01;Porto;Valongo;CER;1;13;1315;131505
2026-01;2026;01;Porto;Paredes;ACC;1;13;1310;131022
2026-01;2026;01;Braga;Barcelos;ACC;2;03;0302;030283
2026-01;2026;01;Lisboa;Torres Vedras;ACC;1;11;1113;111318
2026-01;2026;01;Santarém;Cartaxo;ACC;2;14;1406;140607
2026-01;2026;01;Viana do Castelo;Viana do Castelo;ACC;1;16;1609;160938
2026-01;2026;01;Aveiro;Estarreja;ACC;1;01;0108;010808
2026-01;2026;01;Aveiro;Santa Maria da Feira;ACC;1;01;0109;010932
2026-01;2026;01;Aveiro;Santa Maria da Feira;ACC;1;01;0109;010933
2026-01;2026;01;Santarém;Coruche;ACC;2;14;1409;140909
2026-01;2026;01;Porto;Matosinhos;ACC;1;13;1308;130812
2026-01;2026;01;Leiria;Leiria;ACC;1;10;1009;100936
2026-01;2026;01;Castelo Branco;Castelo Branco;ACC;1;05;0502;050230
2026-01;2026;01;Aveiro;Oliveira de Azeméis;ACC;1;01;0113;011320
2026-01;2026;01;Évora;Montemor-o-Novo;ACC;5;07;0706;070612
2026-01;2026;01;Porto;Póvoa de Varzim;ACC;1;13;1313;131315
2026-01;2026;01;Braga;Guimarães;ACC;1;03;0308;030889
2026-01;2026;01;Leiria;Pombal;ACC;2;10;1015;101519
2026-01;2026;01;Beja;Serpa;ACC;1;02;0213;021309
2026-01;2026;01;Santarém;Vila Nova da Barquinha;ACC;1;14;1420;142006
2026-02;2026;02;Viseu;Viseu;ACC;1;18;1823;182301
2026-02;2026;02;Lisboa;Amadora;ACC;1;11;1115;111513
2026-02;2026;02;Porto;Maia;ACC;1;13;1306;130601
2026-02;2026;02;Porto;Felgueiras;ACC;1;13;1303;130302
2026-02;2026;02;Santarém;Santarém;ACC;1;14;1416;141604
2026-02;2026;02;Lisboa;Lisboa;ACC;2;11;1106;110602
2026-02;2026;02;Santarém;Rio Maior;ACC;3;14;1414;141401
2026-02;2026;02;Setúbal;Alcochete;ACC;1;15;1502;150201
2026-02;2026;02;Leiria;Alcobaça;ACC;1;10;1001;100102
2026-02;2026;02;Lisboa;Sintra;ACC;4;11;1111;111102
2026-02;2026;02;Santarém;Almeirim;ACC;2;14;1403;140301
2026-02;2026;02;Portalegre;Nisa;ACC;1;12;1212;121201
2026-02;2026;02;Faro;Castro Marim;ACC;1;08;0804;080404
2026-02;2026;02;Coimbra;Góis;ACC;1;06;0606;060601
2026-02;2026;02;Braga;Barcelos;ACC;1;03;0302;030208
2026-02;2026;02;Coimbra;Condeixa-a-Nova;ACC;1;06;0604;060401
2026-02;2026;02;Porto;Vila Nova de Gaia;ACC;2;13;1317;131701
2026-02;2026;02;Faro;Silves;ACC;1;08;0813;081303
2026-02;2026;02;Viseu;Armamar;ACC;1;18;1801;180120
2026-02;2026;02;Santarém;Ourém;ACC;2;14;1421;142102
2026-02;2026;02;Lisboa;Azambuja;ACC;1;11;1103;110304
2026-02;2026;02;Lisboa;Oeiras;ACC;4;11;1110;111002
2026-02;2026;02;Leiria;Batalha;ACC;1;10;1004;100401
2026-02;2026;02;Faro;Aljezur;ACC;1;08;0803;080302
2026-02;2026;02;Braga;Braga;ACC;1;03;0303;030351
2026-02;2026;02;Porto;Lousada;ACC;1;13;1305;130504
2026-02;2026;02;Porto;Vila Nova de Gaia;ACC;3;13;1317;131703
2026-02;2026;02;Coimbra;Montemor-o-Velho;ACC;1;06;0610;061003
2026-02;2026;02;Bragança;Carrazeda de Ansiães;ACC;2;04;0403;040304
2026-02;2026;02;Setúbal;Grândola;ACC;1;15;1505;150505
2026-02;2026;02;Porto;Paços de Ferreira;ACC;4;13;1309;130902
2026-02;2026;02;Porto;Maia;ACC;7;13;1306;130618
2026-02;2026;02;Viana do Castelo;Viana do Castelo;ACC;1;16;1609;160910
2026-02;2026;02;Viseu;Castro daire;ACC;1;18;1803;180304
2026-02;2026;02;Aveiro;Oliveira de Azeméis;ACC;1;01;0113;011302
2026-02;2026;02;Setúbal;Seixal;ACC;9;15;1510;151005
2026-02;2026;02;Évora;Reguengos de Monsaraz;ACC;1;07;0711;071102
2026-02;2026;02;Viana do Castelo;Viana do Castelo;ACC;1;16;1609;160911
2026-02;2026;02;Porto;Valongo;ACC;5;13;1315;131503
2026-02;2026;02;Aveiro;Ovar;ACC;1;01;0115;011503
2026-02;2026;02;Porto;Póvoa de Varzim;ACC;1;13;1313;131307
2026-02;2026;02;Lisboa;Lisboa;ACC;1;11;1106;110660
2026-02;2026;02;Lisboa;Amadora;ACC;2;11;1115;111515
2026-02;2026;02;Coimbra;Cantanhede;ACC;2;06;0602;060207
2026-02;2026;02;Braga;Guimarães;ACC;1;03;0308;030815
2026-02;2026;02;Guarda;Figueira de Castelo Rodrigo;ACC;1;09;0904;090408
2026-02;2026;02;Braga;Braga;ACC;1;03;0303;030315
2026-02;2026;02;Porto;Maia;ACC;1;13;1306;130603
2026-02;2026;02;Vila Real;Vila Real;ACC;1;17;1714;171409
2026-02;2026;02;Porto;Paços de Ferreira;ACC;1;13;1309;130917
2026-02;2026;02;Setúbal;Setúbal;ACC;1;15;1512;151207
2026-02;2026;02;Braga;Braga;ACC;1;03;0303;030319
2026-02;2026;02;Viseu;Tondela;ACC;1;18;1821;182108
2026-02;2026;02;Castelo Branco;Castelo Branco;ACC;1;05;0502;050211
2026-02;2026;02;Lisboa;Lisboa;ACC;6;11;1106;110618
2026-02;2026;02;Lisboa;Lisboa;CER;1;11;1106;110618
2026-02;2026;02;Porto;Vila do Conde;ACC;2;13;1316;131614
2026-02;2026;02;Lisboa;Mafra;ACC;2;11;1109;110909
2026-02;2026;02;Coimbra;Figueira da Foz;ACC;1;06;0605;060507
2026-02;2026;02;Porto;Marco de Canaveses;ACC;4;13;1307;130736
2026-02;2026;02;Coimbra;Figueira da Foz;ACC;2;06;0605;060508
2026-02;2026;02;Bragança;Mirandela;ACC;1;04;0407;040720
2026-02;2026;02;Santarém;Torres Novas;ACC;1;14;1419;141917
2026-02;2026;02;Lisboa;Mafra;ACC;1;11;1109;110911
2026-02;2026;02;Coimbra;Miranda do Corvo;ACC;2;06;0609;060902
2026-02;2026;02;Santarém;Salvaterra de Magos;ACC;1;14;1415;141503
2026-02;2026;02;Leiria;Caldas da Rainha;ACC;1;10;1006;100608
2026-02;2026;02;Beja;Beja;ACC;1;02;0205;020506
2026-02;2026;02;Aveiro;Oliveira do Bairro;ACC;3;01;0114;011403
2026-02;2026;02;Faro;Olhão;ACC;1;08;0810;081003
2026-02;2026;02;Aveiro;Santa Maria da Feira;ACC;2;01;0109;010919
2026-02;2026;02;Porto;Porto;CER;1;13;1312;131210
2026-02;2026;02;Faro;Olhão;ACC;1;08;0810;081004
2026-02;2026;02;Guarda;Seia;ACC;1;09;0912;091209
2026-02;2026;02;Guarda;Pinhel;ACC;1;09;0910;091017
2026-02;2026;02;Leiria;Pombal;ACC;3;10;1015;101509
2026-02;2026;02;Santarém;Cartaxo;ACC;1;14;1406;140604
2026-02;2026;02;Braga;Póvoa de Lanhoso;ACC;1;03;0309;030919
2026-02;2026;02;Setúbal;Sesimbra;ACC;2;15;1511;151103
2026-02;2026;02;Lisboa;Torres Vedras;ACC;1;11;1113;111311
2026-02;2026;02;Leiria;Bombarral;ACC;1;10;1005;100503
2026-02;2026;02;Castelo Branco;Idanha-a-Nova;ACC;1;05;0505;050512
2026-02;2026;02;Vila Real;Vila Pouca de Aguiar;ACC;1;17;1713;171317
2026-02;2026;02;Setúbal;Setúbal;ACC;1;15;1512;151208
2026-02;2026;02;Bragança;Bragança;ACC;1;04;0402;040240
2026-02;2026;02;Porto;Marco de Canaveses;ACC;1;13;1307;130739
2026-02;2026;02;Lisboa;Lisboa;ACC;1;11;1106;110665
2026-02;2026;02;Vila Real;Chaves;ACC;1;17;1703;170350
2026-02;2026;02;Lisboa;Torres Vedras;ACC;4;11;1113;111326
2026-02;2026;02;Viana do Castelo;Viana do Castelo;ACC;1;16;1609;160928
2026-02;2026;02;Lisboa;Lisboa;ACC;1;11;1106;110666
2026-02;2026;02;Lisboa;Lisboa;ACC;4;11;1106;110639
2026-02;2026;02;Lisboa;Cascais;ACC;2;11;1105;110506
2026-02;2026;02;Portalegre;Campo Maior;ACC;1;12;1204;120403
2026-02;2026;02;Santarém;Entroncamento;ACC;1;14;1410;141001
2026-02;2026;02;Aveiro;Anadia;ACC;1;01;0103;010310
2026-02;2026;02;Aveiro;Santa Maria da Feira;ACC;2;01;0109;010918
2026-02;2026;02;Aveiro;Oliveira de Azeméis;ACC;1;01;0113;011318
2026-02;2026;02;Braga;Guimarães;ACC;2;03;0308;030854
2026-02;2026;02;Castelo Branco;Sertã;ACC;1;05;0509;050912
2026-02;2026;02;Setúbal;Sesimbra;ACC;3;15;1511;151101
2026-02;2026;02;Aveiro;Sever do Vouga;ACC;1;01;0117;011706
2026-02;2026;02;Setúbal;Sines;ACC;1;15;1513;151301
2026-02;2026;02;Guarda;Sabugal;ACC;1;09;0911;091134
2026-02;2026;02;Santarém;Abrantes;ACC;1;14;1401;140120
2026-02;2026;02;Lisboa;Sintra;ACC;2;11;1111;111122
2026-02;2026;02;Portalegre;Avis;ACC;1;12;1203;120309
2026-02;2026;02;Porto;Porto;ACC;2;13;1312;131216
2026-02;2026;02;Lisboa;Vila Franca de Xira;ACC;2;11;1114;111413
2026-02;2026;02;Porto;Amarante;ACC;1;13;1301;130142
2026-02;2026;02;Braga;Amares;ACC;2;03;0301;030125
2026-02;2026;02;Bragança;Carrazeda de Ansiães;ACC;1;04;0403;040320
2026-02;2026;02;Braga;Esposende;ACC;1;03;0306;030616
2026-02;2026;02;Aveiro;Anadia;ACC;1;01;0103;010317
2026-02;2026;02;Viana do Castelo;Arcos de Valdevez;ACC;1;16;1601;160154
2026-02;2026;02;Braga;Guimarães;ACC;1;03;0308;030878
2026-02;2026;02;Porto;Póvoa de Varzim;ACC;1;13;1313;131313
2026-02;2026;02;Braga;Barcelos;ACC;3;03;0302;030293
2026-02;2026;02;Setúbal;Barreiro;ACC;1;15;1504;150410
2026-02;2026;02;Setúbal;Moita;ACC;3;15;1506;150607
2026-02;2026;02;Beja;Beja;ACC;4;02;0205;020520
2026-02;2026;02;Braga;Celorico de Basto;ACC;1;03;0305;030523
2026-02;2026;02;Aveiro;Santa Maria da Feira;ACC;1;01;0109;010932
2026-02;2026;02;Coimbra;Cantanhede;ACC;2;06;0602;060220
2026-02;2026;02;Setúbal;Almada;ACC;1;15;1503;150313
2026-02;2026;02;Lisboa;Oeiras;ACC;6;11;1110;111013
2026-02;2026;02;Porto;Porto;ACC;1;13;1312;131217
2026-02;2026;02;Santarém;Santarém;ACC;1;14;1416;141633
2026-02;2026;02;Portalegre;Crato;ACC;1;12;1206;120607
2026-02;2026;02;Braga;Vila Verde;ACC;1;03;0313;031363
2026-02;2026;02;Faro;Lagoa;ACC;1;08;0806;080607
2026-02;2026;02;Viseu;Viseu;ACC;1;18;1823;182338
2026-02;2026;02;Porto;Gondomar;CER;1;13;1304;130413
2026-02;2026;02;Viseu;Vouzela;ACC;1;18;1824;182414
2026-02;2026;02;Porto;Lousada;ACC;1;13;1305;130529
2026-02;2026;02;Porto;Gondomar;CER;1;13;1304;130414
2026-02;2026;02;Viana do Castelo;Viana do Castelo;ACC;1;16;1609;160943
2026-02;2026;02;Porto;Gondomar;ACC;2;13;1304;130415
2026-02;2026;02;Porto;Gondomar;CER;1;13;1304;130415
2026-01;2026;01;Leiria;Alcobaça;ACC;1;10;1001;100116
2026-02;2026;02;Porto;Vila Nova de Gaia;ACC;2;13;1317;131725
2026-02;2026;02;Castelo Branco;Idanha-a-Nova;ACC;2;05;0505;050518
2026-02;2026;02;Lisboa;Mafra;ACC;3;11;1109;110920
2026-02;2026;02;Bragança;Bragança;ACC;1;04;0402;040252
2026-02;2026;02;Faro;Lagoa;ACC;1;08;0806;080608
2026-02;2026;02;Leiria;Leiria;ACC;1;10;1009;100933
2026-02;2026;02;Porto;Porto;CER;1;13;1312;131218
2026-02;2026;02;Porto;Lousada;ACC;1;13;1305;130530
2026-02;2026;02;Porto;Vila Nova de Gaia;ACC;3;13;1317;131727
2026-02;2026;02;Porto;Felgueiras;ACC;2;13;1303;130335
2026-02;2026;02;Leiria;Leiria;ACC;7;10;1009;100934
2026-02;2026;02;Porto;Matosinhos;ACC;1;13;1308;130812
2026-02;2026;02;Braga;Braga;ACC;4;03;0303;030375
2026-02;2026;02;Vila Real;Montalegre;ACC;1;17;1706;170638
2026-02;2026;02;Leiria;Leiria;ACC;1;10;1009;100935
2026-02;2026;02;Leiria;Leiria;ACC;1;10;1009;100936
2026-02;2026;02;Aveiro;Oliveira de Azeméis;ACC;1;01;0113;011320
2026-02;2026;02;Évora;Évora;ACC;1;07;0705;070525
2026-02;2026;02;Porto;Vila Nova de Gaia;ACC;2;13;1317;131728
2026-02;2026;02;Setúbal;Montijo;ACC;1;15;1507;150711
2026-02;2026;02;Porto;Póvoa de Varzim;ACC;1;13;1313;131315
2026-02;2026;02;Viana do Castelo;Melgaço;ACC;1;16;1603;160322
2026-02;2026;02;Lisboa;Odivelas;ACC;1;11;1116;111609
2026-02;2026;02;Guarda;Sabugal;ACC;1;09;0911;091145
2026-02;2026;02;Lisboa;Loures;ACC;5;11;1107;110727
2026-02;2026;02;Santarém;Salvaterra de Magos;ACC;1;14;1415;141508
2026-02;2026;02;Braga;Guimarães;ACC;1;03;0308;030886
2026-02;2026;02;Braga;Guimarães;ACC;4;03;0308;030887
2026-02;2026;02;Coimbra;Coimbra;ACC;2;06;0603;060336
2026-02;2026;02;Aveiro;Santa Maria da Feira;ACC;1;01;0109;010936
2026-02;2026;02;Viseu;Santa Comba Dão;ACC;1;18;1814;181411
2026-02;2026;02;Setúbal;Seixal;ACC;7;15;1510;151007
2026-02;2026;02;Setúbal;Barreiro;ACC;3;15;1504;150409
2026-02;2026;02;Braga;Guimarães;ACC;1;03;0308;030889
2026-02;2026;02;Porto;Lousada;ACC;1;13;1305;130532
2026-02;2026;02;Lisboa;Sintra;ACC;6;11;1111;111128
2026-02;2026;02;Braga;Braga;ACC;1;03;0303;030380
2026-02;2026;02;Coimbra;Coimbra;ACC;2;06;0603;060338
2026-02;2026;02;Porto;Matosinhos;CER;1;13;1308;130814
2026-02;2026;02;Aveiro;Anadia;ACC;1;01;0103;010318
2026-02;2026;02;Santarém;Tomar;ACC;2;14;1418;141821
2026-02;2026;02;Viseu;Tondela;ACC;3;18;1821;182132
2026-02;2026;02;Leiria;Caldas da Rainha;ACC;2;10;1006;100619
2026-02;2026;02;Aveiro;Águeda;ACC;1;01;0101;010125
2026-02;2026;02;Viana do Castelo;Vila Nova de Cerveira;ACC;2;16;1610;161019
2026-02;2026;02;Porto;Felgueiras;ACC;1;13;1303;130341
2026-02;2026;02;Braga;Vila Nova de Famalicão;ACC;5;03;0312;031260
2026-02;2026;02;Santarém;Cartaxo;ACC;1;14;1406;140608
2026-02;2026;02;Lisboa;Azambuja;ACC;1;11;1103;110306
2026-02;2026;02;Santarém;Sardoal;ACC;1;14;1417;141704
2026-02;2026;02;Évora;Vendas Novas;ACC;3;07;0712;071201
2026-02;2026;02;Leiria;Pombal;ACC;1;10;1015;101513
2026-02;2026;02;Porto;Amarante;ACC;1;13;1301;130139
2026-02;2026;02;Porto;Vila do Conde;CER;1;13;1316;131628
2026-02;2026;02;Vila Real;Vila Pouca de Aguiar;ACC;1;17;1713;171314
2026-02;2026;02;Viseu;Viseu;ACC;1;18;1823;182341
2026-03;2026;03;Porto;Maia;ACC;2;13;1306;130601
2026-03;2026;03;Porto;Felgueiras;ACC;1;13;1303;130302
2026-03;2026;03;Lisboa;Cascais;ACC;3;11;1105;110501
2026-03;2026;03;Lisboa;Lisboa;ACC;2;11;1106;110602
2026-03;2026;03;Leiria;Alcobaça;ACC;1;10;1001;100102
2026-03;2026;03;Porto;Valongo;CER;1;13;1315;131501
2026-03;2026;03;Leiria;Alcobaça;ACC;1;10;1001;100120
2026-03;2026;03;Santarém;Alpiarça;ACC;1;14;1404;140401
2026-03;2026;03;Faro;Castro Marim;ACC;1;08;0804;080404
2026-03;2026;03;Aveiro;Arouca;ACC;1;01;0104;010402
2026-03;2026;03;Coimbra;Góis;ACC;1;06;0606;060601
2026-03;2026;03;Braga;Barcelos;ACC;1;03;0302;030208
2026-03;2026;03;Leiria;Caldas da Rainha;ACC;1;10;1006;100602
2026-03;2026;03;Viana do Castelo;Viana do Castelo;ACC;1;16;1609;160904
2026-03;2026;03;Coimbra;Condeixa-a-Nova;ACC;1;06;0604;060401
2026-03;2026;03;Braga;Barcelos;ACC;1;03;0302;030209
2026-03;2026;03;Aveiro;Santa Maria da Feira;ACC;5;01;0109;010901
2026-03;2026;03;Viseu;Armamar;ACC;1;18;1801;180120
2026-03;2026;03;Aveiro;Santa Maria da Feira;ACC;1;01;0109;010902
2026-03;2026;03;Guarda;Guarda;ACC;1;09;0907;090706
2026-03;2026;03;Porto;Vila do Conde;ACC;3;13;1316;131602
2026-03;2026;03;Aveiro;Estarreja;ACC;1;01;0108;010801
2026-03;2026;03;Aveiro;Anadia;ACC;1;01;0103;010305
2026-03;2026;03;Porto;Vila do Conde;ACC;2;13;1316;131603
2026-03;2026;03;Lisboa;Lisboa;ACC;1;11;1106;110657
2026-03;2026;03;Porto;Vila Nova de Gaia;ACC;1;13;1317;131702
2026-03;2026;03;Leiria;Alcobaça;ACC;1;10;1001;100104
2026-03;2026;03;Lisboa;Lisboa;ACC;3;11;1106;110607
2026-03;2026;03;Porto;Marco de Canaveses;ACC;1;13;1307;130734
2026-03;2026;03;Beja;Odemira;ACC;1;02;0211;021116
2026-03;2026;03;Porto;Porto;CER;1;13;1312;131202
2026-03;2026;03;Vila Real;Boticas;ACC;1;17;1702;170219
2026-03;2026;03;Braga;Braga;ACC;1;03;0303;030351
2026-03;2026;03;Braga;Guimarães;ACC;2;03;0308;030807
2026-03;2026;03;Portalegre;Fronteira;ACC;1;12;1208;120801
2026-03;2026;03;Braga;Guimarães;ACC;1;03;0308;030808
2026-03;2026;03;Viseu;Nelas;ACC;1;18;1809;180901
2026-03;2026;03;Évora;Évora;ACC;1;07;0705;070515
2026-03;2026;03;Coimbra;Montemor-o-Velho;ACC;1;06;0610;061003
2026-03;2026;03;Lisboa;Lisboa;ACC;2;11;1106;110611
2026-03;2026;03;Aveiro;Oliveira de Azeméis;ACC;2;01;0113;011301
2026-03;2026;03;Leiria;Pombal;ACC;1;10;1015;101505
2026-03;2026;03;Setúbal;Grândola;ACC;1;15;1505;150505
2026-03;2026;03;Porto;Paços de Ferreira;ACC;4;13;1309;130902
2026-03;2026;03;Viana do Castelo;Viana do Castelo;ACC;1;16;1609;160910
2026-03;2026;03;Setúbal;Santiago do Cacém;ACC;1;15;1509;150903
2026-03;2026;03;Porto;Maia;ACC;3;13;1306;130619
2026-03;2026;03;Viana do Castelo;Vila Nova de Cerveira;ACC;1;16;1610;161003
2026-03;2026;03;Setúbal;Seixal;ACC;9;15;1510;151005
2026-03;2026;03;Évora;Reguengos de Monsaraz;ACC;1;07;0711;071102
2026-03;2026;03;Viana do Castelo;Viana do Castelo;ACC;1;16;1609;160911
2026-03;2026;03;Braga;Vieira do Minho;ACC;1;03;0311;031107
2026-03;2026;03;Aveiro;Aveiro;ACC;1;01;0105;010515
2026-03;2026;03;Aveiro;Aveiro;ACC;4;01;0105;010505
2026-03;2026;03;Santarém;Almeirim;ACC;1;14;1403;140303
2026-03;2026;03;Coimbra;Cantanhede;ACC;2;06;0602;060207
2026-03;2026;03;Setúbal;Seixal;ACC;3;15;1510;151006
2026-03;2026;03;Porto;Paços de Ferreira;ACC;1;13;1309;130905
2026-03;2026;03;Guarda;Figueira de Castelo Rodrigo;ACC;1;09;0904;090408
2026-03;2026;03;Coimbra;Penacova;ACC;2;06;0613;061302
2026-03;2026;03;Vila Real;Vila Real;ACC;1;17;1714;171409
2026-03;2026;03;Viana do Castelo;Valença;ACC;1;16;1608;160805
2026-03;2026;03;Porto;Paços de Ferreira;ACC;1;13;1309;130917
2026-03;2026;03;Aveiro;Ílhavo;ACC;1;01;0110;011005
2026-03;2026;03;Porto;Paredes;CER;1;13;1310;131011
2026-03;2026;03;Porto;Vila do Conde;ACC;1;13;1316;131610
2026-03;2026;03;Leiria;Batalha;ACC;1;10;1004;100404
2026-03;2026;03;Guarda;Gouveia;ACC;1;09;0906;090625
2026-03;2026;03;Guarda;Guarda;ACC;1;09;0907;090758
2026-03;2026;03;Braga;Guimarães;ACC;1;03;0308;030823
2026-03;2026;03;Porto;Vila do Conde;ACC;1;13;1316;131611
2026-03;2026;03;Santarém;Ferreira do Zêzere;ACC;1;14;1411;141107
2026-03;2026;03;Viseu;Penalva do Castelo;ACC;2;18;1811;181105
2026-03;2026;03;Portalegre;Ponte de Sor;ACC;1;12;1213;121305
2026-03;2026;03;Braga;Guimarães;ACC;1;03;0308;030828
2026-03;2026;03;Coimbra;Penacova;ACC;2;06;0613;061304
2026-03;2026;03;Lisboa;Loures;ACC;3;11;1107;110707
2026-03;2026;03;Aveiro;Santa Maria da Feira;ACC;1;01;0109;010913
2026-03;2026;03;Porto;Amarante;ACC;1;13;1301;130121
2026-03;2026;03;Lisboa;Lisboa;ACC;6;11;1106;110618
2026-03;2026;03;Lisboa;Lisboa;CER;1;11;1106;110618
2026-03;2026;03;Porto;Vila do Conde;ACC;2;13;1316;131614
2026-03;2026;03;Coimbra;Figueira da Foz;ACC;1;06;0605;060507
2026-03;2026;03;Braga;Barcelos;ACC;2;03;0302;030245
2026-03;2026;03;Santarém;Salvaterra de Magos;ACC;3;14;1415;141502
2026-03;2026;03;Porto;Paços de Ferreira;ACC;2;13;1309;130910
2026-03;2026;03;Aveiro;Santa Maria da Feira;ACC;1;01;0109;010914
2026-03;2026;03;Coimbra;Miranda do Corvo;ACC;2;06;0609;060902
2026-03;2026;03;Bragança;Mirandela;ACC;4;04;0407;040721
2026-03;2026;03;Santarém;Alcanena;ACC;1;14;1402;140207
2026-03;2026;03;Portalegre;Monforte;ACC;1;12;1211;121102
2026-03;2026;03;Porto;Maia;ACC;5;13;1306;130609
2026-03;2026;03;Aveiro;Santa Maria da Feira;ACC;2;01;0109;010916
2026-03;2026;03;Leiria;Caldas da Rainha;ACC;1;10;1006;100608
2026-03;2026;03;Viseu;Nelas;ACC;1;18;1809;180903
2026-03;2026;03;Porto;Paços de Ferreira;ACC;1;13;1309;130918
2026-03;2026;03;Porto;Maia;CER;1;13;1306;130617
2026-03;2026;03;Coimbra;Penacova;ACC;2;06;0613;061307
2026-03;2026;03;Beja;Serpa;ACC;1;02;0213;021303
2026-03;2026;03;Setúbal;Palmela;ACC;1;15;1508;150803
2026-03;2026;03;Leiria;Pombal;ACC;5;10;1015;101509
2026-03;2026;03;Lisboa;Torres Vedras;ACC;2;11;1113;111310
2026-03;2026;03;Santarém;Cartaxo;ACC;1;14;1406;140604
2026-03;2026;03;Faro;Lagoa;ACC;1;08;0806;080604
2026-03;2026;03;Évora;Portel;ACC;1;07;0709;070905
2026-03;2026;03;Faro;Portimão;ACC;4;08;0811;081103
2026-03;2026;03;Leiria;Porto de Mós;ACC;1;10;1016;101614
2026-03;2026;03;Lisboa;Oeiras;ACC;4;11;1110;111009
2026-03;2026;03;Braga;Barcelos;ACC;2;03;0302;030261
2026-03;2026;03;Braga;Póvoa de Lanhoso;ACC;1;03;0309;030919
2026-03;2026;03;Porto;Porto;ACC;7;13;1312;131211
2026-03;2026;03;Porto;Porto;CER;1;13;1312;131211
2026-03;2026;03;Lisboa;Torres Vedras;ACC;1;11;1113;111311
2026-03;2026;03;Braga;Vila Nova de Famalicão;ACC;3;03;0312;031233
2026-03;2026;03;Viseu;Resende;ACC;2;18;1813;181311
2026-03;2026;03;Santarém;Torres Novas;ACC;1;14;1419;141910
2026-03;2026;03;Santarém;Rio Maior;ACC;2;14;1414;141408
2026-03;2026;03;Aveiro;Santa Maria da Feira;ACC;1;01;0109;010922
2026-03;2026;03;Vila Real;Vila Pouca de Aguiar;ACC;1;17;1713;171317
2026-02;2026;02;Aveiro;Vagos;ACC;1;01;0118;011814
2026-03;2026;03;Bragança;Bragança;ACC;1;04;0402;040240
2026-03;2026;03;Braga;Guimarães;ACC;1;03;0308;030858
2026-03;2026;03;Braga;Vizela;ACC;1;03;0314;031401
2026-03;2026;03;Lisboa;Lisboa;ACC;1;11;1106;110665
2026-03;2026;03;Vila Real;Chaves;ACC;1;17;1703;170350
2026-03;2026;03;Lisboa;Torres Vedras;ACC;4;11;1113;111326
2026-03;2026;03;Viana do Castelo;Viana do Castelo;ACC;1;16;1609;160928
2026-03;2026;03;Aveiro;Vagos;ACC;1;01;0118;011810
2026-03;2026;03;Coimbra;Coimbra;ACC;4;06;0603;060318
2026-03;2026;03;Évora;Évora;ACC;1;07;0705;070506
2026-03;2026;03;Faro;São Brás de Alportel;ACC;1;08;0812;081201
2026-03;2026;03;Portalegre;Campo Maior;ACC;1;12;1204;120403
2026-03;2026;03;Santarém;Entroncamento;ACC;1;14;1410;141001
2026-03;2026;03;Aveiro;Oliveira de Azeméis;ACC;1;01;0113;011318
2026-03;2026;03;Castelo Branco;Sertã;ACC;2;05;0509;050912
2026-03;2026;03;Setúbal;Sesimbra;ACC;3;15;1511;151101
2026-03;2026;03;Setúbal;Setúbal;ACC;3;15;1512;151205
2026-03;2026;03;Guarda;Sabugal;ACC;1;09;0911;091134
2026-03;2026;03;Lisboa;Arruda dos Vinhos;ACC;1;11;1102;110204
2026-03;2026;03;Viseu;Tabuaço;ACC;1;18;1819;181914
2026-03;2026;03;Braga;Vila Verde;ACC;1;03;0313;031354
2026-03;2026;03;Aveiro;Águeda;ACC;2;01;0101;010121
2026-03;2026;03;Lisboa;Oeiras;ACC;5;11;1110;111012
2026-03;2026;03;Porto;Amarante;ACC;1;13;1301;130142
2026-03;2026;03;Braga;Amares;ACC;2;03;0301;030125
2026-03;2026;03;Braga;Vieira do Minho;ACC;1;03;0311;031123
2026-03;2026;03;Braga;Esposende;ACC;1;03;0306;030616
2026-03;2026;03;Coimbra;Coimbra;ACC;1;06;0603;060333
2026-03;2026;03;Lisboa;Loures;ACC;5;11;1107;110728
2026-03;2026;03;Braga;Barcelos;ACC;3;03;0302;030293
2026-03;2026;03;Setúbal;Barreiro;ACC;1;15;1504;150410
2026-03;2026;03;Leiria;Bombarral;ACC;1;10;1005;100506
2026-03;2026;03;Braga;Braga;ACC;1;03;0303;030364
2026-03;2026;03;Braga;Guimarães;ACC;2;03;0308;030881
2026-03;2026;03;Coimbra;Cantanhede;ACC;2;06;0602;060220
2026-03;2026;03;Setúbal;Almada;ACC;3;15;1503;150313
2026-03;2026;03;Lisboa;Cascais;ACC;3;11;1105;110507
2026-03;2026;03;Lisboa;Alenquer;ACC;2;11;1101;110120
2026-03;2026;03;Porto;Porto;CER;1;13;1312;131217
2026-03;2026;03;Coimbra;Coimbra;ACC;1;06;0603;060334
2026-03;2026;03;Santarém;Coruche;ACC;2;14;1409;140909
2026-03;2026;03;Castelo Branco;Covilhã;ACC;4;05;0503;050335
2026-03;2026;03;Coimbra;Coimbra;ACC;2;06;0603;060335
2026-03;2026;03;Braga;Braga;ACC;1;03;0303;030370
2026-03;2026;03;Évora;Estremoz;ACC;6;07;0704;070414
2026-03;2026;03;Porto;Gondomar;ACC;5;13;1304;130413
2026-03;2026;03;Faro;Faro;ACC;3;08;0805;080508
2026-03;2026;03;Braga;Póvoa de Lanhoso;ACC;1;03;0309;030934
2026-03;2026;03;Porto;Gondomar;CER;1;13;1304;130415
2026-03;2026;03;Setúbal;Grândola;ACC;3;15;1505;150506
2026-03;2026;03;Bragança;Bragança;ACC;1;04;0402;040252
2026-03;2026;03;Leiria;Leiria;ACC;1;10;1009;100933
2026-03;2026;03;Porto;Lousada;ACC;1;13;1305;130530
2026-03;2026;03;Vila Real;Chaves;ACC;2;17;1703;170354
2026-03;2026;03;Porto;Vila Nova de Gaia;ACC;3;13;1317;131727
2026-03;2026;03;Guarda;Gouveia;ACC;1;09;0906;090626
2026-03;2026;03;Braga;Braga;ACC;1;03;0303;030374
2026-03;2026;03;Braga;Braga;ACC;4;03;0303;030375
2026-03;2026;03;Coimbra;Montemor-o-Velho;ACC;1;06;0610;061016
2026-03;2026;03;Aveiro;Oliveira de Azeméis;ACC;1;01;0113;011320
2026-03;2026;03;Braga;Braga;ACC;2;03;0303;030378
2026-03;2026;03;Coimbra;Oliveira do Hospital;ACC;2;06;0611;061124
2026-03;2026;03;Braga;Guimarães;ACC;2;03;0308;030884
2026-03;2026;03;Viseu;Santa Comba Dão;ACC;1;18;1814;181410
2026-03;2026;03;Setúbal;Barreiro;ACC;2;15;1504;150411
2026-03;2026;03;Leiria;Leiria;ACC;2;10;1009;100937
2026-03;2026;03;Setúbal;Palmela;ACC;3;15;1508;150806
2026-03;2026;03;Porto;Póvoa de Varzim;ACC;1;13;1313;131315
2026-03;2026;03;Viana do Castelo;Melgaço;ACC;1;16;1603;160322
2026-03;2026;03;Castelo Branco;Proença-a-Nova;ACC;2;05;0508;050807
2026-03;2026;03;Lisboa;Odivelas;ACC;1;11;1116;111609
2026-03;2026;03;Lisboa;Sintra;ACC;3;11;1111;111126
2026-03;2026;03;Portalegre;Portalegre;ACC;1;12;1214;121413
2026-03;2026;03;Santarém;Santarém;ACC;1;14;1416;141632
2026-03;2026;03;Braga;Guimarães;ACC;1;03;0308;030886
2026-03;2026;03;Porto;Vila Nova de Gaia;ACC;1;13;1317;131729
2026-03;2026;03;Coimbra;Coimbra;ACC;2;06;0603;060336
2026-03;2026;03;Lisboa;Loures;ACC;3;11;1107;110729
2026-03;2026;03;Aveiro;Santa Maria da Feira;ACC;1;01;0109;010936
2026-03;2026;03;Coimbra;Condeixa-a-Nova;ACC;1;06;0604;060412
2026-03;2026;03;Bragança;Bragança;ACC;1;04;0402;040257
2026-03;2026;03;Viseu;Tarouca;ACC;2;18;1820;182013
2026-03;2026;03;Leiria;Caldas da Rainha;ACC;2;10;1006;100619
2026-03;2026;03;Aveiro;Águeda;ACC;1;01;0101;010125
2026-03;2026;03;Braga;Celorico de Basto;ACC;1;03;0305;030527
2026-03;2026;03;Braga;Braga;ACC;1;03;0303;030381
2026-03;2026;03;Porto;Felgueiras;ACC;1;13;1303;130341
2026-03;2026;03;Beja;Serpa;ACC;1;02;0213;021309
2026-03;2026;03;Lisboa;Mafra;ACC;2;11;1109;110922
2026-03;2026;03;Viana do Castelo;Arcos de Valdevez;ACC;1;16;1601;160149
2026-03;2026;03;Lisboa;Azambuja;ACC;1;11;1103;110306
2026-03;2026;03;Porto;Valongo;ACC;4;13;1315;131505
2026-03;2026;03;Porto;Amarante;ACC;1;13;1301;130139
2026-03;2026;03;Aveiro;Oliveira de Azeméis;ACC;3;01;0113;011319
2026-03;2026;03;Castelo Branco;Vila de Rei;ACC;1;05;0510;051003
2026-03;2026;03;Vila Real;Mesão Frio;ACC;1;17;1704;170407
2026-03;2026;03;Santarém;Vila Nova da Barquinha;ACC;1;14;1420;142006
2026-03;2026;03;Porto;Vila do Conde;ACC;2;13;1316;131630
2026-03;2026;03;Vila Real;Vila Real;ACC;2;17;1714;171438
2026-03;2026;03;Braga;Barcelos;ACC;1;03;0302;030287
2026-03;2026;03;Porto;Paredes;ACC;2;13;1310;131024
2026-03;2026;03;Viseu;Viseu;ACC;1;18;1823;182341
2026-04;2026;04;Viseu;Viseu;ACC;1;18;1823;182301
2026-04;2026;04;Braga;Braga;ACC;5;03;0303;030301
2026-04;2026;04;Évora;Viana do Alentejo;ACC;1;07;0713;071301
2026-04;2026;04;Guarda;Guarda;ACC;1;09;0907;090703
2026-04;2026;04;Lisboa;Amadora;ACC;3;11;1115;111512
2026-04;2026;04;Setúbal;Moita;ACC;3;15;1506;150601
2026-04;2026;04;Santarém;Alpiarça;ACC;1;14;1404;140401
2026-04;2026;04;Aveiro;Arouca;ACC;1;01;0104;010402
2026-04;2026;04;Coimbra;Góis;ACC;1;06;0606;060601
2026-04;2026;04;Braga;Barcelos;ACC;1;03;0302;030208
2026-04;2026;04;Setúbal;Seixal;ACC;5;15;1510;151002
2026-04;2026;04;Viana do Castelo;Ponte de Lima;ACC;1;16;1607;160701
2026-04;2026;04;Viana do Castelo;Viana do Castelo;ACC;1;16;1609;160904
2026-04;2026;04;Évora;Estremoz;ACC;1;07;0704;070401
2026-04;2026;04;Braga;Barcelos;ACC;1;03;0302;030209
2026-04;2026;04;Porto;Vila Nova de Gaia;ACC;2;13;1317;131701
2026-04;2026;04;Viseu;Armamar;ACC;1;18;1801;180120
2026-04;2026;04;Leiria;Peniche;ACC;1;10;1014;101402
2026-04;2026;04;Aveiro;Estarreja;ACC;1;01;0108;010801
2026-04;2026;04;Porto;Vila Nova de Gaia;ACC;1;13;1317;131702
2026-04;2026;04;Portalegre;Avis;ACC;1;12;1203;120303
2026-04;2026;04;Leiria;Alcobaça;ACC;1;10;1001;100104
2026-04;2026;04;Vila Real;Boticas;ACC;1;17;1702;170203
2026-04;2026;04;Porto;Marco de Canaveses;ACC;1;13;1307;130734
2026-04;2026;04;Beja;Odemira;ACC;1;02;0211;021116
2026-04;2026;04;Faro;Loulé;ACC;1;08;0808;080804
2026-04;2026;04;Vila Real;Vila Pouca de Aguiar;ACC;1;17;1713;171303
2026-04;2026;04;Braga;Guimarães;ACC;2;03;0308;030807
2026-04;2026;04;Lisboa;Loures;ACC;1;11;1107;110702
2026-04;2026;04;Aveiro;Murtosa;ACC;2;01;0112;011201
2026-04;2026;04;Braga;Guimarães;ACC;1;03;0308;030808
2026-04;2026;04;Viana do Castelo;Ponte de Lima;ACC;1;16;1607;160713
2026-04;2026;04;Viseu;Nelas;ACC;1;18;1809;180901
2026-04;2026;04;Évora;Évora;ACC;1;07;0705;070515
2026-04;2026;04;Porto;Vila Nova de Gaia;ACC;3;13;1317;131703
2026-04;2026;04;Lisboa;Lisboa;ACC;3;11;1106;110611
2026-04;2026;04;Bragança;Carrazeda de Ansiães;ACC;2;04;0403;040304
2026-04;2026;04;Setúbal;Grândola;ACC;1;15;1505;150505
2026-04;2026;04;Porto;Paços de Ferreira;ACC;4;13;1309;130902
2026-04;2026;04;Porto;Maia;ACC;8;13;1306;130618
2026-04;2026;04;Viana do Castelo;Viana do Castelo;ACC;1;16;1609;160910
2026-04;2026;04;Viseu;Castro daire;ACC;1;18;1803;180304
2026-04;2026;04;Vila Real;Sabrosa;ACC;1;17;1710;171001
2026-04;2026;04;Évora;Reguengos de Monsaraz;ACC;1;07;0711;071102
2026-04;2026;04;Porto;Paredes;CER;1;13;1310;131009
2026-04;2026;04;Viana do Castelo;Viana do Castelo;ACC;1;16;1609;160911
2026-04;2026;04;Braga;Vieira do Minho;ACC;1;03;0311;031107
2026-04;2026;04;Porto;Valongo;CER;1;13;1315;131503
2026-04;2026;04;Aveiro;Aveiro;ACC;4;01;0105;010505
2026-04;2026;04;Aveiro;Ovar;ACC;1;01;0115;011503
2026-04;2026;04;Porto;Póvoa de Varzim;ACC;1;13;1313;131307
2026-04;2026;04;Leiria;Alcobaça;ACC;1;10;1001;100108
2026-04;2026;04;Braga;Fafe;ACC;3;03;0307;030709
2026-04;2026;04;Aveiro;Oliveira de Azeméis;ACC;1;01;0113;011303
2026-04;2026;04;Lisboa;Amadora;ACC;2;11;1115;111515
2026-04;2026;04;Santarém;Almeirim;ACC;1;14;1403;140303
2026-04;2026;04;Viana do Castelo;Ponte de Lima;ACC;1;16;1607;160719
2026-04;2026;04;Setúbal;Seixal;ACC;3;15;1510;151006
2026-04;2026;04;Porto;Paços de Ferreira;ACC;1;13;1309;130905
2026-04;2026;04;Castelo Branco;Covilhã;ACC;1;05;0503;050311
2026-04;2026;04;Porto;Maia;ACC;1;13;1306;130603
2026-04;2026;04;Viana do Castelo;Valença;ACC;1;16;1608;160805
2026-04;2026;04;Aveiro;Santa Maria da Feira;ACC;1;01;0109;010908
2026-04;2026;04;Guarda;Fornos de Algodres;ACC;1;09;0905;090505
2026-04;2026;04;Porto;Paços de Ferreira;ACC;1;13;1309;130917
2026-04;2026;04;Porto;Paços de Ferreira;ACC;1;13;1309;130908
2026-04;2026;04;Leiria;Óbidos;ACC;1;10;1012;101208
2026-04;2026;04;Santarém;Golegã;ACC;1;14;1412;141202
2026-04;2026;04;Leiria;Batalha;ACC;1;10;1004;100404
2026-04;2026;04;Braga;Braga;ACC;1;03;0303;030319
2026-04;2026;04;Porto;Penafiel;ACC;1;13;1311;131141
2026-04;2026;04;Aveiro;Ílhavo;ACC;3;01;0110;011008
2026-04;2026;04;Braga;Vila Nova de Famalicão;ACC;1;03;0312;031219
2026-04;2026;04;Braga;Vila Verde;ACC;1;03;0313;031323
2026-04;2026;04;Castelo Branco;Castelo Branco;ACC;1;05;0502;050211
2026-04;2026;04;Porto;Póvoa de Varzim;ACC;1;13;1313;131308
2026-04;2026;04;Portalegre;Ponte de Sor;ACC;1;12;1213;121305
2026-04;2026;04;Bragança;Macedo de Cavaleiros;ACC;1;04;0405;040520
2026-04;2026;04;Leiria;Marinha Grande;ACC;5;10;1010;101001
2026-04;2026;04;Bragança;Mirandela;ACC;1;04;0407;040720
2026-04;2026;04;Porto;Paços de Ferreira;ACC;2;13;1309;130910
2026-04;2026;04;Lisboa;Amadora;ACC;2;11;1115;111516
2026-04;2026;04;Lisboa;Lisboa;ACC;2;11;1106;110661
2026-04;2026;04;Portalegre;Monforte;ACC;1;12;1211;121102
2026-04;2026;04;Santarém;Constância;ACC;1;14;1408;140802
2026-04;2026;04;Évora;Mora;ACC;2;07;0707;070703
2026-04;2026;04;Braga;Guimarães;ACC;1;03;0308;030831
2026-04;2026;04;Viseu;Nelas;ACC;1;18;1809;180903
2026-04;2026;04;Braga;Guimarães;ACC;2;03;0308;030832
2026-04;2026;04;Porto;Lousada;ACC;1;13;1305;130515
2026-04;2026;04;Beja;Beja;ACC;1;02;0205;020506
2026-04;2026;04;Beja;Ourique;ACC;1;02;0212;021203
2026-04;2026;04;Porto;Paços de Ferreira;ACC;2;13;1309;130918
2026-04;2026;04;Braga;Braga;CER;1;03;0303;030331
2026-04;2026;04;Porto;Porto;ACC;1;13;1312;131210
2026-04;2026;04;Porto;Paredes;ACC;4;13;1310;131025
2026-04;2026;04;Porto;Maia;CER;1;13;1306;130617
2026-04;2026;04;Leiria;Pombal;ACC;2;10;1015;101508
2026-04;2026;04;Bragança;Mogadouro;ACC;1;04;0408;040812
2026-04;2026;04;Santarém;Santarém;ACC;1;14;1416;141614
2026-04;2026;04;Braga;Póvoa de Lanhoso;ACC;1;03;0309;030919
2026-04;2026;04;Setúbal;Sesimbra;ACC;3;15;1511;151103
2026-04;2026;04;Santarém;Torres Novas;ACC;1;14;1419;141910
2026-04;2026;04;Évora;Borba;ACC;1;07;0703;070303
2026-04;2026;04;Leiria;Bombarral;ACC;1;10;1005;100503
2026-04;2026;04;Aveiro;Santa Maria da Feira;ACC;1;01;0109;010922
2026-04;2026;04;Setúbal;Setúbal;ACC;1;15;1512;151208
2026-04;2026;04;Porto;Marco de Canaveses;ACC;1;13;1307;130739
2026-04;2026;04;Braga;Vizela;ACC;1;03;0314;031401
2026-04;2026;04;Aveiro;Santa Maria da Feira;ACC;3;01;0109;010925
2026-04;2026;04;Vila Real;Chaves;ACC;1;17;1703;170350
2026-04;2026;04;Lisboa;Torres Vedras;ACC;5;11;1113;111326
2026-04;2026;04;Évora;Alandroal;ACC;1;07;0701;070103
2026-04;2026;04;Aveiro;Vagos;ACC;1;01;0118;011810
2026-04;2026;04;Lisboa;Lisboa;ACC;4;11;1106;110639
2026-04;2026;04;Aveiro;Santa Maria da Feira;ACC;2;01;0109;010926
2026-04;2026;04;Aveiro;Santa Maria da Feira;ACC;2;01;0109;010918
2026-04;2026;04;Viana do Castelo;Viana do Castelo;ACC;3;16;1609;160923
2026-04;2026;04;Braga;Guimarães;ACC;2;03;0308;030854
2026-04;2026;04;Castelo Branco;Sertã;ACC;2;05;0509;050912
2026-04;2026;04;Setúbal;Sesimbra;ACC;3;15;1511;151101
2026-04;2026;04;Setúbal;Setúbal;ACC;3;15;1512;151205
2026-04;2026;04;Lisboa;Sobral de Monte Agraço;ACC;1;11;1112;111203
2026-04;2026;04;Aveiro;Sever do Vouga;ACC;1;01;0117;011708
2026-04;2026;04;Braga;Barcelos;ACC;1;03;0302;030277
2026-04;2026;04;Porto;Amarante;ACC;1;13;1301;130135
2026-04;2026;04;Lisboa;Sintra;ACC;2;11;1111;111122
2026-04;2026;04;Porto;Amarante;ACC;1;13;1301;130142
2026-04;2026;04;Braga;Amares;ACC;2;03;0301;030125
2026-04;2026;04;Braga;Vieira do Minho;ACC;1;03;0311;031123
2026-04;2026;04;Porto;Póvoa de Varzim;ACC;1;13;1313;131313
2026-04;2026;04;Évora;Évora;ACC;1;07;0705;070522
2026-04;2026;04;Aveiro;Estarreja;ACC;1;01;0108;010808
2026-04;2026;04;Beja;Beja;ACC;2;02;0205;020521
2026-04;2026;04;Lisboa;Loures;ACC;2;11;1107;110731
2026-04;2026;04;Porto;Valongo;CER;1;13;1315;131506
2026-04;2026;04;Braga;Guimarães;ACC;3;03;0308;030881
2026-04;2026;04;Aveiro;Santa Maria da Feira;ACC;1;01;0109;010933
2026-04;2026;04;Setúbal;Almada;ACC;4;15;1503;150313
2026-04;2026;04;Lisboa;Vila Franca de Xira;ACC;1;11;1114;111414
2026-04;2026;04;Beja;Castro Verde;ACC;2;02;0206;020606
2026-04;2026;04;Porto;Porto;CER;1;13;1312;131217
2026-04;2026;04;Braga;Braga;ACC;4;03;0303;030367
2026-04;2026;04;Santarém;Chamusca;ACC;2;14;1407;140708
2026-04;2026;04;Setúbal;Almada;ACC;6;15;1503;150314
2026-04;2026;04;Santarém;Coruche;ACC;2;14;1409;140909
2026-04;2026;04;Porto;Lousada;ACC;3;13;1305;130528
2026-04;2026;04;Coimbra;Coimbra;ACC;3;06;0603;060335
2026-04;2026;04;Castelo Branco;Castelo Branco;ACC;1;05;0502;050228
2026-04;2026;04;Braga;Esposende;ACC;5;03;0306;030618
2026-04;2026;04;Braga;Vila Verde;ACC;1;03;0313;031363
2026-04;2026;04;Évora;Estremoz;ACC;6;07;0704;070414
2026-04;2026;04;Faro;Faro;ACC;3;08;0805;080508
2026-04;2026;04;Porto;Lousada;ACC;1;13;1305;130529
2026-04;2026;04;Leiria;Figueiró dos Vinhos;ACC;4;10;1008;100806
2026-04;2026;04;Porto;Gondomar;ACC;1;13;1304;130414
2026-04;2026;04;Castelo Branco;Fundão;ACC;3;05;0504;050434
2026-04;2026;04;Viana do Castelo;Viana do Castelo;ACC;1;16;1609;160943
2026-04;2026;04;Porto;Gondomar;ACC;2;13;1304;130415
2026-04;2026;04;Porto;Gondomar;CER;1;13;1304;130415
2026-04;2026;04;Porto;Vila Nova de Gaia;ACC;2;13;1317;131725
2026-04;2026;04;Porto;Vila Nova de Gaia;ACC;1;13;1317;131726
2026-04;2026;04;Bragança;Bragança;ACC;1;04;0402;040252
2026-04;2026;04;Faro;Lagoa;ACC;1;08;0806;080608
2026-04;2026;04;Vila Real;Santa Marta de Penaguião;ACC;1;17;1711;171111
2026-04;2026;04;Porto;Porto;ACC;2;13;1312;131218
2026-04;2026;04;Porto;Lousada;ACC;2;13;1305;130530
2026-04;2026;04;Faro;Tavira;ACC;1;08;0814;081411
2026-04;2026;04;Vila Real;Chaves;ACC;2;17;1703;170354
2026-04;2026;04;Santarém;Alcanena;ACC;1;14;1402;140212
2026-04;2026;04;Porto;Felgueiras;ACC;3;13;1303;130335
2026-04;2026;04;Lisboa;Torres Vedras;ACC;1;11;1113;111325
2026-04;2026;04;Guarda;Gouveia;ACC;1;09;0906;090626
2026-04;2026;04;Braga;Braga;ACC;1;03;0303;030374
2026-04;2026;04;Braga;Braga;ACC;4;03;0303;030375
2026-04;2026;04;Vila Real;Montalegre;ACC;1;17;1706;170638
2026-04;2026;04;Coimbra;Montemor-o-Velho;ACC;1;06;0610;061016
2026-04;2026;04;Castelo Branco;Castelo Branco;ACC;1;05;0502;050230
2026-04;2026;04;Évora;Évora;ACC;1;07;0705;070525
2026-04;2026;04;Évora;Montemor-o-Novo;ACC;5;07;0706;070612
2026-04;2026;04;Aveiro;Oliveira de Azeméis;ACC;4;01;0113;011321
2026-04;2026;04;Coimbra;Oliveira do Hospital;ACC;2;06;0611;061124
2026-04;2026;04;Coimbra;Penacova;ACC;1;06;0613;061313
2026-04;2026;04;Viseu;Santa Comba Dão;ACC;1;18;1814;181410
2026-04;2026;04;Aveiro;Oliveira de Azeméis;ACC;1;01;0113;011322
2026-04;2026;04;Porto;Vila Nova de Gaia;ACC;3;13;1317;131728
2026-04;2026;04;Lisboa;Odivelas;ACC;7;11;1116;111608
2026-04;2026;04;Porto;Póvoa de Varzim;ACC;1;13;1313;131315
2026-04;2026;04;Castelo Branco;Proença-a-Nova;ACC;2;05;0508;050807
2026-04;2026;04;Lisboa;Odivelas;ACC;1;11;1116;111609
2026-04;2026;04;Lisboa;Sintra;ACC;3;11;1111;111126
2026-04;2026;04;Lisboa;Odivelas;ACC;2;11;1116;111610
2026-04;2026;04;Portalegre;Portalegre;ACC;1;12;1214;121413
2026-04;2026;04;Braga;Vila Verde;ACC;1;03;0313;031367
2026-04;2026;04;Coimbra;Coimbra;ACC;2;06;0603;060336
2026-04;2026;04;Porto;Santo Tirso;ACC;4;13;1314;131437
2026-04;2026;04;Viseu;Mangualde;ACC;1;18;1806;180621
2026-04;2026;04;Setúbal;Seixal;ACC;8;15;1510;151007
2026-04;2026;04;Braga;Guimarães;ACC;1;03;0308;030889
2026-04;2026;04;Setúbal;Setúbal;ACC;5;15;1512;151210
2026-04;2026;04;Coimbra;Penela;ACC;2;06;0614;061407
2026-04;2026;04;Faro;Tavira;ACC;2;08;0814;081412
2026-04;2026;04;Santarém;Torres Novas;ACC;1;14;1419;141921
2026-04;2026;04;Leiria;Caldas da Rainha;ACC;2;10;1006;100619
2026-04;2026;04;Braga;Celorico de Basto;ACC;1;03;0305;030527
2026-04;2026;04;Viana do Castelo;Vila Nova de Cerveira;ACC;2;16;1610;161019
2026-04;2026;04;Braga;Vila Nova de Famalicão;ACC;6;03;0312;031260
2026-04;2026;04;Lisboa;Mafra;ACC;3;11;1109;110922
2026-04;2026;04;Braga;Guimarães;ACC;1;03;0308;030871
2026-04;2026;04;Leiria;Nazaré;ACC;1;10;1011;101103
2026-04;2026;04;Viana do Castelo;Arcos de Valdevez;ACC;1;16;1601;160149
2026-04;2026;04;Porto;Valongo;ACC;4;13;1315;131505
2026-04;2026;04;Viseu;Lamego;ACC;1;18;1805;180523
2026-04;2026;04;Aveiro;Oliveira de Azeméis;ACC;3;01;0113;011319
2026-04;2026;04;Braga;Vila Verde;ACC;3;03;0313;031342
2026-04;2026;04;Viana do Castelo;Viana do Castelo;ACC;1;16;1609;160938
2026-04;2026;04;Castelo Branco;Vila de Rei;ACC;1;05;0510;051003
2026-04;2026;04;Porto;Vila do Conde;ACC;3;13;1316;131628
2026-04;2026;04;Vila Real;Mesão Frio;ACC;1;17;1704;170407
2026-04;2026;04;Porto;Amarante;ACC;1;13;1301;130147
2026-04;2026;04;Porto;Maia;ACC;1;13;1306;130616
2026-04;2026;04;Lisboa;Cadaval;ACC;1;11;1104;110410
2026-04;2026;04;Faro;Vila Real de Santo António;ACC;3;08;0816;081602
2026-04;2026;04;Castelo Branco;Vila Velha de Ródão;ACC;1;05;0511;051104
2026-04;2026;04;Porto;Paredes;ACC;2;13;1310;131024
2026-04;2026;04;Bragança;Vimioso;ACC;1;04;0411;041114
2026-04;2026;04;Viseu;Viseu;ACC;1;18;1823;182341
2025-10;2025;10;Viseu;Viseu;ACC;1;18;1823;182301
2025-10;2025;10;Porto;Felgueiras;ACC;1;13;1303;130302
2025-10;2025;10;Faro;Albufeira;ACC;1;08;0801;080106
2025-10;2025;10;Évora;Viana do Alentejo;ACC;1;07;0713;071301
2025-10;2025;10;Santarém;Rio Maior;ACC;3;14;1414;141401
2025-10;2025;10;Leiria;Alcobaça;ACC;1;10;1001;100102
2025-10;2025;10;Porto;Valongo;ACC;4;13;1315;131501
2025-10;2025;10;Lisboa;Amadora;ACC;2;11;1115;111512
2025-10;2025;10;Santarém;Almeirim;ACC;1;14;1403;140301
2025-10;2025;10;Coimbra;Góis;ACC;1;06;0606;060601
2025-10;2025;10;Braga;Barcelos;ACC;1;03;0302;030209
2025-10;2025;10;Viseu;Moimenta da Beira;ACC;1;18;1807;180703
2025-10;2025;10;Faro;Silves;ACC;1;08;0813;081303
2025-10;2025;10;Braga;Fafe;ACC;1;03;0307;030726
2025-10;2025;10;Braga;Fafe;ACC;1;03;0307;030730
2025-10;2025;10;Leiria;Leiria;ACC;2;10;1009;100902
2025-10;2025;10;Lisboa;Arruda dos Vinhos;ACC;2;11;1102;110202
2025-10;2025;10;Lisboa;Azambuja;ACC;1;11;1103;110304
2025-10;2025;10;Leiria;Alcobaça;ACC;1;10;1001;100104
2025-10;2025;10;Porto;Marco de Canaveses;ACC;1;13;1307;130734
2025-10;2025;10;Santarém;Benavente;ACC;2;14;1405;140501
2025-10;2025;10;Évora;Borba;ACC;1;07;0703;070301
2025-10;2025;10;Faro;Aljezur;ACC;1;08;0803;080302
2025-10;2025;10;Vila Real;Vila Pouca de Aguiar;ACC;1;17;1713;171303
2025-10;2025;10;Aveiro;Murtosa;ACC;2;01;0112;011201
2025-10;2025;10;Braga;Guimarães;ACC;1;03;0308;030808
2025-10;2025;10;Viseu;Nelas;ACC;1;18;1809;180901
2025-10;2025;10;Leiria;Leiria;ACC;3;10;1009;100907
2025-10;2025;10;Coimbra;Montemor-o-Velho;ACC;1;06;0610;061003
2025-10;2025;10;Leiria;Pombal;ACC;1;10;1015;101505
2025-10;2025;10;Coimbra;Coimbra;ACC;1;06;0603;060312
2025-10;2025;10;Viana do Castelo;Vila Nova de Cerveira;ACC;1;16;1610;161003
2025-10;2025;10;Aveiro;Ovar;ACC;1;01;0115;011502
2025-10;2025;10;Braga;Vila Nova de Famalicão;ACC;2;03;0312;031213
2025-10;2025;10;Braga;Vieira do Minho;ACC;1;03;0311;031107
2025-10;2025;10;Aveiro;Aveiro;ACC;1;01;0105;010515
2025-10;2025;10;Porto;Valongo;ACC;4;13;1315;131503
2025-10;2025;10;Aveiro;Aveiro;ACC;2;01;0105;010505
2025-10;2025;10;Porto;Póvoa de Varzim;ACC;1;13;1313;131307
2025-10;2025;10;Braga;Fafe;ACC;1;03;0307;030708
2025-10;2025;10;Leiria;Alcobaça;ACC;1;10;1001;100108
2025-10;2025;10;Braga;Fafe;ACC;2;03;0307;030709
2025-10;2025;10;Aveiro;Oliveira de Azeméis;ACC;1;01;0113;011303
2025-10;2025;10;Castelo Branco;Covilhã;ACC;1;05;0503;050311
2025-10;2025;10;Vila Real;Vila Real;ACC;1;17;1714;171409
2025-10;2025;10;Viana do Castelo;Valença;ACC;1;16;1608;160805
2025-10;2025;10;Portalegre;Portalegre;ACC;1;12;1214;121404
2025-10;2025;10;Braga;Vila Verde;ACC;1;03;0313;031316
2025-10;2025;10;Leiria;Óbidos;ACC;1;10;1012;101208
2025-10;2025;10;Porto;Vila do Conde;ACC;1;13;1316;131610
2025-10;2025;10;Aveiro;Ílhavo;ACC;2;01;0110;011008
2025-10;2025;10;Braga;Guimarães;ACC;1;03;0308;030828
2025-10;2025;10;Faro;Loulé;ACC;2;08;0808;080808
2025-10;2025;10;Faro;Loulé;ACC;1;08;0808;080809
2025-10;2025;10;Lisboa;Loures;ACC;1;11;1107;110707
2025-10;2025;10;Lisboa;Lisboa;ACC;3;11;1106;110618
2025-10;2025;10;Santarém;Salvaterra de Magos;ACC;3;14;1415;141502
2025-10;2025;10;Bragança;Mirandela;ACC;1;04;0407;040720
2025-10;2025;10;Porto;Paços de Ferreira;ACC;1;13;1309;130910
2025-10;2025;10;Porto;Maia;ACC;1;13;1306;130608
2025-10;2025;10;Bragança;Miranda do douro;ACC;1;04;0406;040608
2025-10;2025;10;Lisboa;Lisboa;ACC;2;11;1106;110661
2025-10;2025;10;Porto;Santo Tirso;ACC;1;13;1314;131413
2025-10;2025;10;Porto;Maia;ACC;4;13;1306;130609
2025-10;2025;10;Aveiro;Santa Maria da Feira;ACC;1;01;0109;010916
2025-10;2025;10;Porto;Lousada;ACC;1;13;1305;130515
2025-10;2025;10;Santarém;Ourém;ACC;2;14;1421;142115
2025-10;2025;10;Santarém;Entroncamento;ACC;1;14;1410;141002
2025-10;2025;10;Évora;Vila Viçosa;ACC;2;07;0714;071406
2025-10;2025;10;Aveiro;Santa Maria da Feira;ACC;2;01;0109;010919
2025-10;2025;10;Porto;Paços de Ferreira;ACC;1;13;1309;130918
2025-10;2025;10;Braga;Braga;ACC;2;03;0303;030331
2025-10;2025;10;Lisboa;Lisboa;ACC;2;11;1106;110662
2025-10;2025;10;Porto;Penafiel;ACC;1;13;1311;131139
2025-10;2025;10;Leiria;Peniche;ACC;1;10;1014;101407
2025-10;2025;10;Braga;Guimarães;ACC;2;03;0308;030837
2025-10;2025;10;Lisboa;Torres Vedras;ACC;2;11;1113;111310
2025-10;2025;10;Braga;Barcelos;ACC;2;03;0302;030261
2025-10;2025;10;Braga;Póvoa de Lanhoso;ACC;1;03;0309;030919
2025-10;2025;10;Beja;Moura;ACC;1;02;0210;021002
2025-10;2025;10;Faro;Loulé;ACC;2;08;0808;080805
2025-10;2025;10;Setúbal;Sesimbra;ACC;1;15;1511;151103
2025-10;2025;10;Viseu;Resende;ACC;2;18;1813;181311
2025-10;2025;10;Viseu;Viseu;ACC;2;18;1823;182323
2025-10;2025;10;Porto;Penafiel;ACC;2;13;1311;131129
2025-10;2025;10;Santarém;Benavente;ACC;1;14;1405;140502
2025-10;2025;10;Viana do Castelo;Viana do Castelo;ACC;1;16;1609;160928
2025-10;2025;10;Faro;Silves;ACC;2;08;0813;081305
2025-10;2025;10;Leiria;Porto de Mós;ACC;1;10;1016;101610
2025-10;2025;10;Lisboa;Lisboa;ACC;2;11;1106;110639
2025-10;2025;10;Porto;Vila Nova de Gaia;ACC;4;13;1317;131717
2025-10;2025;10;Portalegre;Castelo de Vide;ACC;1;12;1205;120504
2025-10;2025;10;Aveiro;Santa Maria da Feira;ACC;2;01;0109;010918
2025-10;2025;10;Lisboa;Torres Vedras;ACC;2;11;1113;111314
2025-10;2025;10;Viana do Castelo;Valença;ACC;1;16;1608;160812
2025-10;2025;10;Viana do Castelo;Viana do Castelo;ACC;2;16;1609;160923
2025-10;2025;10;Santarém;Sardoal;ACC;1;14;1417;141703
2025-10;2025;10;Viseu;Sátão;ACC;1;18;1817;181710
2025-10;2025;10;Braga;Guimarães;ACC;1;03;0308;030866
2025-10;2025;10;Coimbra;Tábua;ACC;2;06;0616;061614
2025-10;2025;10;Porto;Amarante;ACC;1;13;1301;130135
2025-10;2025;10;Viana do Castelo;Monção;ACC;1;16;1604;160431
2025-10;2025;10;Porto;Póvoa de Varzim;ACC;1;13;1313;131314
2025-10;2025;10;Santarém;Alcanena;ACC;1;14;1402;140211
2025-10;2025;10;Porto;Porto;ACC;1;13;1312;131216
2025-10;2025;10;Lisboa;Alenquer;ACC;1;11;1101;110119
2025-10;2025;10;Braga;Esposende;ACC;1;03;0306;030616
2025-10;2025;10;Aveiro;Arouca;ACC;1;01;0104;010421
2025-10;2025;10;Braga;Guimarães;ACC;1;03;0308;030878
2025-10;2025;10;Évora;Évora;ACC;1;07;0705;070522
2025-10;2025;10;Setúbal;Moita;ACC;3;15;1506;150607
2025-10;2025;10;Beja;Beja;ACC;4;02;0205;020520
2025-10;2025;10;Leiria;Bombarral;ACC;1;10;1005;100506
2025-10;2025;10;Aveiro;Santa Maria da Feira;ACC;1;01;0109;010932
2025-10;2025;10;Braga;Vizela;ACC;2;03;0314;031408
2025-10;2025;10;Aveiro;Santa Maria da Feira;ACC;1;01;0109;010933
2025-10;2025;10;Lisboa;Oeiras;ACC;6;11;1110;111013
2025-10;2025;10;Beja;Castro Verde;ACC;1;02;0206;020606
2025-10;2025;10;Porto;Trofa;ACC;1;13;1318;131811
2025-10;2025;10;Santarém;Coruche;ACC;1;14;1409;140909
2025-10;2025;10;Portalegre;Crato;ACC;1;12;1206;120607
2025-10;2025;10;Braga;Esposende;ACC;4;03;0306;030618
2025-10;2025;10;Braga;Braga;ACC;1;03;0303;030370
2025-10;2025;10;Faro;Lagoa;ACC;1;08;0806;080607
2025-10;2025;10;Évora;Estremoz;ACC;4;07;0704;070414
2025-10;2025;10;Porto;Lousada;ACC;1;13;1305;130529
2025-10;2025;10;Viana do Castelo;Viana do Castelo;ACC;1;16;1609;160943
2025-10;2025;10;Porto;Vila Nova de Gaia;ACC;2;13;1317;131725
2025-10;2025;10;Bragança;Bragança;ACC;1;04;0402;040252
2025-10;2025;10;Porto;Santo Tirso;ACC;1;13;1314;131436
2025-10;2025;10;Setúbal;Almada;ACC;3;15;1503;150315
2025-10;2025;10;Leiria;Leiria;ACC;1;10;1009;100933
2025-10;2025;10;Faro;Tavira;ACC;1;08;0814;081411
2025-10;2025;10;Santarém;Alcanena;ACC;1;14;1402;140212
2025-10;2025;10;Braga;Braga;ACC;4;03;0303;030375
2025-10;2025;10;Coimbra;Montemor-o-Velho;ACC;1;06;0610;061016
2025-10;2025;10;Leiria;Leiria;ACC;1;10;1009;100935
2025-10;2025;10;Leiria;Leiria;ACC;1;10;1009;100936
2025-10;2025;10;Évora;Évora;ACC;1;07;0705;070525
2025-10;2025;10;Évora;Montemor-o-Novo;ACC;2;07;0706;070612
2025-10;2025;10;Aveiro;Oliveira de Azeméis;ACC;4;01;0113;011321
2025-10;2025;10;Porto;Matosinhos;ACC;3;13;1308;130813
2025-10;2025;10;Lisboa;Odivelas;ACC;5;11;1116;111608
2025-10;2025;10;Lisboa;Odivelas;ACC;1;11;1116;111609
2025-10;2025;10;Santarém;Santarém;ACC;1;14;1416;141632
2025-10;2025;10;Lisboa;Loures;ACC;4;11;1107;110727
2025-10;2025;10;Braga;Guimarães;ACC;1;03;0308;030886
2025-10;2025;10;Braga;Guimarães;ACC;4;03;0308;030887
2025-10;2025;10;Lisboa;Loures;ACC;1;11;1107;110730
2025-10;2025;10;Lisboa;Loures;ACC;2;11;1107;110729
2025-10;2025;10;Viseu;Mangualde;ACC;1;18;1806;180621
2025-10;2025;10;Setúbal;Barreiro;ACC;3;15;1504;150409
2025-10;2025;10;Coimbra;Cantanhede;ACC;1;06;0602;060223
2025-10;2025;10;Setúbal;Setúbal;ACC;3;15;1512;151210
2025-10;2025;10;Porto;Vila Nova de Gaia;ACC;2;13;1317;131730
2025-10;2025;10;Coimbra;Penela;ACC;1;06;0614;061407
2025-10;2025;10;Setúbal;Santiago do Cacém;ACC;1;15;1509;150912
2025-10;2025;10;Leiria;Pombal;ACC;2;10;1015;101519
2025-10;2025;10;Santarém;Torres Novas;ACC;1;14;1419;141921
2025-10;2025;10;Leiria;Caldas da Rainha;ACC;2;10;1006;100619
2025-10;2025;10;Aveiro;Águeda;ACC;1;01;0101;010126
2025-10;2025;10;Beja;Serpa;ACC;1;02;0213;021309
2025-10;2025;10;Braga;Braga;ACC;1;03;0303;030313
2025-10;2025;10;Aveiro;Ílhavo;ACC;1;01;0110;011007
2025-10;2025;10;Castelo Branco;Idanha-a-Nova;ACC;1;05;0505;050505
2025-10;2025;10;Braga;Guimarães;ACC;1;03;0308;030871
2025-10;2025;10;Viana do Castelo;Arcos de Valdevez;ACC;1;16;1601;160149
2025-10;2025;10;Santarém;Cartaxo;ACC;1;14;1406;140608
2025-10;2025;10;Lisboa;Azambuja;ACC;1;11;1103;110306
2025-10;2025;10;Porto;Valongo;ACC;4;13;1315;131505
2025-10;2025;10;Viseu;Lamego;ACC;1;18;1805;180523
2025-10;2025;10;Lisboa;Amadora;ACC;2;11;1115;111517
2025-10;2025;10;Leiria;Pombal;ACC;1;10;1015;101513
2025-10;2025;10;Santarém;Cartaxo;ACC;2;14;1406;140607
2025-10;2025;10;Aveiro;Oliveira de Azeméis;ACC;3;01;0113;011319
2025-10;2025;10;Lisboa;Cadaval;ACC;1;11;1104;110410
2025-10;2025;10;Porto;Vila do Conde;ACC;1;13;1316;131630
2025-10;2025;10;Vila Real;Vila Real;ACC;2;17;1714;171438
2025-10;2025;10;Porto;Paredes;ACC;2;13;1310;131024
2025-10;2025;10;Leiria;Alcobaça;ACC;1;10;1001;100116
2025-11;2025;11;Viseu;Viseu;ACC;1;18;1823;182301
2025-11;2025;11;Braga;Braga;ACC;3;03;0303;030301
2025-11;2025;11;Aveiro;Águeda;ACC;1;01;0101;010103
2025-11;2025;11;Lisboa;Amadora;ACC;1;11;1115;111513
2025-11;2025;11;Porto;Felgueiras;ACC;1;13;1303;130302
2025-11;2025;11;Évora;Viana do Alentejo;ACC;1;07;0713;071301
2025-11;2025;11;Lisboa;Lisboa;ACC;2;11;1106;110602
2025-11;2025;11;Faro;Aljezur;ACC;1;08;0803;080301
2025-11;2025;11;Santarém;Almeirim;ACC;1;14;1403;140301
2025-11;2025;11;Braga;Barcelos;ACC;1;03;0302;030208
2025-11;2025;11;Setúbal;Seixal;ACC;4;15;1510;151002
2025-11;2025;11;Évora;Estremoz;ACC;1;07;0704;070401
2025-11;2025;11;Porto;Vila Nova de Gaia;ACC;2;13;1317;131701
2025-11;2025;11;Viseu;Moimenta da Beira;ACC;1;18;1807;180703
2025-11;2025;11;Évora;Arraiolos;ACC;2;07;0702;070201
2025-11;2025;11;Guarda;Guarda;ACC;1;09;0907;090706
2025-11;2025;11;Porto;Paredes;ACC;1;13;1310;131002
2025-11;2025;11;Lisboa;Lisboa;ACC;1;11;1106;110657
2025-11;2025;11;Porto;Vila Nova de Gaia;ACC;1;13;1317;131702
2025-11;2025;11;Porto;Gondomar;ACC;4;13;1304;130412
2025-11;2025;11;Lisboa;Oeiras;ACC;3;11;1110;111002
2025-11;2025;11;Leiria;Alcobaça;ACC;1;10;1001;100104
2025-11;2025;11;Lisboa;Lisboa;ACC;1;11;1106;110658
2025-11;2025;11;Évora;Borba;ACC;1;07;0703;070301
2025-11;2025;11;Vila Real;Boticas;ACC;1;17;1702;170219
2025-11;2025;11;Braga;Guimarães;ACC;1;03;0308;030808
2025-11;2025;11;Viana do Castelo;Ponte de Lima;ACC;1;16;1607;160713
2025-11;2025;11;Porto;Vila Nova de Gaia;ACC;2;13;1317;131704
2025-11;2025;11;Coimbra;Montemor-o-Velho;ACC;1;06;0610;061003
2025-11;2025;11;Lisboa;Lisboa;ACC;2;11;1106;110611
2025-11;2025;11;Aveiro;Oliveira de Azeméis;ACC;2;01;0113;011301
2025-11;2025;11;Viana do Castelo;Viana do Castelo;ACC;1;16;1609;160910
2025-11;2025;11;Santarém;Ourém;ACC;1;14;1421;142104
2025-11;2025;11;Porto;Maia;ACC;2;13;1306;130619
2025-11;2025;11;Viana do Castelo;Vila Nova de Cerveira;ACC;1;16;1610;161003
2025-11;2025;11;Setúbal;Seixal;ACC;8;15;1510;151005
2025-11;2025;11;Aveiro;Ovar;ACC;1;01;0115;011502
2025-11;2025;11;Porto;Paços de Ferreira;ACC;1;13;1309;130904
2025-11;2025;11;Porto;Valongo;ACC;4;13;1315;131503
2025-11;2025;11;Aveiro;Aveiro;ACC;2;01;0105;010505
2025-11;2025;11;Braga;Fafe;ACC;1;03;0307;030708
2025-11;2025;11;Lisboa;Lisboa;ACC;1;11;1106;110660
2025-11;2025;11;Leiria;Alcobaça;ACC;1;10;1001;100108
2025-11;2025;11;Aveiro;Oliveira de Azeméis;ACC;1;01;0113;011303
2025-11;2025;11;Castelo Branco;Covilhã;ACC;1;05;0503;050311
2025-11;2025;11;Guarda;Figueira de Castelo Rodrigo;ACC;1;09;0904;090408
2025-11;2025;11;Porto;Paços de Ferreira;ACC;1;13;1309;130906
2025-11;2025;11;Vila Real;Vila Real;ACC;1;17;1714;171409
2025-11;2025;11;Porto;Paços de Ferreira;ACC;1;13;1309;130917
2025-11;2025;11;Porto;Paços de Ferreira;ACC;1;13;1309;130908
2025-11;2025;11;Braga;Vila Verde;ACC;1;03;0313;031317
2025-11;2025;11;Santarém;Golegã;ACC;1;14;1412;141202
2025-11;2025;11;Viseu;Tondela;ACC;1;18;1821;182108
2025-11;2025;11;Aveiro;Ílhavo;ACC;2;01;0110;011008
2025-11;2025;11;Viseu;Penalva do Castelo;ACC;1;18;1811;181105
2025-11;2025;11;Portalegre;Ponte de Sor;ACC;1;12;1213;121305
2025-11;2025;11;Faro;Loulé;ACC;1;08;0808;080809
2025-11;2025;11;Lisboa;Loures;ACC;1;11;1107;110707
2025-11;2025;11;Lisboa;Lisboa;ACC;5;11;1106;110618
2025-11;2025;11;Braga;Barcelos;ACC;1;03;0302;030244
2025-11;2025;11;Coimbra;Figueira da Foz;ACC;1;06;0605;060507
2025-11;2025;11;Braga;Barcelos;ACC;1;03;0302;030245
2025-11;2025;11;Porto;Marco de Canaveses;ACC;4;13;1307;130736
2025-11;2025;11;Porto;Paços de Ferreira;ACC;1;13;1309;130910
2025-11;2025;11;Aveiro;Santa Maria da Feira;ACC;1;01;0109;010914
2025-11;2025;11;Porto;Santo Tirso;ACC;1;13;1314;131413
2025-11;2025;11;Braga;Guimarães;ACC;1;03;0308;030832
2025-11;2025;11;Porto;Maia;ACC;2;13;1306;130620
2025-11;2025;11;Santarém;Entroncamento;ACC;1;14;1410;141002
2025-11;2025;11;Leiria;Óbidos;ACC;1;10;1012;101203
2025-11;2025;11;Braga;Braga;ACC;2;03;0303;030331
2025-11;2025;11;Braga;Braga;CER;1;03;0303;030331
2025-11;2025;11;Setúbal;Palmela;ACC;2;15;1508;150802
2025-11;2025;11;Lisboa;Lisboa;ACC;2;11;1106;110662
2025-11;2025;11;Porto;Penafiel;ACC;1;13;1311;131139
2025-11;2025;11;Santarém;Santarém;ACC;1;14;1416;141614
2025-11;2025;11;Beja;Serpa;ACC;1;02;0213;021303
2025-11;2025;11;Guarda;Pinhel;ACC;1;09;0910;091017
2025-11;2025;11;Lisboa;Torres Vedras;ACC;2;11;1113;111310
2025-11;2025;11;Faro;Lagoa;ACC;1;08;0806;080604
2025-11;2025;11;Lisboa;Oeiras;ACC;4;11;1110;111009
2025-11;2025;11;Braga;Barcelos;ACC;2;03;0302;030261
2025-11;2025;11;Braga;Póvoa de Lanhoso;ACC;1;03;0309;030919
2025-11;2025;11;Faro;Loulé;ACC;2;08;0808;080805
2025-11;2025;11;Leiria;Leiria;ACC;2;10;1009;100921
2025-11;2025;11;Aveiro;Santa Maria da Feira;ACC;1;01;0109;010922
2025-11;2025;11;Castelo Branco;Idanha-a-Nova;ACC;1;05;0505;050512
2025-11;2025;11;Setúbal;Setúbal;ACC;1;15;1512;151208
2025-11;2025;11;Bragança;Bragança;ACC;1;04;0402;040240
2025-11;2025;11;Santarém;Benavente;ACC;1;14;1405;140502
2025-11;2025;11;Braga;Guimarães;ACC;1;03;0308;030858
2025-11;2025;11;Braga;Vizela;ACC;1;03;0314;031401
2025-11;2025;11;Lisboa;Torres Vedras;ACC;4;11;1113;111326
2025-11;2025;11;Évora;Évora;ACC;1;07;0705;070506
2025-11;2025;11;Faro;São Brás de Alportel;ACC;1;08;0812;081201
2025-11;2025;11;Porto;Vila Nova de Gaia;ACC;4;13;1317;131717
2025-11;2025;11;Portalegre;Castelo de Vide;ACC;1;12;1205;120504
2025-11;2025;11;Aveiro;Santa Maria da Feira;ACC;2;01;0109;010926
2025-11;2025;11;Viana do Castelo;Valença;ACC;1;16;1608;160812
2025-11;2025;11;Santarém;Tomar;ACC;1;14;1418;141813
2025-11;2025;11;Castelo Branco;Castelo Branco;ACC;1;05;0502;050222
2025-11;2025;11;Braga;Guimarães;ACC;2;03;0308;030854
2025-11;2025;11;Setúbal;Setúbal;ACC;2;15;1512;151205
2025-11;2025;11;Aveiro;Sever do Vouga;ACC;1;01;0117;011706
2025-11;2025;11;Guarda;Sabugal;ACC;1;09;0911;091134
2025-11;2025;11;Porto;Amarante;ACC;1;13;1301;130135
2025-11;2025;11;Braga;Vila Verde;ACC;1;03;0313;031354
2025-11;2025;11;Aveiro;Águeda;ACC;2;01;0101;010121
2025-11;2025;11;Portalegre;Avis;ACC;1;12;1203;120309
2025-11;2025;11;Lisboa;Alenquer;ACC;1;11;1101;110119
2025-11;2025;11;Lisboa;Oeiras;ACC;4;11;1110;111012
2025-11;2025;11;Braga;Esposende;ACC;1;03;0306;030616
2025-11;2025;11;Porto;Santo Tirso;ACC;1;13;1314;131433
2025-11;2025;11;Braga;Barcelos;ACC;1;03;0302;030292
2025-11;2025;11;Aveiro;Arouca;ACC;1;01;0104;010421
2025-11;2025;11;Setúbal;Setúbal;ACC;2;15;1512;151209
2025-11;2025;11;Évora;Évora;ACC;1;07;0705;070522
2025-11;2025;11;Setúbal;Moita;ACC;3;15;1506;150607
2025-11;2025;11;Aveiro;Estarreja;ACC;1;01;0108;010808
2025-11;2025;11;Beja;Beja;ACC;1;02;0205;020521
2025-11;2025;11;Braga;Celorico de Basto;ACC;1;03;0305;030523
2025-11;2025;11;Braga;Vizela;ACC;2;03;0314;031408
2025-11;2025;11;Porto;Valongo;ACC;1;13;1315;131506
2025-11;2025;11;Porto;Valongo;CER;1;13;1315;131506
2025-11;2025;11;Aveiro;Santa Maria da Feira;ACC;1;01;0109;010933
2025-11;2025;11;Lisboa;Cascais;ACC;1;11;1105;110507
2025-11;2025;11;Santarém;Cartaxo;ACC;2;14;1406;140609
2025-11;2025;11;Porto;Porto;ACC;1;13;1312;131217
2025-11;2025;11;Setúbal;Almada;ACC;4;15;1503;150314
2025-11;2025;11;Santarém;Coruche;ACC;1;14;1409;140909
2025-11;2025;11;Portalegre;Crato;ACC;1;12;1206;120607
2025-11;2025;11;Porto;Lousada;ACC;2;13;1305;130528
2025-11;2025;11;Castelo Branco;Castelo Branco;ACC;1;05;0502;050228
2025-11;2025;11;Portalegre;Nisa;ACC;1;12;1212;121212
2025-11;2025;11;Faro;Lagoa;ACC;1;08;0806;080607
2025-11;2025;11;Évora;Estremoz;ACC;4;07;0704;070414
2025-11;2025;11;Porto;Gondomar;ACC;5;13;1304;130413
2025-11;2025;11;Leiria;Figueiró dos Vinhos;ACC;1;10;1008;100806
2025-11;2025;11;Porto;Gondomar;ACC;2;13;1304;130415
2025-11;2025;11;Setúbal;Grândola;ACC;2;15;1505;150506
2025-11;2025;11;Leiria;Pombal;ACC;3;10;1015;101518
2025-11;2025;11;Castelo Branco;Idanha-a-Nova;ACC;2;05;0505;050518
2025-11;2025;11;Lisboa;Mafra;ACC;3;11;1109;110920
2025-11;2025;11;Setúbal;Almada;ACC;3;15;1503;150315
2025-11;2025;11;Leiria;Leiria;ACC;5;10;1009;100934
2025-11;2025;11;Guarda;Gouveia;ACC;1;09;0906;090626
2025-11;2025;11;Braga;Braga;ACC;1;03;0303;030374
2025-11;2025;11;Leiria;Leiria;ACC;1;10;1009;100936
2025-11;2025;11;Castelo Branco;Castelo Branco;ACC;1;05;0502;050230
2025-11;2025;11;Évora;Évora;ACC;1;07;0705;070525
2025-11;2025;11;Coimbra;Penacova;ACC;1;06;0613;061313
2025-11;2025;11;Setúbal;Barreiro;ACC;1;15;1504;150411
2025-11;2025;11;Leiria;Leiria;ACC;1;10;1009;100937
2025-11;2025;11;Porto;Matosinhos;ACC;3;13;1308;130813
2025-11;2025;11;Porto;Póvoa de Varzim;ACC;1;13;1313;131315
2025-11;2025;11;Viana do Castelo;Melgaço;ACC;1;16;1603;160322
2025-11;2025;11;Castelo Branco;Proença-a-Nova;ACC;1;05;0508;050807
2025-11;2025;11;Santarém;Santarém;ACC;1;14;1416;141632
2025-11;2025;11;Lisboa;Loures;ACC;2;11;1107;110729
2025-11;2025;11;Viseu;Mangualde;ACC;1;18;1806;180621
2025-11;2025;11;Portalegre;Portalegre;ACC;1;12;1214;121411
2025-11;2025;11;Porto;Vila Nova de Gaia;ACC;2;13;1317;131731
2025-11;2025;11;Bragança;Bragança;ACC;1;04;0402;040257
2025-11;2025;11;Lisboa;Sintra;ACC;5;11;1111;111128
2025-11;2025;11;Porto;Vila Nova de Gaia;ACC;2;13;1317;131730
2025-11;2025;11;Coimbra;Penela;ACC;1;06;0614;061407
2025-11;2025;11;Santarém;Abrantes;ACC;1;14;1401;140124
2025-11;2025;11;Coimbra;Coimbra;ACC;2;06;0603;060339
2025-11;2025;11;Setúbal;Santiago do Cacém;ACC;1;15;1509;150912
2025-11;2025;11;Viseu;Tarouca;ACC;1;18;1820;182013
2025-11;2025;11;Faro;Tavira;ACC;1;08;0814;081412
2025-11;2025;11;Santarém;Torres Novas;ACC;1;14;1419;141921
2025-11;2025;11;Aveiro;Águeda;ACC;1;01;0101;010126
2025-11;2025;11;Braga;Barcelos;ACC;1;03;0302;0302FH
2025-11;2025;11;Braga;Vila Nova de Famalicão;ACC;5;03;0312;031260
2025-11;2025;11;Braga;Guimarães;ACC;1;03;0308;030871
2025-11;2025;11;Porto;Paredes;ACC;1;13;1310;131022
2025-11;2025;11;Lisboa;Vila Franca de Xira;ACC;2;11;1114;111408
2025-11;2025;11;Braga;Vila Verde;ACC;1;03;0313;031342
2025-11;2025;11;Porto;Vila do Conde;ACC;2;13;1316;131630
2025-11;2025;11;Braga;Vila Nova de Famalicão;ACC;2;03;0312;031249
2025-11;2025;11;Viseu;Viseu;ACC;1;18;1823;182341
2025-12;2025;12;Faro;Albufeira;ACC;1;08;0801;080106
2025-12;2025;12;Castelo Branco;Castelo Branco;ACC;1;05;0502;050201
2025-12;2025;12;Santarém;Rio Maior;ACC;3;14;1414;141401
2025-12;2025;12;Lisboa;Sintra;ACC;3;11;1111;111102
2025-12;2025;12;Faro;Aljezur;ACC;2;08;0803;080301
2025-12;2025;12;Santarém;Almeirim;ACC;2;14;1403;140301
2025-12;2025;12;Santarém;Alpiarça;ACC;1;14;1404;140401
2025-12;2025;12;Aveiro;Arouca;ACC;1;01;0104;010402
2025-12;2025;12;Coimbra;Góis;ACC;1;06;0606;060601
2025-12;2025;12;Faro;Portimão;ACC;1;08;0811;081101
2025-12;2025;12;Leiria;Caldas da Rainha;ACC;1;10;1006;100602
2025-12;2025;12;Évora;Estremoz;ACC;1;07;0704;070401
2025-12;2025;12;Porto;Vila Nova de Gaia;ACC;2;13;1317;131701
2025-12;2025;12;Viseu;Moimenta da Beira;ACC;1;18;1807;180703
2025-12;2025;12;Aveiro;Santa Maria da Feira;ACC;5;01;0109;010901
2025-12;2025;12;Faro;Silves;ACC;1;08;0813;081303
2025-12;2025;12;Leiria;Leiria;ACC;2;10;1009;100902
2025-12;2025;12;Évora;Arraiolos;ACC;2;07;0702;070201
2025-12;2025;12;Guarda;Guarda;ACC;1;09;0907;090706
2025-12;2025;12;Lisboa;Arruda dos Vinhos;ACC;2;11;1102;110202
2025-12;2025;12;Portalegre;Elvas;ACC;1;12;1207;120712
2025-12;2025;12;Porto;Vila do Conde;ACC;1;13;1316;131603
2025-12;2025;12;Santarém;Golegã;ACC;1;14;1412;141201
2025-12;2025;12;Porto;Gondomar;ACC;4;13;1304;130412
2025-12;2025;12;Porto;Gondomar;CER;1;13;1304;130412
2025-12;2025;12;Porto;Paredes;CER;1;13;1310;131003
2025-12;2025;12;Lisboa;Lisboa;ACC;3;11;1106;110607
2025-12;2025;12;Beja;Odemira;ACC;1;02;0211;021116
2025-12;2025;12;Évora;Borba;ACC;1;07;0703;070301
2025-12;2025;12;Faro;Aljezur;ACC;1;08;0803;080302
2025-12;2025;12;Braga;Guimarães;ACC;2;03;0308;030807
2025-12;2025;12;Portalegre;Elvas;ACC;1;12;1207;120713
2025-12;2025;12;Braga;Guimarães;ACC;1;03;0308;030808
2025-12;2025;12;Évora;Évora;ACC;1;07;0705;070515
2025-12;2025;12;Porto;Vila Nova de Gaia;ACC;2;13;1317;131704
2025-12;2025;12;Leiria;Leiria;ACC;3;10;1009;100907
2025-12;2025;12;Bragança;Carrazeda de Ansiães;ACC;2;04;0403;040304
2025-12;2025;12;Lisboa;Mafra;ACC;1;11;1109;110902
2025-12;2025;12;Lisboa;Sintra;ACC;1;11;1111;111115
2025-12;2025;12;Porto;Maia;ACC;7;13;1306;130618
2025-12;2025;12;Viana do Castelo;Viana do Castelo;ACC;1;16;1609;160910
2025-12;2025;12;Coimbra;Coimbra;ACC;1;06;0603;060312
2025-12;2025;12;Porto;Maia;CER;1;13;1306;130619
2025-12;2025;12;Braga;Vila Nova de Famalicão;ACC;2;03;0312;031213
2025-12;2025;12;Santarém;Mação;ACC;1;14;1413;141305
2025-12;2025;12;Aveiro;Aveiro;ACC;4;01;0105;010505
2025-12;2025;12;Porto;Póvoa de Varzim;ACC;1;13;1313;131307
2025-12;2025;12;Braga;Fafe;ACC;1;03;0307;030708
2025-12;2025;12;Lisboa;Lisboa;ACC;1;11;1106;110660
2025-12;2025;12;Leiria;Alcobaça;ACC;1;10;1001;100108
2025-12;2025;12;Lisboa;Amadora;ACC;1;11;1115;111515
2025-12;2025;12;Coimbra;Cantanhede;ACC;2;06;0602;060207
2025-12;2025;12;Viana do Castelo;Ponte de Lima;ACC;1;16;1607;160719
2025-12;2025;12;Setúbal;Seixal;ACC;3;15;1510;151006
2025-12;2025;12;Castelo Branco;Covilhã;ACC;1;05;0503;050311
2025-12;2025;12;Braga;Braga;ACC;1;03;0303;030315
2025-12;2025;12;Aveiro;Santa Maria da Feira;ACC;1;01;0109;010908
2025-12;2025;12;Porto;Paços de Ferreira;ACC;1;13;1309;130917
2025-12;2025;12;Porto;Paredes;CER;1;13;1310;131011
2025-12;2025;12;Braga;Guimarães;ACC;1;03;0308;030820
2025-12;2025;12;Braga;Braga;ACC;1;03;0303;030319
2025-12;2025;12;Guarda;Guarda;ACC;1;09;0907;090758
2025-12;2025;12;Porto;Vila do Conde;ACC;1;13;1316;131611
2025-12;2025;12;Viseu;Penalva do Castelo;ACC;2;18;1811;181105
2025-12;2025;12;Bragança;Macedo de Cavaleiros;ACC;1;04;0405;040518
2025-12;2025;12;Castelo Branco;Castelo Branco;ACC;1;05;0502;050211
2025-12;2025;12;Porto;Póvoa de Varzim;ACC;1;13;1313;131308
2025-12;2025;12;Faro;Loulé;ACC;3;08;0808;080808
2025-12;2025;12;Faro;Loulé;ACC;1;08;0808;080809
2025-12;2025;12;Lisboa;Loures;ACC;3;11;1107;110707
2025-12;2025;12;Lisboa;Lisboa;CER;1;11;1106;110618
2025-12;2025;12;Braga;Barcelos;ACC;1;03;0302;030244
2025-12;2025;12;Leiria;Marinha Grande;ACC;5;10;1010;101001
2025-12;2025;12;Santarém;Salvaterra de Magos;ACC;3;14;1415;141502
2025-12;2025;12;Bragança;Mirandela;ACC;1;04;0407;040720
2025-12;2025;12;Porto;Maia;ACC;2;13;1306;130608
2025-12;2025;12;Aveiro;Santa Maria da Feira;ACC;1;01;0109;010914
2025-12;2025;12;Bragança;Mirandela;ACC;2;04;0407;040721
2025-12;2025;12;Lisboa;Lisboa;ACC;2;11;1106;110661
2025-12;2025;12;Viseu;Moimenta da Beira;ACC;1;18;1807;180710
2025-12;2025;12;Portalegre;Monforte;ACC;1;12;1211;121102
2025-12;2025;12;Évora;Mora;ACC;1;07;0707;070703
2025-12;2025;12;Vila Real;Murça;ACC;1;17;1707;170705
2025-12;2025;12;Viseu;Nelas;ACC;1;18;1809;180903
2025-12;2025;12;Braga;Guimarães;ACC;1;03;0308;030832
2025-12;2025;12;Porto;Lousada;ACC;1;13;1305;130515
2025-12;2025;12;Santarém;Ourém;ACC;3;14;1421;142115
2025-12;2025;12;Braga;Braga;CER;1;03;0303;030331
2025-12;2025;12;Leiria;Peniche;ACC;1;10;1014;101407
2025-12;2025;12;Santarém;Santarém;ACC;1;14;1416;141614
2025-12;2025;12;Beja;Serpa;ACC;1;02;0213;021303
2025-12;2025;12;Leiria;Pombal;ACC;3;10;1015;101509
2025-12;2025;12;Braga;Guimarães;ACC;1;03;0308;030838
2025-12;2025;12;Faro;Lagoa;ACC;1;08;0806;080604
2025-12;2025;12;Braga;Barcelos;ACC;2;03;0302;030261
2025-12;2025;12;Beja;Moura;ACC;1;02;0210;021002
2025-12;2025;12;Porto;Porto;ACC;3;13;1312;131211
2025-12;2025;12;Porto;Porto;CER;1;13;1312;131211
2025-12;2025;12;Lisboa;Torres Vedras;ACC;1;11;1113;111311
2025-12;2025;12;Leiria;Leiria;ACC;2;10;1009;100921
2025-12;2025;12;Aveiro;Aveiro;ACC;1;01;0105;010516
2025-12;2025;12;Santarém;Torres Novas;ACC;1;14;1419;141910
2025-12;2025;12;Porto;Penafiel;ACC;2;13;1311;131129
2025-12;2025;12;Castelo Branco;Idanha-a-Nova;ACC;1;05;0505;050512
2025-12;2025;12;Aveiro;Aveiro;ACC;1;01;0105;010513
2025-12;2025;12;Lisboa;Lisboa;ACC;1;11;1106;110665
2025-12;2025;12;Lisboa;Torres Vedras;ACC;4;11;1113;111326
2025-12;2025;12;Viana do Castelo;Viana do Castelo;ACC;1;16;1609;160928
2025-12;2025;12;Évora;Alandroal;ACC;1;07;0701;070103
2025-12;2025;12;Setúbal;Santiago do Cacém;ACC;1;15;1509;150907
2025-12;2025;12;Lisboa;Lisboa;ACC;4;11;1106;110639
2025-12;2025;12;Faro;Lagos;ACC;2;08;0807;080708
2025-12;2025;12;Lisboa;Torres Vedras;ACC;2;11;1113;111314
2025-12;2025;12;Porto;Maia;ACC;1;13;1306;130613
2025-12;2025;12;Setúbal;Montijo;ACC;1;15;1507;150704
2025-12;2025;12;Viseu;Sátão;ACC;2;18;1817;181710
2025-12;2025;12;Castelo Branco;Sertã;ACC;1;05;0509;050912
2025-12;2025;12;Aveiro;Sever do Vouga;ACC;1;01;0117;011706
2025-12;2025;12;Setúbal;Sines;ACC;1;15;1513;151301
2025-12;2025;12;Lisboa;Sobral de Monte Agraço;ACC;1;11;1112;111203
2025-12;2025;12;Porto;Paredes;CER;1;13;1310;131020
2025-12;2025;12;Viseu;Tabuaço;ACC;1;18;1819;181914
2025-12;2025;12;Coimbra;Figueira da Foz;ACC;1;06;0605;060512
2025-12;2025;12;Porto;Amarante;ACC;1;13;1301;130135
2025-12;2025;12;Santarém;Abrantes;ACC;1;14;1401;140120
2025-12;2025;12;Guarda;Aguiar da Beira;ACC;1;09;0901;090114
2025-12;2025;12;Portalegre;Avis;ACC;1;12;1203;120309
2025-12;2025;12;Porto;Porto;CER;1;13;1312;131216
2025-12;2025;12;Bragança;Carrazeda de Ansiães;ACC;1;04;0403;040320
2025-12;2025;12;Aveiro;Anadia;ACC;1;01;0103;010317
2025-12;2025;12;Setúbal;Moita;ACC;3;15;1506;150607
2025-12;2025;12;Lisboa;Cadaval;ACC;2;11;1104;110411
2025-12;2025;12;Lisboa;Loures;ACC;1;11;1107;110731
2025-12;2025;12;Braga;Guimarães;ACC;2;03;0308;030881
2025-12;2025;12;Lisboa;Cascais;ACC;3;11;1105;110507
2025-12;2025;12;Lisboa;Oeiras;ACC;6;11;1110;111013
2025-12;2025;12;Braga;Braga;ACC;1;03;0303;030367
2025-12;2025;12;Santarém;Santarém;ACC;1;14;1416;141633
2025-12;2025;12;Coimbra;Condeixa-a-Nova;ACC;3;06;0604;060411
2025-12;2025;12;Porto;Trofa;ACC;2;13;1318;131811
2025-12;2025;12;Faro;Faro;ACC;1;08;0805;080508
2025-12;2025;12;Faro;Faro;CER;1;08;0805;080508
2025-12;2025;12;Leiria;Figueiró dos Vinhos;ACC;2;10;1008;100806
2025-12;2025;12;Aveiro;Vagos;ACC;1;01;0118;011812
2025-12;2025;12;Castelo Branco;Fundão;ACC;3;05;0504;050434
2025-12;2025;12;Viana do Castelo;Viana do Castelo;ACC;1;16;1609;160943
2025-12;2025;12;Porto;Gondomar;ACC;2;13;1304;130415
2025-12;2025;12;Porto;Vila Nova de Gaia;ACC;2;13;1317;131725
2025-12;2025;12;Faro;Lagoa;ACC;1;08;0806;080608
2025-12;2025;12;Porto;Porto;CER;1;13;1312;131218
2025-12;2025;12;Porto;Lousada;ACC;1;13;1305;130530
2025-12;2025;12;Faro;Tavira;ACC;1;08;0814;081411
2025-12;2025;12;Vila Real;Chaves;ACC;1;17;1703;170354
2025-12;2025;12;Leiria;Leiria;ACC;6;10;1009;100934
2025-12;2025;12;Guarda;Gouveia;ACC;1;09;0906;090626
2025-12;2025;12;Braga;Braga;ACC;4;03;0303;030375
2025-12;2025;12;Vila Real;Montalegre;ACC;1;17;1706;170638
2025-12;2025;12;Leiria;Leiria;ACC;1;10;1009;100935
2025-12;2025;12;Castelo Branco;Castelo Branco;ACC;1;05;0502;050230
2025-12;2025;12;Aveiro;Oliveira de Azeméis;ACC;1;01;0113;011320
2025-12;2025;12;Évora;Montemor-o-Novo;ACC;5;07;0706;070612
2025-12;2025;12;Coimbra;Penacova;ACC;1;06;0613;061313
2025-12;2025;12;Viseu;Santa Comba Dão;ACC;1;18;1814;181410
2025-12;2025;12;Setúbal;Barreiro;ACC;2;15;1504;150411
2025-12;2025;12;Porto;Vila Nova de Gaia;ACC;2;13;1317;131728
2025-12;2025;12;Porto;Póvoa de Varzim;ACC;1;13;1313;131315
2025-12;2025;12;Viana do Castelo;Melgaço;ACC;1;16;1603;160322
2025-12;2025;12;Lisboa;Sintra;ACC;3;11;1111;111126
2025-12;2025;12;Portalegre;Portalegre;ACC;1;12;1214;121413
2025-12;2025;12;Coimbra;Coimbra;ACC;2;06;0603;060336
2025-12;2025;12;Lisboa;Loures;ACC;2;11;1107;110729
2025-12;2025;12;Aveiro;Santa Maria da Feira;ACC;1;01;0109;010936
2025-12;2025;12;Setúbal;Seixal;ACC;7;15;1510;151007
2025-12;2025;12;Bragança;Bragança;ACC;1;04;0402;040257
2025-12;2025;12;Lisboa;Sintra;ACC;5;11;1111;111128
2025-12;2025;12;Porto;Vila Nova de Gaia;ACC;2;13;1317;131730
2025-12;2025;12;Aveiro;Águeda;ACC;2;01;0101;010126
2025-12;2025;12;Braga;Celorico de Basto;ACC;1;03;0305;030527
2025-12;2025;12;Braga;Barcelos;ACC;1;03;0302;0302FH
2025-12;2025;12;Braga;Vila Nova de Famalicão;ACC;5;03;0312;031260
2025-12;2025;12;Beja;Serpa;ACC;1;02;0213;021309
2025-12;2025;12;Viseu;Vouzela;ACC;1;18;1824;182415
2025-12;2025;12;Braga;Guimarães;ACC;1;03;0308;030871
2025-12;2025;12;Braga;Vila Nova de Famalicão;ACC;2;03;0312;031241
2025-12;2025;12;Porto;Valongo;ACC;4;13;1315;131505
2025-12;2025;12;Braga;Barcelos;ACC;1;03;0302;030283
2025-12;2025;12;Évora;Vendas Novas;ACC;3;07;0712;071201
2025-12;2025;12;Santarém;Cartaxo;ACC;2;14;1406;140607
2025-12;2025;12;Porto;Amarante;ACC;1;13;1301;130139
2025-12;2025;12;Castelo Branco;Vila de Rei;ACC;1;05;0510;051003
2025-12;2025;12;Braga;Vila Nova de Famalicão;ACC;2;03;0312;031249
2025-12;2025;12;Porto;Paredes;ACC;2;13;1310;131024
2025-09;2025;09;Viseu;Viseu;ACC;1;18;1823;182301
2025-09;2025;09;Faro;Albufeira;ACC;1;08;0801;080106
2025-09;2025;09;Lisboa;Cascais;ACC;1;11;1105;110501
2025-09;2025;09;Évora;Viana do Alentejo;ACC;1;07;0713;071301
2025-09;2025;09;Braga;Guimarães;ACC;1;03;0308;030801
2025-09;2025;09;Leiria;Alcobaça;ACC;1;10;1001;100102
2025-09;2025;09;Porto;Valongo;ACC;4;13;1315;131501
2025-09;2025;09;Leiria;Alcobaça;ACC;1;10;1001;100120
2025-09;2025;09;Faro;Loulé;ACC;3;08;0808;080801
2025-09;2025;09;Santarém;Almeirim;ACC;1;14;1403;140301
2025-09;2025;09;Setúbal;Seixal;ACC;3;15;1510;151002
2025-09;2025;09;Aveiro;Santa Maria da Feira;ACC;5;01;0109;010901
2025-09;2025;09;Braga;Fafe;ACC;1;03;0307;030730
2025-09;2025;09;Leiria;Leiria;ACC;1;10;1009;100902
2025-09;2025;09;Guarda;Guarda;ACC;1;09;0907;090706
2025-09;2025;09;Lisboa;Lisboa;ACC;1;11;1106;110657
2025-09;2025;09;Santarém;Benavente;ACC;1;14;1405;140501
2025-09;2025;09;Faro;Aljezur;ACC;1;08;0803;080302
2025-09;2025;09;Porto;Vila Nova de Gaia;ACC;2;13;1317;131703
2025-09;2025;09;Aveiro;Oliveira de Azeméis;ACC;2;01;0113;011301
2025-09;2025;09;Leiria;Pombal;ACC;1;10;1015;101505
2025-09;2025;09;Porto;Paços de Ferreira;ACC;4;13;1309;130902
2025-09;2025;09;Braga;Guimarães;ACC;1;03;0308;030812
2025-09;2025;09;Braga;Vieira do Minho;ACC;1;03;0311;031107
2025-09;2025;09;Aveiro;Aveiro;ACC;1;01;0105;010515
2025-09;2025;09;Santarém;Mação;ACC;1;14;1413;141305
2025-09;2025;09;Aveiro;Aveiro;ACC;2;01;0105;010505
2025-09;2025;09;Braga;Braga;ACC;1;03;0303;030313
2025-09;2025;09;Braga;Fafe;ACC;1;03;0307;030708
2025-09;2025;09;Braga;Fafe;ACC;1;03;0307;030709
2025-09;2025;09;Santarém;Ourém;ACC;3;14;1421;142106
2025-09;2025;09;Coimbra;Cantanhede;ACC;1;06;0602;060207
2025-09;2025;09;Portalegre;Portalegre;ACC;1;12;1214;121404
2025-09;2025;09;Leiria;Óbidos;ACC;1;10;1012;101208
2025-09;2025;09;Porto;Vila do Conde;ACC;1;13;1316;131610
2025-09;2025;09;Santarém;Golegã;ACC;1;14;1412;141202
2025-09;2025;09;Porto;Póvoa de Varzim;ACC;1;13;1313;131308
2025-09;2025;09;Porto;Amarante;ACC;1;13;1301;130121
2025-09;2025;09;Braga;Barcelos;ACC;1;03;0302;030244
2025-09;2025;09;Porto;Marco de Canaveses;ACC;3;13;1307;130736
2025-09;2025;09;Porto;Maia;ACC;1;13;1306;130608
2025-09;2025;09;Lisboa;Lisboa;ACC;2;11;1106;110661
2025-09;2025;09;Setúbal;Moita;ACC;2;15;1506;150603
2025-09;2025;09;Leiria;Caldas da Rainha;ACC;1;10;1006;100608
2025-09;2025;09;Braga;Guimarães;ACC;1;03;0308;030832
2025-09;2025;09;Porto;Lousada;ACC;1;13;1305;130515
2025-09;2025;09;Santarém;Entroncamento;ACC;1;14;1410;141002
2025-09;2025;09;Faro;Olhão;ACC;1;08;0810;081003
2025-09;2025;09;Aveiro;Santa Maria da Feira;ACC;2;01;0109;010919
2025-09;2025;09;Braga;Braga;ACC;1;03;0303;030331
2025-09;2025;09;Lisboa;Lisboa;ACC;2;11;1106;110662
2025-09;2025;09;Leiria;Pombal;ACC;1;10;1015;101508
2025-09;2025;09;Coimbra;Penacova;ACC;1;06;0613;061307
2025-09;2025;09;Guarda;Pinhel;ACC;1;09;0910;091017
2025-09;2025;09;Braga;Guimarães;ACC;1;03;0308;030838
2025-09;2025;09;Leiria;Porto de Mós;ACC;1;10;1016;101614
2025-09;2025;09;Lisboa;Oeiras;ACC;4;11;1110;111009
2025-09;2025;09;Setúbal;Sesimbra;ACC;1;15;1511;151103
2025-09;2025;09;Leiria;Leiria;ACC;2;10;1009;100921
2025-09;2025;09;Viseu;Resende;ACC;2;18;1813;181311
2025-09;2025;09;Évora;Borba;ACC;1;07;0703;070303
2025-09;2025;09;Porto;Penafiel;ACC;2;13;1311;131129
2025-09;2025;09;Braga;Guimarães;ACC;1;03;0308;030858
2025-09;2025;09;Lisboa;Lisboa;ACC;1;11;1106;110665
2025-09;2025;09;Lisboa;Torres Vedras;ACC;2;11;1113;111326
2025-09;2025;09;Faro;Silves;ACC;2;08;0813;081305
2025-09;2025;09;Leiria;Porto de Mós;ACC;1;10;1016;101610
2025-09;2025;09;Beja;Aljustrel;ACC;1;02;0201;020104
2025-09;2025;09;Viana do Castelo;Viana do Castelo;ACC;2;16;1609;160923
2025-09;2025;09;Viseu;Sátão;ACC;1;18;1817;181710
2025-09;2025;09;Braga;Guimarães;ACC;1;03;0308;030866
2025-09;2025;09;Guarda;Sabugal;ACC;1;09;0911;091134
2025-09;2025;09;Porto;Amarante;ACC;1;13;1301;130135
2025-09;2025;09;Lisboa;Alenquer;ACC;1;11;1101;110118
2025-09;2025;09;Lisboa;Sintra;ACC;1;11;1111;111122
2025-09;2025;09;Porto;Póvoa de Varzim;ACC;1;13;1313;131314
2025-09;2025;09;Lisboa;Vila Franca de Xira;ACC;2;11;1114;111413
2025-09;2025;09;Bragança;Carrazeda de Ansiães;ACC;1;04;0403;040320
2025-09;2025;09;Braga;Esposende;ACC;1;03;0306;030616
2025-09;2025;09;Braga;Barcelos;ACC;1;03;0302;030292
2025-09;2025;09;Porto;Póvoa de Varzim;ACC;1;13;1313;131313
2025-09;2025;09;Lisboa;Loures;ACC;2;11;1107;110728
2025-09;2025;09;Évora;Évora;ACC;1;07;0705;070522
2025-09;2025;09;Braga;Vizela;ACC;1;03;0314;031408
2025-09;2025;09;Lisboa;Loures;ACC;1;11;1107;110731
2025-09;2025;09;Porto;Valongo;ACC;1;13;1315;131506
2025-09;2025;09;Aveiro;Santa Maria da Feira;ACC;1;01;0109;010933
2025-09;2025;09;Lisboa;Cascais;ACC;1;11;1105;110507
2025-09;2025;09;Lisboa;Vila Franca de Xira;ACC;1;11;1114;111414
2025-09;2025;09;Braga;Braga;ACC;1;03;0303;030367
2025-09;2025;09;Santarém;Santarém;ACC;1;14;1416;141633
2025-09;2025;09;Castelo Branco;Covilhã;ACC;2;05;0503;050335
2025-09;2025;09;Portalegre;Crato;ACC;1;12;1206;120607
2025-09;2025;09;Braga;Esposende;ACC;3;03;0306;030618
2025-09;2025;09;Faro;Lagoa;ACC;1;08;0806;080607
2025-09;2025;09;Porto;Lousada;ACC;1;13;1305;130529
2025-09;2025;09;Leiria;Figueiró dos Vinhos;ACC;1;10;1008;100806
2025-09;2025;09;Porto;Gondomar;ACC;2;13;1304;130415
2025-09;2025;09;Setúbal;Grândola;ACC;2;15;1505;150506
2025-09;2025;09;Lisboa;Mafra;ACC;1;11;1109;110920
2025-09;2025;09;Porto;Santo Tirso;ACC;1;13;1314;131436
2025-09;2025;09;Faro;Tavira;ACC;1;08;0814;081411
2025-09;2025;09;Évora;Évora;ACC;6;07;0705;070524
2025-09;2025;09;Santarém;Alcanena;ACC;1;14;1402;140212
2025-09;2025;09;Porto;Matosinhos;ACC;1;13;1308;130812
2025-09;2025;09;Braga;Braga;ACC;2;03;0303;030375
2025-09;2025;09;Setúbal;Montijo;ACC;2;15;1507;150710
2025-09;2025;09;Braga;Braga;ACC;1;03;0303;030377
2025-09;2025;09;Évora;Évora;ACC;1;07;0705;070525
2025-09;2025;09;Braga;Guimarães;ACC;2;03;0308;030884
2025-09;2025;09;Aveiro;Oliveira de Azeméis;ACC;1;01;0113;011322
2025-09;2025;09;Porto;Vila Nova de Gaia;ACC;2;13;1317;131728
2025-09;2025;09;Viana do Castelo;Melgaço;ACC;1;16;1603;160322
2025-09;2025;09;Lisboa;Odivelas;ACC;1;11;1116;111609
2025-09;2025;09;Lisboa;Odivelas;ACC;1;11;1116;111610
2025-09;2025;09;Aveiro;Águeda;ACC;1;01;0101;010124
2025-09;2025;09;Lisboa;Loures;ACC;4;11;1107;110727
2025-09;2025;09;Braga;Guimarães;ACC;1;03;0308;030886
2025-09;2025;09;Coimbra;Coimbra;ACC;1;06;0603;060336
2025-09;2025;09;Lisboa;Sintra;ACC;1;11;1111;111127
2025-09;2025;09;Setúbal;Seixal;ACC;7;15;1510;151007
2025-09;2025;09;Setúbal;Barreiro;ACC;3;15;1504;150409
2025-09;2025;09;Braga;Guimarães;ACC;1;03;0308;030888
2025-09;2025;09;Coimbra;Cantanhede;ACC;1;06;0602;060223
2025-09;2025;09;Porto;Vila Nova de Gaia;ACC;2;13;1317;131731
2025-09;2025;09;Coimbra;Coimbra;ACC;1;06;0603;060338
2025-09;2025;09;Coimbra;Coimbra;ACC;2;06;0603;060339
2025-09;2025;09;Setúbal;Santiago do Cacém;ACC;1;15;1509;150912
2025-09;2025;09;Santarém;Torres Novas;ACC;1;14;1419;141921
2025-09;2025;09;Santarém;Tomar;ACC;2;14;1418;141821
2025-09;2025;09;Lisboa;Mafra;ACC;1;11;1109;110922
2025-09;2025;09;Santarém;Cartaxo;ACC;1;14;1406;140608
2025-09;2025;09;Lisboa;Vila Franca de Xira;ACC;2;11;1114;111408
2025-09;2025;09;Santarém;Cartaxo;ACC;1;14;1406;140607
2025-09;2025;09;Braga;Vila Verde;ACC;1;03;0313;031342
2025-09;2025;09;Porto;Vila do Conde;ACC;2;13;1316;131628
2025-09;2025;09;Vila Real;Vila Real;ACC;1;17;1714;171438
2023-04;2023;04;Viseu;Tondela;ACC;1;18;1821;182108
2024-04;2024;04;Porto;Póvoa de Varzim;ACC;1;13;1313;131314
2024-04;2024;04;Lisboa;Amadora;ACC;1;11;1115;111515
2024-04;2024;04;Lisboa;Cascais;ACC;1;11;1105;110501
2024-04;2024;04;Leiria;Pombal;ACC;1;10;1015;101505
2024-04;2024;04;Coimbra;Coimbra;ACC;1;06;0603;060318
2025-04;2025;04;Lisboa;Cadaval;ACC;1;11;1104;110410
2025-04;2025;04;Setúbal;Moita;ACC;2;15;1506;150603
2025-04;2025;04;Setúbal;Setúbal;ACC;2;15;1512;151210
2024-08;2024;08;Setúbal;Seixal;ACC;1;15;1510;151006
2025-04;2025;04;Aveiro;Aveiro;ACC;1;01;0105;010515
2024-08;2024;08;Aveiro;Ílhavo;ACC;1;01;0110;011008
2025-04;2025;04;Aveiro;Águeda;ACC;1;01;0101;010124
2025-04;2025;04;Aveiro;Oliveira de Azeméis;ACC;1;01;0113;011322
2024-04;2024;04;Leiria;Leiria;ACC;1;10;1009;100933
2024-08;2024;08;Leiria;Pombal;ACC;2;10;1015;101509
2025-04;2025;04;Leiria;Pombal;ACC;2;10;1015;101518
2025-04;2025;04;Leiria;Pombal;ACC;1;10;1015;101519
2024-08;2024;08;Leiria;Marinha Grande;ACC;4;10;1010;101001
2024-04;2024;04;Évora;Évora;ACC;1;07;0705;070524
2025-04;2025;04;Évora;Montemor-o-Novo;ACC;1;07;0706;070612
2025-04;2025;04;Évora;Vendas Novas;ACC;2;07;0712;071201
2025-04;2025;04;Santarém;Tomar;ACC;1;14;1418;141813
2023-08;2023;08;Santarém;Ourém;ACC;1;14;1421;142115
2025-04;2025;04;Santarém;Golegã;ACC;1;14;1412;141201
2025-04;2025;04;Santarém;Santarém;ACC;1;14;1416;141632
2024-08;2024;08;Santarém;Cartaxo;ACC;1;14;1406;140604
2025-04;2025;04;Coimbra;Figueira da Foz;ACC;1;06;0605;060502
2025-04;2025;04;Coimbra;Góis;ACC;1;06;0606;060601
2025-04;2025;04;Braga;Barcelos;ACC;1;03;0302;030245
2025-04;2025;04;Braga;Barcelos;ACC;1;03;0302;0302FH
2024-08;2024;08;Braga;Guimarães;ACC;2;03;0308;030807
2025-04;2025;04;Braga;Guimarães;ACC;1;03;0308;030820
2024-08;2024;08;Braga;Guimarães;ACC;1;03;0308;030828
2024-08;2024;08;Braga;Guimarães;ACC;1;03;0308;030832
2025-04;2025;04;Braga;Guimarães;ACC;2;03;0308;030837
2023-08;2023;08;Braga;Braga;ACC;1;03;0303;030371
2024-08;2024;08;Braga;Braga;ACC;2;03;0303;030301
2025-04;2025;04;Braga;Braga;ACC;1;03;0303;030331
2025-04;2025;04;Braga;Vila Nova de Famalicão;ACC;4;03;0312;031260
2024-08;2024;08;Lisboa;Cascais;ACC;1;11;1105;110501
2025-04;2025;04;Lisboa;Lisboa;ACC;2;11;1106;110618
2025-04;2025;04;Lisboa;Lisboa;ACC;2;11;1106;110639
2025-04;2025;04;Lisboa;Oeiras;ACC;3;11;1110;111012
2025-04;2025;04;Lisboa;Oeiras;ACC;2;11;1110;111013
2025-04;2025;04;Lisboa;Torres Vedras;ACC;1;11;1113;111326
2025-04;2025;04;Lisboa;Torres Vedras;ACC;2;11;1113;111314
2024-08;2024;08;Lisboa;Sobral de Monte Agraço;ACC;1;11;1112;111203
2024-04;2024;04;Porto;Gondomar;ACC;1;13;1304;130413
2023-08;2023;08;Porto;Felgueiras;ACC;1;13;1303;130341
2024-04;2024;04;Porto;Vila Nova de Gaia;ACC;1;13;1317;131728
2025-04;2025;04;Porto;Vila Nova de Gaia;ACC;2;13;1317;131730
2023-08;2023;08;Porto;Valongo;ACC;1;13;1315;131503
2024-08;2024;08;Porto;Maia;ACC;2;13;1306;130609
2025-04;2025;04;Porto;Paredes;ACC;1;13;1310;131024
2024-08;2024;08;Porto;Penafiel;ACC;2;13;1311;131129
2025-04;2025;04;Bragança;Miranda do douro;ACC;1;04;0406;040608
2022-08;2022;08;Bragança;Miranda do douro;ACC;1;04;0406;040608
2024-08;2024;08;Bragança;Bragança;ACC;1;04;0402;040257
2024-08;2024;08;Braga;Esposende;ACC;1;03;0306;030616
2024-08;2024;08;Braga;Barcelos;ACC;1;03;0302;030292
2024-08;2024;08;Braga;Braga;ACC;1;03;0303;030374
2024-08;2024;08;Porto;Vila Nova de Gaia;ACC;1;13;1317;131728
2024-08;2024;08;Braga;Guimarães;ACC;1;03;0308;030889
2024-08;2024;08;Braga;Barcelos;ACC;1;03;0302;030283
2025-08;2025;08;Coimbra;Figueira da Foz;ACC;1;06;0605;060502
2025-08;2025;08;Braga;Barcelos;ACC;1;03;0302;030208
2025-08;2025;08;Lisboa;Arruda dos Vinhos;ACC;2;11;1102;110202
2025-08;2025;08;Porto;Porto;ACC;2;13;1312;131203
2025-08;2025;08;Lisboa;Amadora;ACC;1;11;1115;111515
2025-08;2025;08;Viseu;Tondela;ACC;1;18;1821;182108
2025-08;2025;08;Braga;Barcelos;ACC;1;03;0302;030261
2025-08;2025;08;Porto;Porto;ACC;2;13;1312;131211
2025-08;2025;08;Viana do Castelo;Viana do Castelo;ACC;1;16;1609;160923
2025-08;2025;08;Porto;Póvoa de Varzim;ACC;1;13;1313;131314
2025-08;2025;08;Porto;Porto;ACC;1;13;1312;131216
2025-08;2025;08;Braga;Barcelos;ACC;1;03;0302;030292
2025-08;2025;08;Porto;Póvoa de Varzim;ACC;1;13;1313;131313
2025-08;2025;08;Lisboa;Loures;ACC;2;11;1107;110728
2025-08;2025;08;Castelo Branco;Fundão;ACC;1;05;0504;050434
2025-08;2025;08;Castelo Branco;Castelo Branco;ACC;1;05;0502;050230
2025-08;2025;08;Porto;Matosinhos;ACC;2;13;1308;130813
2025-08;2025;08;Portalegre;Ponte de Sor;ACC;2;12;1213;121308
2025-08;2025;08;Viana do Castelo;Melgaço;ACC;1;16;1603;160322
2025-08;2025;08;Porto;Santo Tirso;ACC;3;13;1314;131437
2025-08;2025;08;Viseu;Tarouca;ACC;1;18;1820;182013
2025-08;2025;08;Porto;Paredes;ACC;1;13;1310;131024
2023-12;2023;12;Bragança;Miranda do douro;ACC;1;04;0406;040608
2022-12;2022;12;Castelo Branco;Fundão;ACC;1;05;0504;050434
2025-08;2025;08;Coimbra;Miranda do Corvo;ACC;1;06;0609;060902
2025-08;2025;08;Coimbra;Coimbra;ACC;1;06;0603;060338
2025-08;2025;08;Coimbra;Coimbra;ACC;1;06;0603;060339
2025-08;2025;08;Coimbra;Tábua;ACC;2;06;0616;061614
2024-08;2024;08;Aveiro;Santa Maria da Feira;ACC;1;01;0109;010932
2024-08;2024;08;Setúbal;Almada;ACC;2;15;1503;150314
2025-08;2025;08;Leiria;Figueiró dos Vinhos;ACC;1;10;1008;100806
2025-08;2025;08;Leiria;Leiria;ACC;1;10;1009;100933
2025-08;2025;08;Aveiro;Oliveira de Azeméis;ACC;1;01;0113;011322
2024-08;2024;08;Portalegre;Portalegre;ACC;1;12;1214;121413
2025-08;2025;08;Setúbal;Setúbal;ACC;2;15;1512;151210
2024-08;2024;08;Évora;Vendas Novas;ACC;1;07;0712;071201
2025-08;2025;08;Setúbal;Seixal;ACC;2;15;1510;151002
2025-08;2025;08;Leiria;Leiria;ACC;1;10;1009;100902
2025-08;2025;08;Leiria;Batalha;ACC;1;10;1004;100401
2025-08;2025;08;Setúbal;Moita;ACC;2;15;1506;150603
2025-08;2025;08;Aveiro;Santa Maria da Feira;ACC;2;01;0109;010919
2025-08;2025;08;Setúbal;Palmela;ACC;2;15;1508;150802
2025-08;2025;08;Aveiro;Espinho;ACC;1;01;0107;010704
2025-08;2025;08;Aveiro;Santa Maria da Feira;ACC;1;01;0109;010922
2025-08;2025;08;Évora;Évora;ACC;1;07;0705;070506
2025-08;2025;08;Portalegre;Castelo de Vide;ACC;1;12;1205;120504
2025-08;2025;08;Leiria;Bombarral;ACC;1;10;1005;100506
2025-08;2025;08;Setúbal;Barreiro;ACC;1;15;1504;150411
2025-08;2025;08;Santarém;Santarém;ACC;1;14;1416;141632
2024-02;2024;02;Setúbal;Setúbal;ACC;1;15;1512;151210
2023-02;2023;02;Viseu;Tondela;ACC;1;18;1821;182108
2024-02;2024;02;Castelo Branco;Fundão;ACC;1;05;0504;050434
2024-02;2024;02;Lisboa;Lisboa;ACC;1;11;1106;110618
2024-02;2024;02;Braga;Braga;CER;1;03;0303;030331
2025-02;2025;02;Viseu;Viseu;ACC;1;18;1823;182301
2025-02;2025;02;Portalegre;Avis;ACC;1;12;1203;120303
2025-02;2025;02;Portalegre;Portalegre;ACC;1;12;1214;121404
2025-02;2025;02;Viseu;Tondela;ACC;1;18;1821;182108
2025-02;2025;02;Coimbra;Penacova;ACC;1;06;0613;061304
2025-02;2025;02;Santarém;Salvaterra de Magos;ACC;1;14;1415;141503
2025-02;2025;02;Setúbal;Palmela;ACC;2;15;1508;150802
2025-02;2025;02;Leiria;Pombal;ACC;1;10;1015;101508
2025-02;2025;02;Aveiro;Estarreja;ACC;1;01;0108;010808
2025-02;2025;02;Lisboa;Lisboa;ACC;1;11;1106;110602
2025-02;2025;02;Lisboa;Amadora;ACC;2;11;1115;111512
2025-02;2025;02;Lisboa;Azambuja;ACC;1;11;1103;110304
2025-02;2025;02;Braga;Guimarães;ACC;2;03;0308;030807
2025-02;2025;02;Lisboa;Loures;ACC;1;11;1107;110702
2025-02;2025;02;Castelo Branco;Idanha-a-Nova;ACC;1;05;0505;050505
2025-02;2025;02;Porto;Maia;ACC;2;13;1306;130609
2025-02;2025;02;Porto;Paços de Ferreira;ACC;1;13;1309;130918
2024-02;2024;02;Braga;Barcelos;ACC;1;03;0302;030261
2025-02;2025;02;Braga;Guimarães;ACC;1;03;0308;030858
2025-02;2025;02;Lisboa;Lisboa;ACC;1;11;1106;110639
2024-02;2024;02;Lisboa;Loures;ACC;1;11;1107;110728
2024-12;2024;12;Porto;Porto;ACC;1;13;1312;131217
2025-02;2025;02;Porto;Porto;ACC;1;13;1312;131217
2024-02;2024;02;Braga;Braga;ACC;1;03;0303;030377
2025-02;2025;02;Viseu;São Pedro do Sul;ACC;1;18;1816;181602
2025-02;2025;02;Beja;Aljustrel;ACC;1;02;0201;020104
2025-02;2025;02;Lisboa;Cascais;ACC;1;11;1105;110508
2024-01;2024;01;Braga;Guimarães;ACC;1;03;0308;030884
2025-02;2025;02;Porto;Vila Nova de Gaia;ACC;1;13;1317;131728
2024-01;2024;01;Leiria;Batalha;ACC;1;10;1004;100401
2024-01;2024;01;Setúbal;Seixal;ACC;1;15;1510;151005
2024-01;2024;01;Braga;Vila Verde;ACC;1;03;0313;031354
2025-01;2025;01;Braga;Barcelos;ACC;1;03;0302;030208
2025-01;2025;01;Porto;Gondomar;ACC;3;13;1304;130412
2025-01;2025;01;Lisboa;Loures;ACC;1;11;1107;110702
2025-01;2025;01;Porto;Porto;ACC;2;13;1312;131203
2025-01;2025;01;Braga;Guimarães;ACC;1;03;0308;030828
2025-01;2025;01;Leiria;Caldas da Rainha;ACC;1;10;1006;100608
2025-01;2025;01;Porto;Paços de Ferreira;ACC;1;13;1309;130918
2025-01;2025;01;Braga;Braga;ACC;1;03;0303;030331
2025-01;2025;01;Lisboa;Oeiras;ACC;1;11;1110;111009
2025-01;2025;01;Porto;Penafiel;ACC;2;13;1311;131129
2025-01;2025;01;Lisboa;Sintra;ACC;3;11;1111;111108
2025-01;2025;01;Santarém;Tomar;ACC;1;14;1418;141813
2025-01;2025;01;Viana do Castelo;Monção;ACC;1;16;1604;160431
2025-01;2025;01;Coimbra;Coimbra;ACC;1;06;0603;060333
2025-01;2025;01;Aveiro;Estarreja;ACC;1;01;0108;010808
2025-01;2025;01;Braga;Celorico de Basto;ACC;1;03;0305;030523
2025-01;2025;01;Porto;Vila Nova de Gaia;ACC;1;13;1317;131728
2025-01;2025;01;Viana do Castelo;Melgaço;ACC;1;16;1603;160322
2024-07;2024;07;Porto;Valongo;ACC;1;13;1315;131501
2024-07;2024;07;Porto;Marco de Canaveses;ACC;1;13;1307;130734
2024-07;2024;07;Braga;Vila Nova de Famalicão;ACC;1;03;0312;031213
2024-07;2024;07;Santarém;Ourém;ACC;1;14;1421;142106
2024-07;2024;07;Coimbra;Penacova;ACC;1;06;0613;061302
2024-07;2024;07;Braga;Guimarães;ACC;1;03;0308;030820
2024-07;2024;07;Faro;Loulé;ACC;1;08;0808;080809
2025-02;2025;02;Leiria;Leiria;ACC;1;10;1009;100933
2025-02;2025;02;Leiria;Leiria;ACC;1;10;1009;100936
2025-02;2025;02;Évora;Montemor-o-Novo;ACC;1;07;0706;070612
2025-02;2025;02;Portalegre;Portalegre;ACC;1;12;1214;121413
2025-01;2025;01;Santarém;Santarém;ACC;1;14;1416;141632
2025-02;2025;02;Guarda;Sabugal;ACC;1;09;0911;091145
2025-02;2025;02;Lisboa;Loures;ACC;2;11;1107;110729
2025-01;2025;01;Setúbal;Seixal;ACC;3;15;1510;151007
2025-02;2025;02;Setúbal;Barreiro;ACC;1;15;1504;150409
2025-02;2025;02;Braga;Guimarães;ACC;1;03;0308;030888
2025-01;2025;01;Braga;Guimarães;ACC;1;03;0308;030889
2025-01;2025;01;Lisboa;Sintra;ACC;1;11;1111;111128
2025-01;2025;01;Coimbra;Coimbra;ACC;1;06;0603;060339
2025-01;2025;01;Coimbra;Coimbra;ACC;1;06;0603;060340
2025-01;2025;01;Aveiro;Águeda;ACC;1;01;0101;010126
2025-02;2025;02;Porto;Felgueiras;ACC;1;13;1303;130341
2025-01;2025;01;Braga;Vila Nova de Famalicão;ACC;3;03;0312;031260
2025-01;2025;01;Aveiro;Oliveira de Azeméis;ACC;1;01;0113;011319
2025-01;2025;01;Vila Real;Vila Real;ACC;1;17;1714;171438
2025-02;2025;02;Faro;Vila Real de Santo António;ACC;1;08;0816;081602
2025-01;2025;01;Faro;Vila Real de Santo António;ACC;1;08;0816;081602
2025-01;2025;01;Aveiro;Albergaria-a-Velha;ACC;1;01;0102;010209
2024-07;2024;07;Lisboa;Vila Franca de Xira;ACC;1;11;1114;111413
2024-07;2024;07;Leiria;Figueiró dos Vinhos;ACC;1;10;1008;100806
2024-07;2024;07;Porto;Porto;ACC;1;13;1312;131218
2024-07;2024;07;Leiria;Leiria;ACC;1;10;1009;100936
2024-07;2024;07;Lisboa;Loures;ACC;2;11;1107;110729
2024-07;2024;07;Braga;Guimarães;ACC;1;03;0308;030889
2024-07;2024;07;Leiria;Caldas da Rainha;ACC;2;10;1006;100619
2024-07;2024;07;Santarém;Cartaxo;ACC;1;14;1406;140607
2024-07;2024;07;Castelo Branco;Vila de Rei;ACC;1;05;0510;051003
2025-07;2025;07;Évora;Arraiolos;ACC;1;07;0702;070201
2025-07;2025;07;Aveiro;Anadia;ACC;1;01;0103;010305
2025-07;2025;07;Porto;Vila do Conde;ACC;1;13;1316;131603
2025-07;2025;07;Braga;Guimarães;ACC;2;03;0308;030807
2025-07;2025;07;Braga;Barcelos;ACC;1;03;0302;030220
2025-07;2025;07;Braga;Fafe;ACC;1;03;0307;030709
2025-07;2025;07;Coimbra;Penacova;ACC;1;06;0613;061304
2025-07;2025;07;Braga;Braga;CER;1;03;0303;030331
2025-07;2025;07;Coimbra;Coimbra;ACC;1;06;0603;060333
2025-07;2025;07;Braga;Vila Verde;ACC;1;03;0313;031363
2025-07;2025;07;Setúbal;Grândola;ACC;2;15;1505;150506
2025-07;2025;07;Leiria;Leiria;ACC;1;10;1009;100933
2025-07;2025;07;Coimbra;Montemor-o-Velho;ACC;1;06;0610;061016
2025-07;2025;07;Lisboa;Sintra;ACC;2;11;1111;111126
2025-07;2025;07;Braga;Braga;ACC;1;03;0303;030379
2025-07;2025;07;Braga;Guimarães;ACC;1;03;0308;030887
2025-07;2025;07;Braga;Guimarães;ACC;1;03;0308;030888
2022-06;2022;06;Castelo Branco;Fundão;ACC;1;05;0504;050434
2024-06;2024;06;Aveiro;Albergaria-a-Velha;ACC;1;01;0102;010209
2024-06;2024;06;Lisboa;Cascais;ACC;1;11;1105;110501
2024-06;2024;06;Lisboa;Lisboa;ACC;1;11;1106;110657
2024-06;2024;06;Leiria;Batalha;ACC;1;10;1004;100401
2024-07;2024;07;Porto;Vila do Conde;ACC;1;13;1316;131614
2025-07;2025;07;Aveiro;Santa Maria da Feira;ACC;1;01;0109;010914
2025-07;2025;07;Porto;Maia;ACC;3;13;1306;130609
2024-07;2024;07;Leiria;Caldas da Rainha;ACC;1;10;1006;100608
2025-07;2025;07;Setúbal;Palmela;ACC;2;15;1508;150802
2025-07;2025;07;Coimbra;Penacova;ACC;1;06;0613;061307
2024-07;2024;07;Leiria;Peniche;ACC;1;10;1014;101407
2024-07;2024;07;Leiria;Pombal;ACC;2;10;1015;101509
2024-07;2024;07;Lisboa;Oeiras;ACC;1;11;1110;111009
2025-07;2025;07;Braga;Póvoa de Lanhoso;ACC;1;03;0309;030919
2025-07;2025;07;Lisboa;Sintra;ACC;3;11;1111;111108
2024-07;2024;07;Vila Real;Vila Pouca de Aguiar;ACC;1;17;1713;171317
2025-07;2025;07;Setúbal;Santiago do Cacém;ACC;1;15;1509;150907
2025-07;2025;07;Lisboa;Lisboa;ACC;2;11;1106;110639
2024-07;2024;07;Porto;Vila Nova de Gaia;ACC;1;13;1317;131717
2025-07;2025;07;Viana do Castelo;Viana do Castelo;ACC;1;16;1609;160923
2024-07;2024;07;Braga;Vila Verde;ACC;1;03;0313;031354
2025-07;2025;07;Santarém;Golegã;ACC;1;14;1412;141201
2025-07;2025;07;Viseu;São Pedro do Sul;ACC;1;18;1816;181602
2025-07;2025;07;Lisboa;Lisboa;ACC;2;11;1106;110611
2025-07;2025;07;Braga;Guimarães;ACC;1;03;0308;030812
2025-07;2025;07;Braga;Barcelos;ACC;1;03;0302;030244
2025-07;2025;07;Santarém;Coruche;ACC;1;14;1409;140909
2024-06;2024;06;Lisboa;Lisboa;ACC;1;11;1106;110618
2025-06;2025;06;Porto;Marco de Canaveses;ACC;2;13;1307;130736
2024-06;2024;06;Bragança;Miranda do douro;ACC;1;04;0406;040608
2024-06;2024;06;Aveiro;Aveiro;ACC;1;01;0105;010516
2024-06;2024;06;Porto;Penafiel;ACC;1;13;1311;131129
2024-06;2024;06;Braga;Guimarães;ACC;1;03;0308;030858
2024-06;2024;06;Lisboa;Torres Vedras;ACC;1;11;1113;111326
2024-06;2024;06;Lisboa;Sobral de Monte Agraço;ACC;1;11;1112;111203
2024-06;2024;06;Leiria;Caldas da Rainha;ACC;2;10;1006;100619
2024-06;2024;06;Braga;Vila Verde;ACC;1;03;0313;031342
2024-06;2024;06;Castelo Branco;Vila de Rei;ACC;1;05;0510;051003
2025-06;2025;06;Braga;Fafe;ACC;1;03;0307;030730
2025-06;2025;06;Lisboa;Lisboa;ACC;1;11;1106;110658
2025-06;2025;06;Aveiro;Ílhavo;ACC;1;01;0110;011008
2025-06;2025;06;Braga;Barcelos;ACC;1;03;0302;030245
2025-06;2025;06;Porto;Penafiel;ACC;2;13;1311;131129
2025-06;2025;06;Lisboa;Lisboa;ACC;1;11;1106;110665
2025-06;2025;06;Braga;Guimarães;ACC;2;03;0308;030854
2025-06;2025;06;Braga;Guimarães;ACC;1;03;0308;030888
2025-06;2025;06;Lisboa;Sintra;ACC;4;11;1111;111128
2025-06;2025;06;Porto;Felgueiras;ACC;1;13;1303;130341
2024-05;2024;05;Santarém;Rio Maior;ACC;1;14;1414;141401
2024-05;2024;05;Lisboa;Torres Vedras;ACC;1;11;1113;111326
2024-05;2024;05;Viana do Castelo;Viana do Castelo;ACC;1;16;1609;160923
2024-05;2024;05;Braga;Braga;ACC;1;03;0303;030354
2024-05;2024;05;Santarém;Alcanena;ACC;1;14;1402;140211
2025-06;2025;06;Porto;Paços de Ferreira;ACC;3;13;1309;130902
2024-05;2024;05;Porto;Paços de Ferreira;ACC;2;13;1309;130902
2024-05;2024;05;Porto;Maia;ACC;1;13;1306;130618
2025-06;2025;06;Lisboa;Amadora;ACC;1;11;1115;111515
2024-05;2024;05;Coimbra;Penacova;ACC;1;06;0613;061302
2025-06;2025;06;Braga;Vila Verde;ACC;1;03;0313;031317
2024-06;2024;06;Braga;Vila Nova de Famalicão;ACC;1;03;0312;031219
2024-06;2024;06;Braga;Guimarães;ACC;1;03;0308;030878
2025-06;2025;06;Lisboa;Loures;ACC;2;11;1107;110728
2024-06;2024;06;Setúbal;Almada;ACC;1;15;1503;150314
2025-06;2025;06;Braga;Braga;ACC;1;03;0303;030370
2025-06;2025;06;Évora;Évora;ACC;5;07;0705;070524
2025-06;2025;06;Braga;Braga;ACC;1;03;0303;030374
2025-06;2025;06;Porto;Vila Nova de Gaia;ACC;2;13;1317;131728
2025-06;2025;06;Porto;Santo Tirso;ACC;1;13;1314;131402
2025-06;2025;06;Leiria;Alcobaça;ACC;1;10;1001;100120
2025-06;2025;06;Porto;Vila do Conde;ACC;1;13;1316;131603
2025-06;2025;06;Castelo Branco;Idanha-a-Nova;ACC;1;05;0505;050505
2025-06;2025;06;Porto;Porto;ACC;1;13;1312;131216
2025-06;2025;06;Aveiro;Santa Maria da Feira;ACC;1;01;0109;010932
2025-06;2025;06;Leiria;Pombal;ACC;2;10;1015;101518
2025-06;2025;06;Leiria;Leiria;ACC;1;10;1009;100935
2025-06;2025;06;Lisboa;Oeiras;ACC;2;11;1110;111014
2025-06;2025;06;Aveiro;Oliveira de Azeméis;ACC;1;01;0113;011322
2025-06;2025;06;Portalegre;Ponte de Sor;ACC;2;12;1213;121308
2025-06;2025;06;Viana do Castelo;Melgaço;ACC;1;16;1603;160322
2024-05;2024;05;Setúbal;Almada;ACC;2;15;1503;150315
2024-05;2024;05;Évora;Évora;ACC;2;07;0705;070524
2024-05;2024;05;Braga;Braga;ACC;1;03;0303;030377
2024-05;2024;05;Évora;Montemor-o-Novo;ACC;1;07;0706;070612
2024-05;2024;05;Lisboa;Odivelas;ACC;2;11;1116;111608
2025-05;2025;05;Coimbra;Figueira da Foz;ACC;1;06;0605;060520
2025-05;2025;05;Porto;Maia;ACC;3;13;1306;130618
2025-05;2025;05;Braga;Braga;ACC;1;03;0303;030331
2025-05;2025;05;Braga;Braga;CER;1;03;0303;030331
2025-05;2025;05;Braga;Barcelos;ACC;1;03;0302;030261
2025-05;2025;05;Porto;Penafiel;ACC;2;13;1311;131129
2025-05;2025;05;Viseu;Sátão;ACC;1;18;1817;181710
2025-05;2025;05;Braga;Guimarães;ACC;2;03;0308;030854
2025-05;2025;05;Lisboa;Oeiras;ACC;3;11;1110;111012
2025-05;2025;05;Braga;Barcelos;ACC;1;03;0302;030292
2025-05;2025;05;Setúbal;Setúbal;ACC;1;15;1512;151209
2025-05;2025;05;Bragança;Bragança;ACC;1;04;0402;040252
2025-05;2025;05;Setúbal;Almada;ACC;3;15;1503;150315
2025-05;2025;05;Leiria;Leiria;ACC;1;10;1009;100933
2025-05;2025;05;Leiria;Leiria;ACC;4;10;1009;100934
2025-05;2025;05;Viana do Castelo;Melgaço;ACC;1;16;1603;160322
2025-05;2025;05;Évora;Vendas Novas;ACC;2;07;0712;071201
2025-05;2025;05;Castelo Branco;Vila de Rei;ACC;1;05;0510;051003
2025-05;2025;05;Porto;Vila do Conde;ACC;1;13;1316;131630
2025-05;2025;05;Faro;Vila Real de Santo António;ACC;1;08;0816;081602
2025-05;2025;05;Porto;Paredes;ACC;1;13;1310;131024
2023-03;2023;03;Santarém;Ourém;ACC;1;14;1421;142115
2024-03;2024;03;Portalegre;Avis;ACC;1;12;1203;120303
2024-03;2024;03;Setúbal;Seixal;ACC;5;15;1510;151005
2024-03;2024;03;Bragança;Mirandela;ACC;1;04;0407;040720
2024-03;2024;03;Braga;Guimarães;ACC;1;03;0308;030837
2024-03;2024;03;Leiria;Pombal;ACC;1;10;1015;101509
2024-03;2024;03;Coimbra;Coimbra;ACC;1;06;0603;060318
2024-03;2024;03;Braga;Guimarães;ACC;1;03;0308;030878
2024-03;2024;03;Setúbal;Moita;ACC;1;15;1506;150607
2024-03;2024;03;Aveiro;Estarreja;ACC;1;01;0108;010808
2024-03;2024;03;Setúbal;Almada;ACC;1;15;1503;150314
2024-03;2024;03;Leiria;Figueiró dos Vinhos;ACC;1;10;1008;100806
2024-03;2024;03;Évora;Évora;ACC;1;07;0705;070524
2024-03;2024;03;Porto;Felgueiras;ACC;1;13;1303;130341
2025-03;2025;03;Lisboa;Cascais;ACC;1;11;1105;110501
2025-03;2025;03;Lisboa;Amadora;ACC;2;11;1115;111512
2025-03;2025;03;Faro;Loulé;ACC;3;08;0808;080801
2025-03;2025;03;Portalegre;Avis;ACC;1;12;1203;120303
2024-05;2024;05;Lisboa;Odivelas;ACC;1;11;1116;111609
2025-05;2025;05;Aveiro;Águeda;ACC;1;01;0101;010124
2024-03;2024;03;Portalegre;Portalegre;ACC;1;12;1214;121413
2024-03;2024;03;Setúbal;Barreiro;ACC;1;15;1504;150409
2024-05;2024;05;Setúbal;Setúbal;ACC;1;15;1512;151210
2024-03;2024;03;Santarém;Tomar;ACC;1;14;1418;141821
2025-03;2025;03;Lisboa;Lisboa;ACC;2;11;1106;110607
2025-03;2025;03;Lisboa;Lisboa;ACC;1;11;1106;110658
2025-05;2025;05;Santarém;Benavente;ACC;1;14;1405;140501
2025-05;2025;05;Viseu;São Pedro do Sul;ACC;1;18;1816;181602
2025-03;2025;03;Viseu;São Pedro do Sul;ACC;1;18;1816;181602
2025-05;2025;05;Lisboa;Lisboa;ACC;2;11;1106;110611
2025-05;2025;05;Braga;Guimarães;ACC;1;03;0308;030812
2025-05;2025;05;Braga;Barcelos;ACC;1;03;0302;030244
2025-05;2025;05;Aveiro;Aveiro;ACC;1;01;0105;010516
2025-05;2025;05;Lisboa;Sobral de Monte Agraço;ACC;1;11;1112;111203
2025-05;2025;05;Porto;Póvoa de Varzim;ACC;1;13;1313;131313
2025-05;2025;05;Braga;Braga;ACC;1;03;0303;030379
2025-05;2025;05;Guarda;Sabugal;ACC;1;09;0911;091145
2025-05;2025;05;Porto;Vila Nova de Gaia;ACC;2;13;1317;131730
2025-05;2025;05;Coimbra;Coimbra;ACC;1;06;0603;060340
2025-03;2025;03;Braga;Guimarães;ACC;1;03;0308;030828
2025-03;2025;03;Porto;Vila do Conde;ACC;1;13;1316;131614
2025-03;2025;03;Lisboa;Amadora;ACC;1;11;1115;111516
2025-03;2025;03;Aveiro;Santa Maria da Feira;ACC;1;01;0109;010916
2025-03;2025;03;Leiria;Pombal;ACC;1;10;1015;101508
2025-03;2025;03;Évora;Borba;ACC;1;07;0703;070303
2025-03;2025;03;Lisboa;Lisboa;ACC;1;11;1106;110665
2025-03;2025;03;Viana do Castelo;Viana do Castelo;ACC;1;16;1609;160928
2025-03;2025;03;Portalegre;Castelo de Vide;ACC;1;12;1205;120504
2025-03;2025;03;Porto;Póvoa de Varzim;ACC;1;13;1313;131313
2025-03;2025;03;Braga;Guimarães;ACC;2;03;0308;030884
2025-03;2025;03;Braga;Guimarães;ACC;1;03;0308;030887
2025-03;2025;03;Porto;Vila Nova de Gaia;ACC;1;13;1317;131729
2025-03;2025;03;Porto;Santo Tirso;ACC;2;13;1314;131437
2025-03;2025;03;Setúbal;Seixal;ACC;3;15;1510;151007
2025-03;2025;03;Braga;Guimarães;ACC;1;03;0308;030888
2025-03;2025;03;Leiria;Pombal;ACC;1;10;1015;101519
2025-03;2025;03;Porto;Felgueiras;ACC;1;13;1303;130341
2025-03;2025;03;Braga;Vila Verde;ACC;1;03;0313;031342
2024-11;2024;11;Porto;Felgueiras;ACC;1;13;1303;130335
2025-03;2025;03;Santarém;Ourém;ACC;1;14;1421;142106
2025-03;2025;03;Lisboa;Lisboa;ACC;2;11;1106;110618
2025-03;2025;03;Setúbal;Setúbal;ACC;1;15;1512;151209
2025-03;2025;03;Aveiro;Santa Maria da Feira;ACC;1;01;0109;010932
2025-03;2025;03;Lisboa;Cascais;ACC;1;11;1105;110507
2025-03;2025;03;Porto;Lousada;ACC;1;13;1305;130529
2025-03;2025;03;Porto;Gondomar;ACC;1;13;1304;130415
2025-03;2025;03;Porto;Porto;ACC;2;13;1312;131218
2025-03;2025;03;Porto;Matosinhos;ACC;1;13;1308;130812
2025-03;2025;03;Évora;Vendas Novas;ACC;2;07;0712;071201
2025-03;2025;03;Aveiro;Oliveira de Azeméis;ACC;1;01;0113;011319
2025-03;2025;03;Porto;Paredes;ACC;1;13;1310;131024
2024-10;2024;10;Porto;Felgueiras;ACC;1;13;1303;130335
2022-09;2022;09;Viseu;Tondela;ACC;1;18;1821;182108
2023-09;2023;09;Santarém;Ourém;ACC;1;14;1421;142115
2023-09;2023;09;Braga;Braga;CER;1;03;0303;030331
2024-09;2024;09;Porto;Porto;ACC;2;13;1312;131203
2024-09;2024;09;Santarém;Torres Novas;ACC;1;14;1419;141917
2024-09;2024;09;Porto;Paços de Ferreira;ACC;1;13;1309;130918
2024-09;2024;09;Leiria;Pombal;ACC;1;10;1015;101508
2024-09;2024;09;Leiria;Peniche;ACC;1;10;1014;101407
2024-09;2024;09;Braga;Póvoa de Lanhoso;ACC;1;03;0309;030919
2024-09;2024;09;Porto;Vila Nova de Gaia;ACC;1;13;1317;131717
2024-09;2024;09;Braga;Vila Verde;ACC;1;03;0313;031354
2024-09;2024;09;Aveiro;Águeda;ACC;1;01;0101;010121
2024-09;2024;09;Braga;Guimarães;ACC;1;03;0308;030878
2024-09;2024;09;Lisboa;Loures;ACC;2;11;1107;110728
2024-09;2024;09;Aveiro;Santa Maria da Feira;ACC;1;01;0109;010932
2024-09;2024;09;Lisboa;Loures;ACC;1;11;1107;110731
2024-09;2024;09;Castelo Branco;Fundão;ACC;1;05;0504;050434
2024-09;2024;09;Évora;Évora;ACC;3;07;0705;070524
2024-09;2024;09;Lisboa;Sintra;ACC;2;11;1111;111126
2024-11;2024;11;Santarém;Tomar;ACC;2;14;1418;141821
2023-09;2023;09;Porto;Felgueiras;ACC;1;13;1303;130341
2024-09;2024;09;Lisboa;Lisboa;ACC;1;11;1106;110602
2024-09;2024;09;Santarém;Almeirim;ACC;1;14;1403;140301
2024-09;2024;09;Lisboa;Oeiras;ACC;1;11;1110;111002
2024-09;2024;09;Coimbra;Coimbra;ACC;1;06;0603;060338
2024-09;2024;09;Aveiro;Águeda;ACC;1;01;0101;010124
2024-09;2024;09;Braga;Cabeceiras de Basto;ACC;1;03;0304;030421
2024-09;2024;09;Guarda;Sabugal;ACC;1;09;0911;091145
2024-09;2024;09;Setúbal;Seixal;ACC;3;15;1510;151007
2024-09;2024;09;Faro;Vila Real de Santo António;ACC;1;08;0816;081602
2024-04;2024;04;Braga;Esposende;ACC;1;03;0306;030616
2024-04;2024;04;Porto;Porto;ACC;1;13;1312;131210
2024-04;2024;04;Santarém;Santarém;ACC;1;14;1416;141614
2024-04;2024;04;Santarém;Almeirim;ACC;1;14;1403;140301
2024-04;2024;04;Leiria;Pombal;ACC;1;10;1015;101509
2024-04;2024;04;Setúbal;Palmela;ACC;2;15;1508;150802
2024-08;2024;08;Setúbal;Moita;ACC;1;15;1506;150603
2025-04;2025;04;Setúbal;Palmela;ACC;2;15;1508;150802
2025-04;2025;04;Setúbal;Palmela;ACC;1;15;1508;150806
2025-04;2025;04;Setúbal;Grândola;ACC;2;15;1505;150506
2024-08;2024;08;Aveiro;Albergaria-a-Velha;ACC;1;01;0102;010209
2025-04;2025;04;Aveiro;Albergaria-a-Velha;ACC;1;01;0102;010204
2025-04;2025;04;Aveiro;Santa Maria da Feira;ACC;1;01;0109;010916
2025-04;2025;04;Aveiro;Aveiro;ACC;2;01;0105;010505
2025-04;2025;04;Aveiro;Espinho;ACC;1;01;0107;010704
2025-04;2025;04;Aveiro;Oliveira de Azeméis;ACC;2;01;0113;011321
2025-04;2025;04;Leiria;Figueiró dos Vinhos;ACC;1;10;1008;100806
2025-04;2025;04;Leiria;Caldas da Rainha;ACC;2;10;1006;100619
2025-04;2025;04;Leiria;Caldas da Rainha;ACC;1;10;1006;100608
2023-08;2023;08;Santarém;Tomar;ACC;1;14;1418;141821
2025-04;2025;04;Santarém;Ourém;ACC;1;14;1421;142104
2025-04;2025;04;Santarém;Ourém;ACC;1;14;1421;142106
2024-08;2024;08;Santarém;Torres Novas;ACC;1;14;1419;141917
2024-08;2024;08;Santarém;Salvaterra de Magos;ACC;1;14;1415;141503
2024-08;2024;08;Santarém;Alcanena;ACC;1;14;1402;140211
2024-08;2024;08;Faro;Aljezur;ACC;1;08;0803;080302
2025-04;2025;04;Coimbra;Montemor-o-Velho;ACC;1;06;0610;061016
2024-04;2024;04;Viana do Castelo;Viana do Castelo;ACC;1;16;1609;160923
2024-04;2024;04;Bragança;Miranda do douro;ACC;1;04;0406;040608
2024-04;2024;04;Castelo Branco;Fundão;ACC;1;05;0504;050434
2025-04;2025;04;Braga;Barcelos;ACC;2;03;0302;030293
2025-04;2025;04;Braga;Barcelos;ACC;1;03;0302;030209
2024-04;2024;04;Braga;Guimarães;ACC;1;03;0308;030884
2025-04;2025;04;Braga;Guimarães;ACC;1;03;0308;030838
2024-04;2024;04;Braga;Vila Verde;ACC;1;03;0313;031363
2024-08;2024;08;Braga;Braga;ACC;1;03;0303;030354
2025-04;2025;04;Braga;Vila Nova de Famalicão;ACC;1;03;0312;031219
2024-08;2024;08;Braga;Vila Nova de Famalicão;ACC;1;03;0312;031233
2025-04;2025;04;Braga;Póvoa de Lanhoso;ACC;1;03;0309;030919
2024-04;2024;04;Lisboa;Loures;ACC;1;11;1107;110729
2025-04;2025;04;Lisboa;Amadora;ACC;1;11;1115;111517
2025-04;2025;04;Lisboa;Cascais;ACC;1;11;1105;110501
2025-04;2025;04;Lisboa;Lisboa;ACC;1;11;1106;110665
2025-04;2025;04;Lisboa;Sintra;ACC;2;11;1111;111126
2025-04;2025;04;Lisboa;Vila Franca de Xira;ACC;1;11;1114;111414
2025-04;2025;04;Porto;Vila Nova de Gaia;ACC;1;13;1317;131729
2025-04;2025;04;Porto;Santo Tirso;ACC;2;13;1314;131437
2025-04;2025;04;Porto;Valongo;ACC;1;13;1315;131501
2024-08;2024;08;Porto;Valongo;ACC;1;13;1315;131501
2025-04;2025;04;Porto;Valongo;ACC;3;13;1315;131503
2024-08;2024;08;Porto;Vila do Conde;ACC;2;13;1316;131602
2024-08;2024;08;Porto;Vila do Conde;ACC;1;13;1316;131611
2025-04;2025;04;Porto;Porto;ACC;1;13;1312;131216
2025-04;2025;04;Porto;Paços de Ferreira;ACC;1;13;1309;130918
2025-04;2025;04;Porto;Póvoa de Varzim;ACC;1;13;1313;131308
2025-04;2025;04;Porto;Póvoa de Varzim;ACC;1;13;1313;131314
2025-04;2025;04;Viseu;Tondela;ACC;1;18;1821;182108
2023-08;2023;08;Viseu;Tondela;ACC;1;18;1821;182108
2025-04;2025;04;Viseu;Tarouca;ACC;1;18;1820;182013
2025-04;2025;04;Vila Real;Vila Pouca de Aguiar;ACC;1;17;1713;171317
2024-08;2024;08;Bragança;Bragança;ACC;1;04;0402;040252
2025-04;2025;04;Bragança;Bragança;ACC;1;04;0402;040257
2025-04;2025;04;Beja;Aljustrel;ACC;1;02;0201;020104
2024-08;2024;08;Braga;Celorico de Basto;ACC;1;03;0305;030523
2024-08;2024;08;Portalegre;Nisa;ACC;1;12;1212;121212
2024-08;2024;08;Castelo Branco;Fundão;ACC;1;05;0504;050434
2024-08;2024;08;Porto;Porto;ACC;2;13;1312;131218
2024-08;2024;08;Porto;Santo Tirso;ACC;2;13;1314;131437
2025-08;2025;08;Coimbra;Góis;ACC;1;06;0606;060601
2025-08;2025;08;Porto;Vila do Conde;ACC;2;13;1316;131602
2025-08;2025;08;Lisboa;Oeiras;ACC;2;11;1110;111002
2025-08;2025;08;Braga;Barcelos;ACC;1;03;0302;030220
2025-08;2025;08;Lisboa;Lisboa;ACC;2;11;1106;110618
2025-08;2025;08;Bragança;Mirandela;ACC;1;04;0407;040720
2025-08;2025;08;Porto;Paredes;ACC;1;13;1310;131025
2025-08;2025;08;Porto;Penafiel;ACC;2;13;1311;131129
2025-08;2025;08;Lisboa;Torres Vedras;ACC;2;11;1113;111326
2025-08;2025;08;Porto;Vila Nova de Gaia;ACC;1;13;1317;131717
2025-08;2025;08;Porto;Amarante;ACC;1;13;1301;130135
2025-08;2025;08;Lisboa;Oeiras;ACC;3;11;1110;111012
2025-08;2025;08;Lisboa;Cascais;ACC;1;11;1105;110507
2025-08;2025;08;Bragança;Bragança;ACC;1;04;0402;040252
2025-08;2025;08;Bragança;Bragança;ACC;1;04;0402;040257
2025-08;2025;08;Braga;Barcelos;ACC;1;03;0302;0302FH
2025-08;2025;08;Porto;Vila do Conde;ACC;2;13;1316;131628
2025-08;2025;08;Faro;Vila Real de Santo António;ACC;1;08;0816;081602
2025-04;2025;04;Coimbra;Penacova;ACC;1;06;0613;061304
2025-04;2025;04;Coimbra;Coimbra;ACC;1;06;0603;060338
2025-04;2025;04;Coimbra;Coimbra;ACC;1;06;0603;060340
2025-08;2025;08;Coimbra;Condeixa-a-Nova;ACC;1;06;0604;060411
2024-08;2024;08;Aveiro;Estarreja;ACC;1;01;0108;010808
2025-08;2025;08;Aveiro;Estarreja;ACC;1;01;0108;010808
2024-08;2024;08;Braga;Braga;ACC;1;03;0303;030367
2024-08;2024;08;Leiria;Leiria;ACC;1;10;1009;100933
2024-08;2024;08;Aveiro;Oliveira de Azeméis;ACC;1;01;0113;011322
2025-08;2025;08;Santarém;Tomar;ACC;2;14;1418;141821
2025-08;2025;08;Leiria;Caldas da Rainha;ACC;2;10;1006;100619
2025-08;2025;08;Lisboa;Cadaval;ACC;1;11;1104;110410
2025-08;2025;08;Portalegre;Avis;ACC;1;12;1203;120303
2025-08;2025;08;Aveiro;Murtosa;ACC;1;01;0112;011201
2025-08;2025;08;Santarém;Ourém;ACC;1;14;1421;142104
2025-08;2025;08;Santarém;Mação;ACC;1;14;1413;141305
2025-08;2025;08;Faro;Loulé;ACC;1;08;0808;080809
2022-12;2022;12;Santarém;Ourém;ACC;1;14;1421;142115
2025-08;2025;08;Leiria;Peniche;ACC;1;10;1014;101407
2025-08;2025;08;Faro;Silves;ACC;1;08;0813;081305
2025-08;2025;08;Aveiro;Águeda;ACC;1;01;0101;010121
2025-08;2025;08;Setúbal;Setúbal;ACC;2;15;1512;151209
2025-08;2025;08;Lisboa;Cadaval;ACC;1;11;1104;110411
2024-12;2024;12;Leiria;Alcobaça;ACC;1;10;1001;100120
2024-12;2024;12;Faro;Aljezur;ACC;1;08;0803;080302
2024-12;2024;12;Leiria;Pombal;ACC;1;10;1015;101505
2024-12;2024;12;Setúbal;Seixal;ACC;5;15;1510;151005
2024-12;2024;12;Coimbra;Cantanhede;ACC;1;06;0602;060207
2024-12;2024;12;Setúbal;Seixal;ACC;1;15;1510;151006
2024-12;2024;12;Coimbra;Penacova;ACC;1;06;0613;061302
2024-12;2024;12;Viseu;Tondela;ACC;1;18;1821;182108
2024-12;2024;12;Coimbra;Penacova;ACC;1;06;0613;061304
2024-12;2024;12;Faro;Loulé;ACC;1;08;0808;080808
2024-12;2024;12;Faro;Loulé;ACC;1;08;0808;080809
2024-12;2024;12;Leiria;Marinha Grande;ACC;3;10;1010;101001
2024-12;2024;12;Aveiro;Santa Maria da Feira;ACC;1;01;0109;010914
2024-12;2024;12;Setúbal;Moita;ACC;1;15;1506;150603
2024-12;2024;12;Aveiro;Santa Maria da Feira;ACC;1;01;0109;010919
2024-12;2024;12;Braga;Braga;ACC;1;03;0303;030331
2024-12;2024;12;Braga;Braga;CER;1;03;0303;030331
2024-12;2024;12;Aveiro;Espinho;ACC;1;01;0107;010704
2024-12;2024;12;Leiria;Pombal;ACC;1;10;1015;101508
2024-12;2024;12;Santarém;Santarém;ACC;1;14;1416;141614
2024-12;2024;12;Setúbal;Setúbal;ACC;1;15;1512;151208
2024-12;2024;12;Coimbra;Coimbra;ACC;2;06;0603;060318
2024-12;2024;12;Faro;Lagoa;ACC;1;08;0806;080607
2024-12;2024;12;Évora;Estremoz;ACC;1;07;0704;070414
2024-12;2024;12;Leiria;Figueiró dos Vinhos;ACC;1;10;1008;100806
2024-12;2024;12;Setúbal;Grândola;ACC;2;15;1505;150506
2024-12;2024;12;Setúbal;Almada;ACC;3;15;1503;150315
2024-12;2024;12;Évora;Évora;ACC;4;07;0705;070524
2024-12;2024;12;Leiria;Leiria;ACC;1;10;1009;100936
2024-12;2024;12;Aveiro;Oliveira de Azeméis;ACC;2;01;0113;011321
2024-12;2024;12;Aveiro;Oliveira de Azeméis;ACC;1;01;0113;011322
2024-12;2024;12;Braga;Cabeceiras de Basto;ACC;1;03;0304;030421
2024-12;2024;12;Guarda;Sabugal;ACC;1;09;0911;091145
2024-12;2024;12;Lisboa;Loures;ACC;1;11;1107;110730
2024-12;2024;12;Lisboa;Loures;ACC;2;11;1107;110729
2024-12;2024;12;Setúbal;Seixal;ACC;3;15;1510;151007
2024-12;2024;12;Braga;Guimarães;ACC;1;03;0308;030888
2024-12;2024;12;Coimbra;Coimbra;ACC;1;06;0603;060338
2024-12;2024;12;Faro;Tavira;ACC;1;08;0814;081412
2024-02;2024;02;Santarém;Tomar;ACC;1;14;1418;141821
2024-12;2024;12;Aveiro;Águeda;ACC;1;01;0101;010126
2024-12;2024;12;Porto;Felgueiras;ACC;1;13;1303;130341
2024-02;2024;02;Porto;Felgueiras;ACC;1;13;1303;130341
2024-12;2024;12;Braga;Vila Nova de Famalicão;ACC;3;03;0312;031260
2024-12;2024;12;Viana do Castelo;Arcos de Valdevez;ACC;1;16;1601;160149
2024-12;2024;12;Braga;Barcelos;ACC;1;03;0302;030283
2024-12;2024;12;Évora;Vendas Novas;ACC;1;07;0712;071201
2024-12;2024;12;Santarém;Cartaxo;ACC;1;14;1406;140607
2024-12;2024;12;Castelo Branco;Vila de Rei;ACC;1;05;0510;051003
2024-12;2024;12;Porto;Vila do Conde;ACC;1;13;1316;131630
2024-12;2024;12;Faro;Vila Real de Santo António;ACC;1;08;0816;081602
2024-02;2024;02;Viseu;Tondela;ACC;1;18;1821;182108
2024-02;2024;02;Bragança;Miranda do douro;ACC;1;04;0406;040608
2025-02;2025;02;Portalegre;Elvas;ACC;1;12;1207;120712
2025-02;2025;02;Coimbra;Cantanhede;ACC;1;06;0602;060207
2025-02;2025;02;Santarém;Torres Novas;ACC;1;14;1419;141917
2025-02;2025;02;Braga;Braga;CER;1;03;0303;030331
2025-02;2025;02;Leiria;Peniche;ACC;1;10;1014;101407
2025-02;2025;02;Aveiro;Santa Maria da Feira;ACC;1;01;0109;010925
2025-02;2025;02;Coimbra;Tábua;ACC;2;06;0616;061614
2025-02;2025;02;Leiria;Bombarral;ACC;1;10;1005;100506
2025-02;2025;02;Coimbra;Condeixa-a-Nova;ACC;1;06;0604;060411
2024-12;2024;12;Lisboa;Cascais;ACC;1;11;1105;110501
2025-02;2025;02;Porto;Valongo;ACC;1;13;1315;131501
2024-12;2024;12;Lisboa;Amadora;ACC;1;11;1115;111512
2024-12;2024;12;Lisboa;Sintra;ACC;1;11;1111;111102
2024-12;2024;12;Coimbra;Figueira da Foz;ACC;1;06;0605;060502
2024-12;2024;12;Coimbra;Góis;ACC;1;06;0606;060601
2025-02;2025;02;Lisboa;Arruda dos Vinhos;ACC;2;11;1102;110202
2024-12;2024;12;Porto;Vila do Conde;ACC;2;13;1316;131602
2025-02;2025;02;Porto;Vila do Conde;ACC;2;13;1316;131602
2024-12;2024;12;Porto;Vila do Conde;ACC;1;13;1316;131603
2025-02;2025;02;Porto;Vila do Conde;ACC;1;13;1316;131603
2024-12;2024;12;Lisboa;Lisboa;ACC;1;11;1106;110657
2025-02;2025;02;Lisboa;Lisboa;ACC;1;11;1106;110657
2024-12;2024;12;Lisboa;Azambuja;ACC;1;11;1103;110304
2025-02;2025;02;Porto;Marco de Canaveses;ACC;1;13;1307;130734
2024-12;2024;12;Lisboa;Loures;ACC;1;11;1107;110702
2024-12;2024;12;Porto;Porto;ACC;2;13;1312;131203
2024-12;2024;12;Coimbra;Montemor-o-Velho;ACC;1;06;0610;061003
2024-12;2024;12;Braga;Barcelos;ACC;1;03;0302;030220
2024-12;2024;12;Porto;Paços de Ferreira;ACC;1;13;1309;130905
2024-12;2024;12;Vila Real;Vila Real;ACC;1;17;1714;171409
2024-12;2024;12;Braga;Vila Verde;ACC;1;03;0313;031317
2025-02;2025;02;Braga;Vila Verde;ACC;1;03;0313;031317
2025-02;2025;02;Braga;Vila Nova de Famalicão;ACC;1;03;0312;031219
2024-12;2024;12;Castelo Branco;Idanha-a-Nova;ACC;1;05;0505;050505
2024-12;2024;12;Braga;Barcelos;ACC;1;03;0302;030245
2024-12;2024;12;Lisboa;Amadora;ACC;1;11;1115;111516
2024-12;2024;12;Porto;Porto;ACC;1;13;1312;131210
2024-12;2024;12;Braga;Guimarães;ACC;2;03;0308;030837
2024-12;2024;12;Braga;Barcelos;ACC;1;03;0302;030261
2025-02;2025;02;Braga;Póvoa de Lanhoso;ACC;1;03;0309;030919
2024-02;2024;02;Braga;Vila Nova de Famalicão;ACC;1;03;0312;031233
2024-12;2024;12;Viseu;Viseu;ACC;2;18;1823;182323
2025-02;2025;02;Lisboa;Sintra;ACC;3;11;1111;111108
2024-12;2024;12;Braga;Guimarães;ACC;1;03;0308;030858
2024-12;2024;12;Lisboa;Torres Vedras;ACC;1;11;1113;111326
2024-12;2024;12;Viana do Castelo;Viana do Castelo;ACC;1;16;1609;160928
2024-12;2024;12;Lisboa;Lisboa;ACC;1;11;1106;110639
2024-12;2024;12;Porto;Vila Nova de Gaia;ACC;1;13;1317;131717
2024-12;2024;12;Lisboa;Torres Vedras;ACC;2;11;1113;111314
2024-12;2024;12;Braga;Braga;ACC;1;03;0303;030354
2025-02;2025;02;Lisboa;Sobral de Monte Agraço;ACC;1;11;1112;111203
2024-12;2024;12;Porto;Amarante;ACC;1;13;1301;130135
2024-12;2024;12;Braga;Vila Verde;ACC;1;03;0313;031354
2024-02;2024;02;Braga;Vila Verde;ACC;1;03;0313;031354
2025-02;2025;02;Lisboa;Alenquer;ACC;1;11;1101;110119
2024-12;2024;12;Braga;Esposende;ACC;1;03;0306;030616
2024-12;2024;12;Braga;Barcelos;ACC;1;03;0302;030293
2024-12;2024;12;Lisboa;Loures;ACC;1;11;1107;110731
2024-12;2024;12;Braga;Guimarães;ACC;1;03;0308;030881
2025-02;2025;02;Lisboa;Oeiras;ACC;2;11;1110;111013
2025-02;2025;02;Lisboa;Vila Franca de Xira;ACC;1;11;1114;111414
2024-12;2024;12;Portalegre;Nisa;ACC;1;12;1212;121212
2024-12;2024;12;Braga;Esposende;ACC;3;03;0306;030618
2024-12;2024;12;Braga;Braga;ACC;1;03;0303;030370
2024-12;2024;12;Porto;Gondomar;ACC;2;13;1304;130413
2024-12;2024;12;Porto;Lousada;ACC;1;13;1305;130529
2024-12;2024;12;Bragança;Bragança;ACC;1;04;0402;040252
2024-12;2024;12;Porto;Vila Nova de Gaia;ACC;2;13;1317;131727
2024-12;2024;12;Braga;Braga;ACC;1;03;0303;030375
2024-12;2024;12;Vila Real;Peso da Régua;ACC;1;17;1708;170816
2024-12;2024;12;Porto;Póvoa de Varzim;ACC;1;13;1313;131315
2025-02;2025;02;Viana do Castelo;Monção;ACC;1;16;1604;160431
2024-01;2024;01;Braga;Braga;ACC;1;03;0303;030370
2025-02;2025;02;Porto;Lousada;ACC;1;13;1305;130529
2025-02;2025;02;Braga;Guimarães;ACC;2;03;0308;030884
2025-01;2025;01;Portalegre;Avis;ACC;1;12;1203;120303
2024-01;2024;01;Porto;Valongo;ACC;1;13;1315;131503
2024-01;2024;01;Braga;Braga;CER;1;03;0303;030331
2024-01;2024;01;Santarém;Alcanena;ACC;1;14;1402;140211
2025-01;2025;01;Portalegre;Elvas;ACC;1;12;1207;120712
2025-01;2025;01;Santarém;Ourém;ACC;1;14;1421;142102
2025-01;2025;01;Faro;Aljezur;ACC;1;08;0803;080302
2025-01;2025;01;Braga;Barcelos;ACC;1;03;0302;030220
2025-01;2025;01;Porto;Maia;ACC;2;13;1306;130618
2025-01;2025;01;Porto;Maia;ACC;1;13;1306;130619
2025-01;2025;01;Santarém;Mação;ACC;1;14;1413;141305
2025-01;2025;01;Braga;Fafe;ACC;1;03;0307;030709
2025-01;2025;01;Vila Real;Vila Real;ACC;1;17;1714;171409
2025-01;2025;01;Aveiro;Santa Maria da Feira;ACC;1;01;0109;010914
2025-01;2025;01;Porto;Paredes;ACC;1;13;1310;131025
2025-01;2025;01;Lisboa;Lisboa;ACC;1;11;1106;110662
2025-01;2025;01;Lisboa;Torres Vedras;ACC;1;11;1113;111310
2025-01;2025;01;Santarém;Cartaxo;ACC;1;14;1406;140604
2025-01;2025;01;Porto;Porto;ACC;1;13;1312;131211
2025-01;2025;01;Aveiro;Santa Maria da Feira;ACC;1;01;0109;010925
2025-01;2025;01;Braga;Braga;ACC;1;03;0303;030354
2025-01;2025;01;Santarém;Alcanena;ACC;1;14;1402;140211
2025-01;2025;01;Porto;Trofa;ACC;1;13;1318;131810
2025-01;2025;01;Braga;Braga;ACC;1;03;0303;030370
2025-01;2025;01;Porto;Porto;ACC;2;13;1312;131218
2025-01;2025;01;Porto;Vila Nova de Gaia;ACC;2;13;1317;131727
2023-07;2023;07;Lisboa;Lisboa;ACC;1;11;1106;110618
2024-07;2024;07;Coimbra;Figueira da Foz;ACC;1;06;0605;060502
2024-07;2024;07;Braga;Barcelos;ACC;1;03;0302;030208
2024-07;2024;07;Aveiro;Anadia;ACC;1;01;0103;010305
2024-07;2024;07;Porto;Vila do Conde;ACC;1;13;1316;131603
2024-07;2024;07;Braga;Fafe;ACC;1;03;0307;030709
2024-07;2024;07;Portalegre;Portalegre;ACC;1;12;1214;121404
2024-07;2024;07;Coimbra;Penacova;ACC;1;06;0613;061304
2025-01;2025;01;Évora;Estremoz;ACC;1;07;0704;070414
2025-02;2025;02;Castelo Branco;Fundão;ACC;1;05;0504;050434
2022-07;2022;07;Castelo Branco;Fundão;ACC;1;05;0504;050434
2025-01;2025;01;Setúbal;Grândola;ACC;2;15;1505;150506
2025-02;2025;02;Leiria;Pombal;ACC;2;10;1015;101518
2025-02;2025;02;Coimbra;Montemor-o-Velho;ACC;1;06;0610;061016
2025-01;2025;01;Aveiro;Oliveira de Azeméis;ACC;2;01;0113;011321
2025-01;2025;01;Lisboa;Odivelas;ACC;1;11;1116;111609
2025-02;2025;02;Porto;Vila Nova de Gaia;ACC;1;13;1317;131729
2024-01;2024;01;Lisboa;Loures;ACC;1;11;1107;110729
2024-01;2024;01;Porto;Santo Tirso;ACC;1;13;1314;131437
2025-02;2025;02;Bragança;Bragança;ACC;1;04;0402;040257
2025-01;2025;01;Braga;Barcelos;ACC;1;03;0302;0302FH
2025-01;2025;01;Braga;Vila Nova de Famalicão;ACC;1;03;0312;031241
2024-01;2024;01;Braga;Barcelos;ACC;1;03;0302;030283
2025-02;2025;02;Lisboa;Amadora;ACC;1;11;1115;111517
2024-07;2024;07;Aveiro;Albergaria-a-Velha;ACC;1;01;0102;010209
2024-07;2024;07;Santarém;Almeirim;ACC;1;14;1403;140301
2025-01;2025;01;Faro;Portimão;ACC;1;08;0811;081101
2024-07;2024;07;Braga;Braga;ACC;1;03;0303;030331
2024-07;2024;07;Porto;Trofa;ACC;1;13;1318;131810
2024-07;2024;07;Bragança;Bragança;ACC;1;04;0402;040252
2024-07;2024;07;Leiria;Leiria;ACC;1;10;1009;100933
2024-07;2024;07;Braga;Braga;ACC;1;03;0303;030375
2024-07;2024;07;Aveiro;Águeda;ACC;1;01;0101;010124
2024-07;2024;07;Lisboa;Loures;ACC;2;11;1107;110727
2025-07;2025;07;Braga;Braga;ACC;2;03;0303;030301
2025-07;2025;07;Porto;Santo Tirso;ACC;1;13;1314;131402
2025-07;2025;07;Faro;Portimão;ACC;1;08;0811;081101
2025-07;2025;07;Porto;Gondomar;ACC;3;13;1304;130412
2025-07;2025;07;Coimbra;Figueira da Foz;ACC;1;06;0605;060520
2025-07;2025;07;Porto;Porto;ACC;2;13;1312;131203
2025-07;2025;07;Porto;Vila Nova de Gaia;ACC;1;13;1317;131704
2025-07;2025;07;Porto;Maia;ACC;3;13;1306;130618
2025-07;2025;07;Vila Real;Vila Real;ACC;1;17;1714;171409
2025-07;2025;07;Porto;Lousada;ACC;1;13;1305;130529
2025-07;2025;07;Bragança;Bragança;ACC;1;04;0402;040252
2025-07;2025;07;Setúbal;Almada;ACC;3;15;1503;150315
2025-07;2025;07;Braga;Braga;ACC;1;03;0303;030374
2025-07;2025;07;Vila Real;Peso da Régua;ACC;1;17;1708;170816
2025-07;2025;07;Portalegre;Ponte de Sor;ACC;2;12;1213;121308
2025-07;2025;07;Lisboa;Odivelas;ACC;2;11;1116;111608
2025-07;2025;07;Coimbra;Coimbra;ACC;1;06;0603;060336
2025-07;2025;07;Lisboa;Loures;ACC;1;11;1107;110730
2025-07;2025;07;Setúbal;Setúbal;ACC;2;15;1512;151210
2025-07;2025;07;Viseu;Tarouca;ACC;1;18;1820;182013
2025-07;2025;07;Faro;Tavira;ACC;1;08;0814;081412
2025-07;2025;07;Aveiro;Águeda;ACC;1;01;0101;010126
2025-07;2025;07;Viana do Castelo;Arcos de Valdevez;ACC;1;16;1601;160149
2024-06;2024;06;Santarém;Almeirim;ACC;1;14;1403;140301
2024-06;2024;06;Aveiro;Santa Maria da Feira;ACC;1;01;0109;010901
2024-07;2024;07;Leiria;Marinha Grande;ACC;4;10;1010;101001
2024-07;2024;07;Santarém;Torres Novas;ACC;1;14;1419;141917
2025-07;2025;07;Lisboa;Torres Vedras;ACC;1;11;1113;111326
2024-07;2024;07;Faro;Silves;ACC;1;08;0813;081305
2024-07;2024;07;Lisboa;Lisboa;ACC;1;11;1106;110639
2024-07;2024;07;Lisboa;Torres Vedras;ACC;2;11;1113;111314
2025-07;2025;07;Lisboa;Torres Vedras;ACC;2;11;1113;111314
2025-07;2025;07;Lisboa;Lisboa;ACC;1;11;1106;110602
2025-07;2025;07;Lisboa;Oeiras;ACC;2;11;1110;111002
2025-07;2025;07;Lisboa;Lisboa;ACC;2;11;1106;110607
2025-07;2025;07;Aveiro;Ílhavo;ACC;1;01;0110;011008
2025-07;2025;07;Porto;Póvoa de Varzim;ACC;1;13;1313;131313
2025-07;2025;07;Viseu;Tondela;ACC;1;18;1821;182132
2025-06;2025;06;Lisboa;Lisboa;CER;1;11;1106;110618
2024-06;2024;06;Porto;Maia;ACC;1;13;1306;130609
2024-06;2024;06;Braga;Vila Nova de Famalicão;ACC;1;03;0312;031233
2024-06;2024;06;Coimbra;Coimbra;ACC;2;06;0603;060318
2024-06;2024;06;Porto;Santo Tirso;ACC;1;13;1314;131437
2025-06;2025;06;Lisboa;Lisboa;ACC;1;11;1106;110602
2025-06;2025;06;Coimbra;Góis;ACC;1;06;0606;060601
2025-06;2025;06;Portalegre;Avis;ACC;1;12;1203;120303
2025-06;2025;06;Santarém;Mação;ACC;1;14;1413;141305
2025-06;2025;06;Lisboa;Amadora;ACC;1;11;1115;111516
2025-06;2025;06;Santarém;Ourém;ACC;1;14;1421;142115
2025-06;2025;06;Lisboa;Torres Vedras;ACC;1;11;1113;111310
2025-06;2025;06;Setúbal;Setúbal;ACC;1;15;1512;151208
2025-06;2025;06;Viseu;Sátão;ACC;1;18;1817;181710
2025-06;2025;06;Lisboa;Sobral de Monte Agraço;ACC;1;11;1112;111203
2025-06;2025;06;Guarda;Sabugal;ACC;1;09;0911;091134
2025-06;2025;06;Porto;Póvoa de Varzim;ACC;1;13;1313;131313
2025-06;2025;06;Castelo Branco;Proença-a-Nova;ACC;1;05;0508;050807
2025-06;2025;06;Setúbal;Setúbal;ACC;2;15;1512;151210
2025-06;2025;06;Leiria;Pombal;ACC;1;10;1015;101519
2025-06;2025;06;Braga;Barcelos;ACC;1;03;0302;030283
2025-06;2025;06;Aveiro;Oliveira de Azeméis;ACC;1;01;0113;011319
2025-06;2025;06;Lisboa;Cadaval;ACC;1;11;1104;110410
2025-06;2025;06;Viseu;Viseu;ACC;1;18;1823;182341
2024-05;2024;05;Portalegre;Elvas;ACC;1;12;1207;120712
2024-05;2024;05;Coimbra;Figueira da Foz;ACC;1;06;0605;060520
2024-05;2024;05;Porto;Porto;ACC;1;13;1312;131203
2024-05;2024;05;Bragança;Miranda do douro;ACC;1;04;0406;040608
2024-05;2024;05;Setúbal;Moita;ACC;1;15;1506;150603
2024-05;2024;05;Porto;Porto;ACC;1;13;1312;131210
2024-05;2024;05;Leiria;Pombal;ACC;1;10;1015;101509
2024-05;2024;05;Santarém;Cartaxo;ACC;1;14;1406;140604
2024-05;2024;05;Viseu;Sátão;ACC;1;18;1817;181710
2024-06;2024;06;Leiria;Pombal;ACC;1;10;1015;101505
2025-06;2025;06;Setúbal;Seixal;ACC;5;15;1510;151005
2024-06;2024;06;Braga;Vila Nova de Famalicão;ACC;1;03;0312;031213
2024-06;2024;06;Porto;Valongo;ACC;2;13;1315;131503
2025-06;2025;06;Coimbra;Cantanhede;ACC;1;06;0602;060207
2025-06;2025;06;Coimbra;Penacova;ACC;1;06;0613;061302
2025-06;2025;06;Braga;Guimarães;ACC;1;03;0308;030828
2024-06;2024;06;Braga;Esposende;ACC;1;03;0306;030616
2025-06;2025;06;Braga;Vila Verde;ACC;1;03;0313;031363
2025-06;2025;06;Setúbal;Almada;ACC;3;15;1503;150315
2025-06;2025;06;Leiria;Leiria;ACC;1;10;1009;100933
2025-06;2025;06;Braga;Braga;ACC;1;03;0303;030375
2024-06;2024;06;Porto;Vila Nova de Gaia;ACC;1;13;1317;131728
2025-06;2025;06;Porto;Vila do Conde;ACC;2;13;1316;131602
2025-06;2025;06;Leiria;Leiria;ACC;1;10;1009;100907
2025-06;2025;06;Lisboa;Oeiras;ACC;3;11;1110;111012
2025-06;2025;06;Beja;Beja;ACC;4;02;0205;020520
2025-06;2025;06;Portalegre;Nisa;ACC;1;12;1212;121212
2025-06;2025;06;Setúbal;Barreiro;ACC;1;15;1504;150411
2024-05;2024;05;Braga;Barcelos;ACC;1;03;0302;030293
2024-05;2024;05;Castelo Branco;Fundão;ACC;1;05;0504;050434
2024-05;2024;05;Porto;Vila Nova de Gaia;ACC;1;13;1317;131725
2024-05;2024;05;Porto;Felgueiras;ACC;1;13;1303;130335
2024-05;2024;05;Braga;Vila Nova de Famalicão;ACC;2;03;0312;031260
2025-05;2025;05;Lisboa;Sintra;ACC;1;11;1111;111102
2025-05;2025;05;Braga;Barcelos;ACC;1;03;0302;030208
2025-05;2025;05;Lisboa;Arruda dos Vinhos;ACC;2;11;1102;110202
2025-05;2025;05;Portalegre;Elvas;ACC;1;12;1207;120712
2025-05;2025;05;Aveiro;Anadia;ACC;1;01;0103;010305
2025-05;2025;05;Porto;Marco de Canaveses;ACC;1;13;1307;130734
2025-05;2025;05;Faro;Aljezur;ACC;1;08;0803;080302
2025-05;2025;05;Braga;Vila Nova de Famalicão;ACC;1;03;0312;031213
2025-05;2025;05;Aveiro;Aveiro;ACC;2;01;0105;010505
2025-05;2025;05;Braga;Fafe;ACC;1;03;0307;030709
2025-05;2025;05;Braga;Vila Verde;ACC;1;03;0313;031317
2025-05;2025;05;Braga;Guimarães;ACC;1;03;0308;030828
2025-05;2025;05;Coimbra;Penacova;ACC;1;06;0613;061304
2025-05;2025;05;Porto;Paços de Ferreira;ACC;1;13;1309;130918
2025-05;2025;05;Setúbal;Palmela;ACC;1;15;1508;150804
2025-05;2025;05;Lisboa;Alenquer;ACC;1;11;1101;110119
2025-05;2025;05;Setúbal;Moita;ACC;3;15;1506;150607
2025-05;2025;05;Beja;Beja;ACC;4;02;0205;020520
2025-05;2025;05;Lisboa;Cascais;ACC;1;11;1105;110507
2025-05;2025;05;Lisboa;Vila Franca de Xira;ACC;1;11;1114;111414
2025-05;2025;05;Braga;Esposende;ACC;3;03;0306;030618
2025-05;2025;05;Évora;Estremoz;ACC;1;07;0704;070414
2025-05;2025;05;Aveiro;Santa Maria da Feira;ACC;1;01;0109;010935
2025-05;2025;05;Leiria;Leiria;ACC;1;10;1009;100936
2025-05;2025;05;Évora;Évora;ACC;1;07;0705;070525
2025-05;2025;05;Aveiro;Oliveira de Azeméis;ACC;1;01;0113;011322
2025-05;2025;05;Lisboa;Odivelas;ACC;2;11;1116;111608
2025-05;2025;05;Viana do Castelo;Arcos de Valdevez;ACC;1;16;1601;160149
2025-05;2025;05;Braga;Vila Nova de Famalicão;ACC;1;03;0312;031241
2025-05;2025;05;Braga;Vila Nova de Famalicão;ACC;1;03;0312;031249
2024-03;2024;03;Bragança;Miranda do douro;ACC;1;04;0406;040608
2024-03;2024;03;Santarém;Ourém;ACC;1;14;1421;142115
2024-03;2024;03;Santarém;Almeirim;ACC;1;14;1403;140301
2024-03;2024;03;Braga;Vila Nova de Famalicão;ACC;1;03;0312;031219
2024-03;2024;03;Leiria;Marinha Grande;ACC;3;10;1010;101001
2024-03;2024;03;Setúbal;Moita;ACC;1;15;1506;150603
2024-03;2024;03;Faro;Silves;ACC;1;08;0813;081305
2024-03;2024;03;Porto;Póvoa de Varzim;ACC;1;13;1313;131314
2024-03;2024;03;Leiria;Leiria;ACC;1;10;1009;100933
2025-03;2025;03;Porto;Santo Tirso;ACC;1;13;1314;131402
2024-05;2024;05;Lisboa;Cadaval;ACC;1;11;1104;110413
2024-05;2024;05;Braga;Cabeceiras de Basto;ACC;1;03;0304;030421
2024-03;2024;03;Lisboa;Loures;ACC;1;11;1107;110729
2025-05;2025;05;Setúbal;Barreiro;ACC;1;15;1504;150409
2025-05;2025;05;Aveiro;Albergaria-a-Velha;ACC;1;01;0102;010209
2025-05;2025;05;Coimbra;Góis;ACC;1;06;0606;060601
2025-03;2025;03;Coimbra;Góis;ACC;1;06;0606;060601
2025-05;2025;05;Porto;Paredes;ACC;1;13;1310;131025
2025-05;2025;05;Porto;Porto;ACC;1;13;1312;131211
2025-05;2025;05;Santarém;Torres Novas;ACC;1;14;1419;141910
2025-05;2025;05;Aveiro;Santa Maria da Feira;ACC;2;01;0109;010925
2025-05;2025;05;Lisboa;Lisboa;ACC;1;11;1106;110665
2025-05;2025;05;Lisboa;Torres Vedras;ACC;2;11;1113;111314
2025-05;2025;05;Lisboa;Sintra;ACC;2;11;1111;111126
2025-05;2025;05;Braga;Guimarães;ACC;1;03;0308;030888
2025-03;2025;03;Évora;Évora;ACC;1;07;0705;070515
2025-03;2025;03;Lisboa;Lisboa;ACC;2;11;1106;110611
2025-03;2025;03;Braga;Guimarães;ACC;1;03;0308;030812
2025-03;2025;03;Setúbal;Moita;ACC;2;15;1506;150603
2025-03;2025;03;Santarém;Salvaterra de Magos;ACC;1;14;1415;141503
2025-03;2025;03;Aveiro;Oliveira do Bairro;ACC;1;01;0114;011403
2025-03;2025;03;Porto;Paços de Ferreira;ACC;1;13;1309;130918
2025-03;2025;03;Braga;Barcelos;ACC;1;03;0302;030261
2025-03;2025;03;Vila Real;Vila Pouca de Aguiar;ACC;1;17;1713;171317
2025-03;2025;03;Lisboa;Torres Vedras;ACC;2;11;1113;111314
2025-03;2025;03;Setúbal;Moita;ACC;3;15;1506;150607
2025-03;2025;03;Aveiro;Estarreja;ACC;1;01;0108;010808
2025-03;2025;03;Porto;Gondomar;ACC;2;13;1304;130413
2025-03;2025;03;Braga;Braga;ACC;1;03;0303;030377
2023-11;2023;11;Lisboa;Loures;ACC;1;11;1107;110729
2025-03;2025;03;Vila Real;Chaves;ACC;1;17;1703;170358
2025-03;2025;03;Coimbra;Coimbra;ACC;1;06;0603;060340
2023-11;2023;11;Braga;Braga;ACC;1;03;0303;030371
2024-11;2024;11;Lisboa;Cascais;ACC;1;11;1105;110501
2024-11;2024;11;Santarém;Rio Maior;ACC;1;14;1414;141401
2024-11;2024;11;Lisboa;Amadora;ACC;1;11;1115;111512
2024-11;2024;11;Lisboa;Sintra;ACC;1;11;1111;111102
2024-11;2024;11;Leiria;Alcobaça;ACC;1;10;1001;100120
2024-11;2024;11;Coimbra;Góis;ACC;1;06;0606;060601
2024-11;2024;11;Braga;Barcelos;ACC;1;03;0302;030208
2024-11;2024;11;Setúbal;Seixal;ACC;2;15;1510;151002
2024-11;2024;11;Aveiro;Santa Maria da Feira;ACC;1;01;0109;010902
2024-11;2024;11;Lisboa;Arruda dos Vinhos;ACC;2;11;1102;110202
2024-11;2024;11;Lisboa;Lisboa;ACC;1;11;1106;110657
2024-11;2024;11;Porto;Gondomar;ACC;3;13;1304;130412
2024-11;2024;11;Lisboa;Oeiras;ACC;1;11;1110;111002
2024-11;2024;11;Lisboa;Lisboa;ACC;1;11;1106;110607
2024-11;2024;11;Porto;Marco de Canaveses;ACC;1;13;1307;130734
2024-11;2024;11;Lisboa;Loures;ACC;1;11;1107;110702
2024-11;2024;11;Braga;Vila Nova de Famalicão;ACC;1;03;0312;031219
2024-11;2024;11;Braga;Barcelos;ACC;1;03;0302;030244
2024-11;2024;11;Aveiro;Santa Maria da Feira;ACC;1;01;0109;010914
2024-11;2024;11;Lisboa;Amadora;ACC;1;11;1115;111516
2024-11;2024;11;Setúbal;Moita;ACC;1;15;1506;150603
2024-11;2024;11;Santarém;Salvaterra de Magos;ACC;1;14;1415;141503
2024-11;2024;11;Aveiro;Oliveira do Bairro;ACC;1;01;0114;011403
2024-11;2024;11;Braga;Braga;CER;1;03;0303;030331
2024-11;2024;11;Porto;Paredes;ACC;1;13;1310;131025
2024-11;2024;11;Leiria;Pombal;ACC;2;10;1015;101509
2024-11;2024;11;Porto;Porto;ACC;1;13;1312;131211
2024-11;2024;11;Braga;Vila Nova de Famalicão;ACC;2;03;0312;031233
2024-11;2024;11;Aveiro;Santa Maria da Feira;ACC;1;01;0109;010925
2024-11;2024;11;Lisboa;Lisboa;ACC;1;11;1106;110665
2024-11;2024;11;Porto;Vila Nova de Gaia;ACC;1;13;1317;131717
2024-11;2024;11;Lisboa;Sobral de Monte Agraço;ACC;1;11;1112;111203
2024-11;2024;11;Coimbra;Tábua;ACC;2;06;0616;061614
2024-11;2024;11;Porto;Póvoa de Varzim;ACC;1;13;1313;131314
2024-11;2024;11;Lisboa;Alenquer;ACC;1;11;1101;110119
2024-11;2024;11;Braga;Barcelos;ACC;1;03;0302;030292
2024-11;2024;11;Lisboa;Loures;ACC;2;11;1107;110728
2024-11;2024;11;Braga;Barcelos;ACC;2;03;0302;030293
2024-11;2024;11;Aveiro;Estarreja;ACC;1;01;0108;010808
2024-11;2024;11;Braga;Esposende;ACC;3;03;0306;030618
2024-11;2024;11;Porto;Gondomar;ACC;2;13;1304;130413
2024-11;2024;11;Setúbal;Almada;ACC;3;15;1503;150315
2024-11;2024;11;Braga;Braga;ACC;1;03;0303;030374
2024-11;2024;11;Braga;Braga;ACC;1;03;0303;030377
2024-11;2024;11;Lisboa;Cadaval;ACC;1;11;1104;110413
2024-11;2024;11;Porto;Vila Nova de Gaia;ACC;1;13;1317;131728
2024-11;2024;11;Lisboa;Odivelas;ACC;2;11;1116;111608
2024-11;2024;11;Braga;Braga;ACC;1;03;0303;030379
2024-11;2024;11;Portalegre;Portalegre;ACC;1;12;1214;121413
2024-11;2024;11;Setúbal;Seixal;ACC;3;15;1510;151007
2024-11;2024;11;Setúbal;Barreiro;ACC;1;15;1504;150409
2024-11;2024;11;Braga;Guimarães;ACC;1;03;0308;030889
2024-11;2024;11;Bragança;Bragança;ACC;1;04;0402;040257
2024-11;2024;11;Braga;Guimarães;ACC;2;03;0308;030807
2025-03;2025;03;Leiria;Leiria;ACC;1;10;1009;100907
2024-11;2024;11;Leiria;Leiria;ACC;1;10;1009;100907
2024-11;2024;11;Porto;Maia;ACC;1;13;1306;130618
2024-11;2024;11;Setúbal;Seixal;ACC;5;15;1510;151005
2024-11;2024;11;Porto;Valongo;ACC;2;13;1315;131503
2024-11;2024;11;Braga;Fafe;ACC;1;03;0307;030709
2025-03;2025;03;Lisboa;Amadora;ACC;1;11;1115;111515
2024-11;2024;11;Santarém;Ourém;ACC;1;14;1421;142106
2024-11;2024;11;Coimbra;Cantanhede;ACC;1;06;0602;060207
2025-03;2025;03;Porto;Paços de Ferreira;ACC;1;13;1309;130905
2025-03;2025;03;Coimbra;Penacova;ACC;1;06;0613;061302
2024-11;2024;11;Coimbra;Penacova;ACC;1;06;0613;061302
2024-11;2024;11;Vila Real;Vila Real;ACC;1;17;1714;171409
2024-11;2024;11;Braga;Vila Verde;ACC;1;03;0313;031317
2022-11;2022;11;Viseu;Tondela;ACC;1;18;1821;182108
2024-11;2024;11;Porto;Vila do Conde;ACC;1;13;1316;131611
2024-11;2024;11;Castelo Branco;Idanha-a-Nova;ACC;1;05;0505;050505
2024-11;2024;11;Faro;Loulé;ACC;1;08;0808;080809
2024-11;2024;11;Lisboa;Lisboa;ACC;2;11;1106;110618
2024-11;2024;11;Porto;Maia;ACC;2;13;1306;130609
2024-11;2024;11;Porto;Porto;ACC;1;13;1312;131210
2024-11;2024;11;Setúbal;Palmela;ACC;1;15;1508;150804
2024-11;2024;11;Lisboa;Sintra;ACC;3;11;1111;111108
2024-11;2024;11;Braga;Guimarães;ACC;1;03;0308;030858
2025-03;2025;03;Setúbal;Santiago do Cacém;ACC;1;15;1509;150907
2025-03;2025;03;Viseu;Sátão;ACC;1;18;1817;181710
2024-11;2024;11;Viseu;Sátão;ACC;1;18;1817;181710
2024-11;2024;11;Beja;Beja;ACC;3;02;0205;020520
2024-11;2024;11;Porto;Trofa;ACC;1;13;1318;131810
2024-11;2024;11;Aveiro;Santa Maria da Feira;ACC;1;01;0109;010933
2024-11;2024;11;Porto;Porto;ACC;1;13;1312;131217
2024-11;2024;11;Portalegre;Nisa;ACC;1;12;1212;121212
2025-03;2025;03;Aveiro;Santa Maria da Feira;ACC;1;01;0109;010935
2022-11;2022;11;Castelo Branco;Fundão;ACC;1;05;0504;050434
2024-11;2024;11;Castelo Branco;Fundão;ACC;1;05;0504;050434
2025-03;2025;03;Setúbal;Grândola;ACC;2;15;1505;150506
2025-03;2025;03;Bragança;Bragança;ACC;1;04;0402;040252
2024-11;2024;11;Bragança;Bragança;ACC;1;04;0402;040252
2024-11;2024;11;Porto;Vila Nova de Gaia;ACC;1;13;1317;131727
2024-11;2024;11;Porto;Matosinhos;ACC;1;13;1308;130812
2024-11;2024;11;Setúbal;Montijo;ACC;1;15;1507;150710
2024-11;2024;11;Porto;Matosinhos;ACC;1;13;1308;130813
2024-11;2024;11;Vila Real;Peso da Régua;ACC;1;17;1708;170816
2024-11;2024;11;Braga;Barcelos;ACC;1;03;0302;0302FH
2024-11;2024;11;Viana do Castelo;Arcos de Valdevez;ACC;1;16;1601;160149
2024-11;2024;11;Évora;Vendas Novas;ACC;1;07;0712;071201
2024-11;2024;11;Lisboa;Amadora;ACC;1;11;1115;111517
2024-11;2024;11;Santarém;Cartaxo;ACC;1;14;1406;140607
2024-11;2024;11;Porto;Vila do Conde;ACC;1;13;1316;131628
2024-11;2024;11;Porto;Vila do Conde;ACC;1;13;1316;131630
2024-11;2024;11;Braga;Vila Nova de Famalicão;ACC;1;03;0312;031249
2024-11;2024;11;Porto;Paredes;ACC;1;13;1310;131024
2023-10;2023;10;Viseu;Tondela;ACC;1;18;1821;182108
2023-10;2023;10;Bragança;Miranda do douro;ACC;1;04;0406;040608
2024-10;2024;10;Braga;Braga;CER;1;03;0303;030331
2023-10;2023;10;Lisboa;Loures;ACC;1;11;1107;110729
2024-10;2024;10;Porto;Porto;ACC;2;13;1312;131203
2024-10;2024;10;Leiria;Leiria;ACC;1;10;1009;100907
2024-10;2024;10;Braga;Fafe;ACC;1;03;0307;030709
2024-10;2024;10;Setúbal;Palmela;ACC;2;15;1508;150802
2024-10;2024;10;Aveiro;Espinho;ACC;1;01;0107;010704
2024-10;2024;10;Porto;Paredes;ACC;1;13;1310;131025
2024-10;2024;10;Leiria;Pombal;ACC;1;10;1015;101508
2024-10;2024;10;Coimbra;Penacova;ACC;1;06;0613;061307
2024-10;2024;10;Braga;Guimarães;ACC;2;03;0308;030837
2024-10;2024;10;Braga;Barcelos;ACC;1;03;0302;030261
2024-10;2024;10;Setúbal;Sesimbra;ACC;1;15;1511;151103
2024-10;2024;10;Porto;Penafiel;ACC;2;13;1311;131129
2024-10;2024;10;Vila Real;Vila Pouca de Aguiar;ACC;1;17;1713;171317
2024-10;2024;10;Setúbal;Santiago do Cacém;ACC;1;15;1509;150907
2024-10;2024;10;Viseu;Sátão;ACC;1;18;1817;181710
2024-10;2024;10;Braga;Braga;ACC;1;03;0303;030354
2024-10;2024;10;Braga;Vila Verde;ACC;1;03;0313;031354
2024-10;2024;10;Aveiro;Águeda;ACC;1;01;0101;010121
2024-10;2024;10;Lisboa;Loures;ACC;2;11;1107;110728
2024-10;2024;10;Beja;Beja;ACC;3;02;0205;020520
2024-10;2024;10;Aveiro;Santa Maria da Feira;ACC;1;01;0109;010932
2024-10;2024;10;Lisboa;Oeiras;ACC;2;11;1110;111013
2024-10;2024;10;Braga;Braga;ACC;1;03;0303;030370
2024-10;2024;10;Évora;Estremoz;ACC;1;07;0704;070414
2024-10;2024;10;Aveiro;Santa Maria da Feira;ACC;1;01;0109;010935
2024-10;2024;10;Porto;Lousada;ACC;1;13;1305;130529
2023-09;2023;09;Castelo Branco;Fundão;ACC;1;05;0504;050434
2024-10;2024;10;Braga;Braga;ACC;1;03;0303;030374
2024-10;2024;10;Portalegre;Ponte de Sor;ACC;1;12;1213;121308
2024-10;2024;10;Lisboa;Odivelas;ACC;2;11;1116;111608
2024-10;2024;10;Lisboa;Odivelas;ACC;1;11;1116;111609
2024-10;2024;10;Guarda;Sabugal;ACC;1;09;0911;091145
2024-10;2024;10;Lisboa;Loures;ACC;2;11;1107;110729
2024-10;2024;10;Setúbal;Seixal;ACC;3;15;1510;151007
2024-10;2024;10;Braga;Guimarães;ACC;1;03;0308;030889
2024-10;2024;10;Viana do Castelo;Arcos de Valdevez;ACC;1;16;1601;160149
2024-10;2024;10;Évora;Vendas Novas;ACC;1;07;0712;071201
2024-10;2024;10;Lisboa;Amadora;ACC;1;11;1115;111517
2024-10;2024;10;Castelo Branco;Vila de Rei;ACC;1;05;0510;051003
2024-10;2024;10;Porto;Vila do Conde;ACC;1;13;1316;131628
2024-10;2024;10;Porto;Paredes;ACC;1;13;1310;131024
2022-09;2022;09;Bragança;Miranda do douro;ACC;1;04;0406;040608
2024-09;2024;09;Bragança;Miranda do douro;ACC;1;04;0406;040608
2024-09;2024;09;Porto;Valongo;ACC;2;13;1315;131503
2024-09;2024;09;Santarém;Ourém;ACC;1;14;1421;142115
2024-09;2024;09;Braga;Guimarães;ACC;2;03;0308;030807
2024-09;2024;09;Braga;Vila Nova de Famalicão;ACC;1;03;0312;031213
2024-09;2024;09;Lisboa;Amadora;ACC;1;11;1115;111515
2024-09;2024;09;Santarém;Santarém;ACC;1;14;1416;141614
2024-09;2024;09;Leiria;Pombal;ACC;2;10;1015;101509
2024-09;2024;09;Santarém;Cartaxo;ACC;1;14;1406;140604
2024-09;2024;09;Braga;Barcelos;ACC;1;03;0302;030261
2024-09;2024;09;Aveiro;Aveiro;ACC;1;01;0105;010516
2024-09;2024;09;Coimbra;Tábua;ACC;1;06;0616;061614
2024-09;2024;09;Setúbal;Moita;ACC;3;15;1506;150607
2024-09;2024;09;Porto;Vila Nova de Gaia;ACC;1;13;1317;131725
2024-09;2024;09;Leiria;Leiria;ACC;3;10;1009;100934
2024-10;2024;10;Coimbra;Coimbra;ACC;1;06;0603;060338
2024-11;2024;11;Coimbra;Coimbra;ACC;1;06;0603;060339
2024-10;2024;10;Viseu;Tarouca;ACC;1;18;1820;182013
2024-10;2024;10;Leiria;Caldas da Rainha;ACC;2;10;1006;100619
2024-11;2024;11;Porto;Felgueiras;ACC;1;13;1303;130341
2024-10;2024;10;Porto;Felgueiras;ACC;1;13;1303;130341
2024-10;2024;10;Aveiro;Albergaria-a-Velha;ACC;1;01;0102;010209
2024-09;2024;09;Santarém;Rio Maior;ACC;1;14;1414;141401
2024-10;2024;10;Lisboa;Sintra;ACC;1;11;1111;111102
2024-10;2024;10;Coimbra;Figueira da Foz;ACC;1;06;0605;060502
2024-10;2024;10;Coimbra;Góis;ACC;1;06;0606;060601
2024-10;2024;10;Braga;Barcelos;ACC;1;03;0302;030208
2024-10;2024;10;Setúbal;Seixal;ACC;2;15;1510;151002
2024-10;2024;10;Évora;Arraiolos;ACC;1;07;0702;070201
2024-10;2024;10;Guarda;Guarda;ACC;1;09;0907;090706
2024-10;2024;10;Lisboa;Arruda dos Vinhos;ACC;2;11;1102;110202
2024-10;2024;10;Portalegre;Elvas;ACC;1;12;1207;120712
2024-10;2024;10;Aveiro;Anadia;ACC;1;01;0103;010305
2024-10;2024;10;Porto;Vila do Conde;ACC;1;13;1316;131603
2024-10;2024;10;Portalegre;Avis;ACC;1;12;1203;120303
2024-10;2024;10;Lisboa;Oeiras;ACC;1;11;1110;111002
2024-10;2024;10;Leiria;Batalha;ACC;1;10;1004;100401
2024-09;2024;09;Leiria;Batalha;ACC;1;10;1004;100401
2024-09;2024;09;Lisboa;Lisboa;ACC;1;11;1106;110607
2024-10;2024;10;Porto;Marco de Canaveses;ACC;1;13;1307;130734
2024-09;2024;09;Santarém;Mação;ACC;1;14;1413;141305
2024-10;2024;10;Lisboa;Lisboa;ACC;1;11;1106;110660
2024-10;2024;10;Aveiro;Ílhavo;ACC;1;01;0110;011008
2024-09;2024;09;Braga;Vila Nova de Famalicão;ACC;1;03;0312;031219
2024-09;2024;09;Braga;Guimarães;ACC;1;03;0308;030828
2024-09;2024;09;Porto;Vila do Conde;ACC;1;13;1316;131614
2024-09;2024;09;Braga;Barcelos;ACC;1;03;0302;030245
2024-10;2024;10;Porto;Marco de Canaveses;ACC;2;13;1307;130736
2024-09;2024;09;Leiria;Marinha Grande;ACC;4;10;1010;101001
2024-10;2024;10;Bragança;Mirandela;ACC;1;04;0407;040720
2024-10;2024;10;Setúbal;Moita;ACC;1;15;1506;150603
2024-10;2024;10;Santarém;Salvaterra de Magos;ACC;1;14;1415;141503
2024-10;2024;10;Braga;Braga;ACC;1;03;0303;030367
2024-10;2024;10;Leiria;Leiria;ACC;1;10;1009;100933
2024-09;2024;09;Santarém;Tomar;ACC;2;14;1418;141821
2024-09;2024;09;Santarém;Cartaxo;ACC;1;14;1406;140607
2024-04;2024;04;Braga;Barcelos;ACC;1;03;0302;030220
2024-04;2024;04;Braga;Vila Verde;ACC;1;03;0313;031354
2024-04;2024;04;Porto;Paços de Ferreira;ACC;1;13;1309;130918
2024-04;2024;04;Lisboa;Lisboa;ACC;1;11;1106;110639
2024-04;2024;04;Lisboa;Torres Vedras;ACC;1;11;1113;111326
2024-04;2024;04;Lisboa;Alenquer;ACC;1;11;1101;110119
2024-04;2024;04;Faro;Silves;ACC;1;08;0813;081305
2024-04;2024;04;Santarém;Ourém;ACC;1;14;1421;142115
2024-04;2024;04;Santarém;Alcanena;ACC;1;14;1402;140211
2025-04;2025;04;Setúbal;Setúbal;ACC;1;15;1512;151208
2025-04;2025;04;Setúbal;Setúbal;ACC;1;15;1512;151209
2024-08;2024;08;Setúbal;Seixal;ACC;2;15;1510;151002
2025-04;2025;04;Setúbal;Palmela;ACC;1;15;1508;150804
2024-08;2024;08;Setúbal;Palmela;ACC;1;15;1508;150804
2025-04;2025;04;Setúbal;Sesimbra;ACC;1;15;1511;151103
2024-04;2024;04;Aveiro;Estarreja;ACC;1;01;0108;010808
2024-08;2024;08;Aveiro;Santa Maria da Feira;ACC;1;01;0109;010902
2024-08;2024;08;Aveiro;Santa Maria da Feira;ACC;1;01;0109;010919
2024-08;2024;08;Aveiro;Aveiro;ACC;1;01;0105;010505
2024-08;2024;08;Aveiro;Aveiro;ACC;1;01;0105;010516
2024-04;2024;04;Leiria;Leiria;ACC;1;10;1009;100934
2024-08;2024;08;Leiria;Pombal;ACC;1;10;1015;101508
2025-04;2025;04;Évora;Arraiolos;ACC;1;07;0702;070201
2025-04;2025;04;Santarém;Rio Maior;ACC;1;14;1414;141401
2024-08;2024;08;Santarém;Ourém;ACC;1;14;1421;142115
2025-04;2025;04;Santarém;Salvaterra de Magos;ACC;1;14;1415;141503
2025-04;2025;04;Faro;Portimão;ACC;1;08;0811;081101
2024-08;2024;08;Coimbra;Góis;ACC;1;06;0606;060601
2025-04;2025;04;Coimbra;Montemor-o-Velho;ACC;1;06;0610;061003
2025-04;2025;04;Portalegre;Nisa;ACC;1;12;1212;121212
2025-04;2025;04;Castelo Branco;Proença-a-Nova;ACC;1;05;0508;050807
2025-04;2025;04;Braga;Barcelos;ACC;1;03;0302;030283
2024-08;2024;08;Braga;Barcelos;ACC;1;03;0302;030261
2025-04;2025;04;Braga;Guimarães;ACC;2;03;0308;030807
2025-04;2025;04;Braga;Vila Verde;ACC;1;03;0313;031342
2024-08;2024;08;Braga;Vila Verde;ACC;1;03;0313;031317
2025-04;2025;04;Braga;Braga;ACC;1;03;0303;030371
2024-08;2024;08;Braga;Fafe;ACC;1;03;0307;030708
2025-04;2025;04;Lisboa;Loures;ACC;2;11;1107;110727
2024-08;2024;08;Lisboa;Amadora;ACC;1;11;1115;111515
2025-04;2025;04;Lisboa;Amadora;ACC;1;11;1115;111516
2024-08;2024;08;Lisboa;Amadora;ACC;1;11;1115;111516
2024-08;2024;08;Lisboa;Lisboa;ACC;1;11;1106;110657
2025-04;2025;04;Lisboa;Lisboa;ACC;2;11;1106;110607
2024-08;2024;08;Lisboa;Lisboa;ACC;1;11;1106;110607
2025-04;2025;04;Lisboa;Lisboa;ACC;1;11;1106;110658
2023-08;2023;08;Lisboa;Lisboa;ACC;1;11;1106;110618
2024-08;2024;08;Lisboa;Lisboa;ACC;1;11;1106;110618
2024-08;2024;08;Lisboa;Lisboa;ACC;1;11;1106;110665
2024-08;2024;08;Lisboa;Lisboa;ACC;1;11;1106;110639
2024-08;2024;08;Lisboa;Torres Vedras;ACC;2;11;1113;111314
2025-04;2025;04;Lisboa;Vila Franca de Xira;ACC;2;11;1114;111413
2024-04;2024;04;Porto;Felgueiras;ACC;1;13;1303;130335
2025-04;2025;04;Porto;Vila do Conde;ACC;1;13;1316;131603
2024-08;2024;08;Porto;Marco de Canaveses;ACC;1;13;1307;130734
2024-08;2024;08;Porto;Paços de Ferreira;ACC;2;13;1309;130917
2025-04;2025;04;Porto;Penafiel;ACC;2;13;1311;131129
2024-08;2024;08;Viseu;Viseu;ACC;2;18;1823;182323
2022-08;2022;08;Viseu;Tondela;ACC;1;18;1821;182108
2024-08;2024;08;Viseu;Tondela;ACC;1;18;1821;182108
2025-04;2025;04;Viseu;Sátão;ACC;1;18;1817;181710
2024-08;2024;08;Viseu;Sátão;ACC;1;18;1817;181710
2024-08;2024;08;Vila Real;Vila Real;ACC;1;17;1714;171409
2024-08;2024;08;Bragança;Miranda do douro;ACC;1;04;0406;040608
2024-08;2024;08;Viana do Castelo;Viana do Castelo;ACC;1;16;1609;160928
2024-08;2024;08;Lisboa;Oeiras;ACC;2;11;1110;111013
2024-08;2024;08;Braga;Braga;ACC;1;03;0303;030370
2024-08;2024;08;Braga;Braga;ACC;1;03;0303;030371
2024-08;2024;08;Braga;Braga;ACC;1;03;0303;030379
2024-08;2024;08;Braga;Cabeceiras de Basto;ACC;1;03;0304;030421
2024-08;2024;08;Lisboa;Amadora;ACC;1;11;1115;111517
2024-08;2024;08;Faro;Vila Real de Santo António;ACC;1;08;0816;081602
2025-08;2025;08;Lisboa;Lisboa;ACC;1;11;1106;110602
2025-08;2025;08;Braga;Guimarães;ACC;2;03;0308;030807
2025-08;2025;08;Coimbra;Montemor-o-Velho;ACC;1;06;0610;061003
2025-08;2025;08;Porto;Paços de Ferreira;ACC;4;13;1309;130902
2025-08;2025;08;Braga;Guimarães;ACC;1;03;0308;030812
2025-08;2025;08;Braga;Fafe;ACC;1;03;0307;030709
2025-08;2025;08;Castelo Branco;Idanha-a-Nova;ACC;1;05;0505;050505
2025-08;2025;08;Lisboa;Amadora;ACC;1;11;1115;111516
2025-08;2025;08;Lisboa;Oeiras;ACC;4;11;1110;111009
2025-08;2025;08;Braga;Póvoa de Lanhoso;ACC;1;03;0309;030919
2025-08;2025;08;Lisboa;Sintra;ACC;3;11;1111;111108
2025-08;2025;08;Vila Real;Vila Pouca de Aguiar;ACC;1;17;1713;171317
2025-08;2025;08;Braga;Braga;ACC;1;03;0303;030354
2025-08;2025;08;Lisboa;Vila Franca de Xira;ACC;2;11;1114;111413
2025-08;2025;08;Braga;Barcelos;ACC;2;03;0302;030293
2025-08;2025;08;Porto;Trofa;ACC;1;13;1318;131810
2025-08;2025;08;Braga;Braga;ACC;1;03;0303;030374
2025-08;2025;08;Lisboa;Loures;ACC;2;11;1107;110727
2025-08;2025;08;Lisboa;Loures;ACC;2;11;1107;110729
2025-08;2025;08;Braga;Barcelos;ACC;1;03;0302;030283
2025-08;2025;08;Castelo Branco;Vila de Rei;ACC;1;05;0510;051003
2025-08;2025;08;Vila Real;Vila Real;ACC;1;17;1714;171438
2022-12;2022;12;Bragança;Miranda do douro;ACC;1;04;0406;040608
2025-04;2025;04;Coimbra;Miranda do Corvo;ACC;1;06;0609;060902
2025-04;2025;04;Coimbra;Coimbra;ACC;1;06;0603;060339
2025-04;2025;04;Coimbra;Condeixa-a-Nova;ACC;1;06;0604;060411
2025-04;2025;04;Guarda;Sabugal;ACC;1;09;0911;091145
2025-08;2025;08;Faro;Lagoa;ACC;1;08;0806;080607
2025-08;2025;08;Setúbal;Grândola;ACC;2;15;1505;150506
2025-08;2025;08;Leiria;Leiria;ACC;4;10;1009;100934
2025-08;2025;08;Leiria;Leiria;ACC;1;10;1009;100935
2024-08;2024;08;Aveiro;Oliveira de Azeméis;ACC;2;01;0113;011321
2025-08;2025;08;Setúbal;Seixal;ACC;3;15;1510;151007
2025-08;2025;08;Faro;Tavira;ACC;1;08;0814;081412
2024-08;2024;08;Leiria;Caldas da Rainha;ACC;2;10;1006;100619
2025-08;2025;08;Aveiro;Oliveira de Azeméis;ACC;1;01;0113;011319
2024-08;2024;08;Lisboa;Cadaval;ACC;1;11;1104;110410
2025-08;2025;08;Santarém;Almeirim;ACC;1;14;1403;140301
2025-08;2025;08;Aveiro;Santa Maria da Feira;ACC;4;01;0109;010901
2025-08;2025;08;Porto;Paços de Ferreira;ACC;1;13;1309;130904
2025-08;2025;08;Aveiro;Aveiro;ACC;1;01;0105;010515
2025-08;2025;08;Braga;Braga;ACC;1;03;0303;030313
2025-08;2025;08;Porto;Vila do Conde;ACC;1;13;1316;131610
2025-08;2025;08;Guarda;Guarda;ACC;1;09;0907;090758
2025-08;2025;08;Leiria;Pombal;ACC;2;10;1015;101509
2025-08;2025;08;Santarém;Torres Novas;ACC;1;14;1419;141910
2025-08;2025;08;Setúbal;Santiago do Cacém;ACC;1;15;1509;150907
2024-02;2024;02;Porto;Santo Tirso;ACC;1;13;1314;131437
2024-02;2024;02;Braga;Barcelos;ACC;1;03;0302;030283
2024-02;2024;02;Leiria;Pombal;ACC;1;10;1015;101505
2025-02;2025;02;Leiria;Batalha;ACC;1;10;1004;100401
2025-02;2025;02;Aveiro;Albergaria-a-Velha;ACC;1;01;0102;010204
2025-02;2025;02;Évora;Évora;ACC;1;07;0705;070515
2025-02;2025;02;Aveiro;Ílhavo;ACC;1;01;0110;011008
2025-02;2025;02;Aveiro;Espinho;ACC;1;01;0107;010704
2025-02;2025;02;Aveiro;Águeda;ACC;1;01;0101;010121
2025-02;2025;02;Porto;Paços de Ferreira;ACC;3;13;1309;130902
2025-02;2025;02;Porto;Maia;ACC;1;13;1306;130619
2025-02;2025;02;Porto;Marco de Canaveses;ACC;2;13;1307;130736
2025-02;2025;02;Porto;Paredes;ACC;1;13;1310;131025
2025-02;2025;02;Lisboa;Lisboa;ACC;2;11;1106;110662
2025-02;2025;02;Braga;Barcelos;ACC;1;03;0302;030261
2025-02;2025;02;Braga;Vila Nova de Famalicão;ACC;2;03;0312;031233
2025-02;2025;02;Viana do Castelo;Viana do Castelo;ACC;1;16;1609;160923
2025-02;2025;02;Viseu;Sátão;ACC;1;18;1817;181710
2025-02;2025;02;Braga;Esposende;ACC;1;03;0306;030616
2025-02;2025;02;Lisboa;Loures;ACC;2;11;1107;110728
2024-02;2024;02;Porto;Vila Nova de Gaia;ACC;1;13;1317;131728
2025-02;2025;02;Porto;Matosinhos;ACC;1;13;1308;130812
2025-02;2025;02;Portalegre;Ponte de Sor;ACC;2;12;1213;121308
2024-01;2024;01;Bragança;Miranda do douro;ACC;1;04;0406;040608
2025-01;2025;01;Lisboa;Amadora;ACC;1;11;1115;111513
2025-01;2025;01;Lisboa;Lisboa;ACC;1;11;1106;110658
2025-01;2025;01;Leiria;Pombal;ACC;1;10;1015;101505
2025-01;2025;01;Lisboa;Amadora;ACC;1;11;1115;111515
2025-01;2025;01;Braga;Vila Nova de Famalicão;ACC;1;03;0312;031219
2025-01;2025;01;Faro;Loulé;ACC;1;08;0808;080809
2025-01;2025;01;Porto;Marco de Canaveses;ACC;2;13;1307;130736
2025-01;2025;01;Lisboa;Amadora;ACC;1;11;1115;111516
2025-01;2025;01;Santarém;Salvaterra de Magos;ACC;1;14;1415;141503
2025-01;2025;01;Braga;Braga;CER;1;03;0303;030331
2025-01;2025;01;Leiria;Peniche;ACC;1;10;1014;101407
2025-01;2025;01;Santarém;Santarém;ACC;1;14;1416;141614
2025-01;2025;01;Setúbal;Sesimbra;ACC;1;15;1511;151103
2025-01;2025;01;Aveiro;Aveiro;ACC;1;01;0105;010516
2025-01;2025;01;Braga;Vila Nova de Famalicão;ACC;2;03;0312;031233
2025-01;2025;01;Setúbal;Setúbal;ACC;1;15;1512;151208
2025-01;2025;01;Viana do Castelo;Viana do Castelo;ACC;1;16;1609;160928
2025-01;2025;01;Setúbal;Santiago do Cacém;ACC;1;15;1509;150907
2025-01;2025;01;Coimbra;Coimbra;ACC;2;06;0603;060318
2025-01;2025;01;Porto;Vila Nova de Gaia;ACC;1;13;1317;131717
2025-01;2025;01;Lisboa;Torres Vedras;ACC;2;11;1113;111314
2025-01;2025;01;Porto;Porto;ACC;1;13;1312;131216
2025-01;2025;01;Braga;Guimarães;ACC;1;03;0308;030878
2025-01;2025;01;Braga;Barcelos;ACC;2;03;0302;030293
2025-01;2025;01;Setúbal;Moita;ACC;3;15;1506;150607
2025-01;2025;01;Portalegre;Nisa;ACC;1;12;1212;121212
2025-01;2025;01;Porto;Gondomar;ACC;2;13;1304;130413
2025-01;2025;01;Porto;Vila Nova de Gaia;ACC;1;13;1317;131725
2025-01;2025;01;Vila Real;Peso da Régua;ACC;1;17;1708;170816
2023-07;2023;07;Braga;Braga;CER;1;03;0303;030331
2024-07;2024;07;Braga;Guimarães;ACC;2;03;0308;030807
2024-07;2024;07;Coimbra;Montemor-o-Velho;ACC;1;06;0610;061003
2024-07;2024;07;Porto;Vila do Conde;ACC;1;13;1316;131611
2024-07;2024;07;Castelo Branco;Idanha-a-Nova;ACC;1;05;0505;050505
2025-01;2025;01;Aveiro;Santa Maria da Feira;ACC;1;01;0109;010935
2025-02;2025;02;Braga;Braga;ACC;1;03;0303;030371
2023-07;2023;07;Castelo Branco;Fundão;ACC;1;05;0504;050434
2025-02;2025;02;Setúbal;Grândola;ACC;2;15;1505;150506
2025-02;2025;02;Évora;Évora;ACC;5;07;0705;070524
2025-01;2025;01;Santarém;Alcanena;ACC;1;14;1402;140212
2025-02;2025;02;Leiria;Leiria;ACC;1;10;1009;100935
2025-02;2025;02;Lisboa;Oeiras;ACC;1;11;1110;111014
2025-02;2025;02;Santarém;Santarém;ACC;1;14;1416;141632
2025-02;2025;02;Lisboa;Loures;ACC;2;11;1107;110727
2025-01;2025;01;Porto;Vila Nova de Gaia;ACC;1;13;1317;131729
2025-01;2025;01;Coimbra;Coimbra;ACC;1;06;0603;060336
2025-02;2025;02;Porto;Vila Nova de Gaia;ACC;2;13;1317;131730
2025-01;2025;01;Porto;Vila Nova de Gaia;ACC;1;13;1317;131730
2025-02;2025;02;Coimbra;Coimbra;ACC;1;06;0603;060338
2025-02;2025;02;Faro;Tavira;ACC;1;08;0814;081412
2024-01;2024;01;Porto;Felgueiras;ACC;1;13;1303;130341
2025-01;2025;01;Porto;Felgueiras;ACC;1;13;1303;130341
2025-01;2025;01;Viana do Castelo;Arcos de Valdevez;ACC;1;16;1601;160149
2025-02;2025;02;Braga;Vila Verde;ACC;1;03;0313;031342
2025-01;2025;01;Braga;Vila Verde;ACC;1;03;0313;031342
2025-02;2025;02;Castelo Branco;Vila de Rei;ACC;1;05;0510;051003
2025-02;2025;02;Lisboa;Cadaval;ACC;1;11;1104;110410
2024-07;2024;07;Viseu;Viseu;ACC;1;18;1823;182301
2025-01;2025;01;Leiria;Alcobaça;ACC;1;10;1001;100120
2024-07;2024;07;Santarém;Benavente;ACC;1;14;1405;140504
2024-07;2024;07;Bragança;Miranda do douro;ACC;1;04;0406;040608
2024-07;2024;07;Braga;Barcelos;ACC;1;03;0302;030292
2024-07;2024;07;Braga;Guimarães;ACC;1;03;0308;030881
2024-07;2024;07;Porto;Felgueiras;ACC;1;13;1303;130335
2024-07;2024;07;Évora;Montemor-o-Novo;ACC;1;07;0706;070612
2024-07;2024;07;Lisboa;Odivelas;ACC;2;11;1116;111608
2024-07;2024;07;Setúbal;Setúbal;ACC;2;15;1512;151210
2024-07;2024;07;Lisboa;Sintra;ACC;1;11;1111;111128
2024-07;2024;07;Coimbra;Coimbra;ACC;1;06;0603;060338
2024-07;2024;07;Faro;Tavira;ACC;1;08;0814;081412
2024-07;2024;07;Viana do Castelo;Arcos de Valdevez;ACC;1;16;1601;160149
2025-07;2025;07;Santarém;Rio Maior;ACC;1;14;1414;141401
2025-07;2025;07;Porto;Valongo;ACC;1;13;1315;131501
2025-07;2025;07;Faro;Loulé;ACC;3;08;0808;080801
2025-07;2025;07;Aveiro;Santa Maria da Feira;ACC;4;01;0109;010901
2025-07;2025;07;Lisboa;Arruda dos Vinhos;ACC;2;11;1102;110202
2025-07;2025;07;Porto;Marco de Canaveses;ACC;1;13;1307;130734
2025-07;2025;07;Portalegre;Portalegre;ACC;1;12;1214;121404
2025-07;2025;07;Braga;Vila Nova de Famalicão;ACC;1;03;0312;031219
2025-07;2025;07;Lisboa;Alenquer;ACC;1;11;1101;110119
2025-07;2025;07;Braga;Barcelos;ACC;1;03;0302;030292
2025-07;2025;07;Aveiro;Estarreja;ACC;1;01;0108;010808
2025-07;2025;07;Braga;Celorico de Basto;ACC;1;03;0305;030523
2025-07;2025;07;Évora;Évora;ACC;5;07;0705;070524
2025-07;2025;07;Leiria;Pombal;ACC;1;10;1015;101519
2025-07;2025;07;Coimbra;Coimbra;ACC;1;06;0603;060340
2025-07;2025;07;Braga;Barcelos;ACC;1;03;0302;0302FH
2025-07;2025;07;Braga;Vila Verde;ACC;1;03;0313;031342
2025-07;2025;07;Porto;Vila do Conde;ACC;1;13;1316;131628
2025-07;2025;07;Faro;Vila Real de Santo António;ACC;1;08;0816;081602
2023-06;2023;06;Santarém;Ourém;ACC;1;14;1421;142115
2024-06;2024;06;Lisboa;Sintra;ACC;1;11;1111;111102
2024-06;2024;06;Coimbra;Figueira da Foz;ACC;1;06;0605;060520
2025-07;2025;07;Leiria;Marinha Grande;ACC;3;10;1010;101001
2024-07;2024;07;Bragança;Mirandela;ACC;1;04;0407;040720
2025-07;2025;07;Santarém;Salvaterra de Magos;ACC;1;14;1415;141503
2025-07;2025;07;Braga;Guimarães;ACC;1;03;0308;030832
2024-07;2024;07;Porto;Paços de Ferreira;ACC;1;13;1309;130918
2025-07;2025;07;Porto;Paços de Ferreira;ACC;1;13;1309;130918
2025-07;2025;07;Porto;Porto;ACC;1;13;1312;131210
2024-07;2024;07;Leiria;Pombal;ACC;1;10;1015;101508
2024-07;2024;07;Santarém;Santarém;ACC;1;14;1416;141614
2025-07;2025;07;Braga;Guimarães;ACC;2;03;0308;030837
2024-07;2024;07;Setúbal;Sesimbra;ACC;1;15;1511;151103
2025-07;2025;07;Porto;Porto;ACC;2;13;1312;131211
2025-07;2025;07;Aveiro;Aveiro;ACC;1;01;0105;010516
2025-07;2025;07;Viseu;Viseu;ACC;2;18;1823;182323
2025-07;2025;07;Braga;Guimarães;ACC;1;03;0308;030858
2025-07;2025;07;Aveiro;Santa Maria da Feira;ACC;2;01;0109;010925
2024-07;2024;07;Setúbal;Santiago do Cacém;ACC;1;15;1509;150907
2024-07;2024;07;Coimbra;Coimbra;ACC;2;06;0603;060318
2024-07;2024;07;Viseu;Sátão;ACC;1;18;1817;181710
2025-07;2025;07;Braga;Vila Verde;ACC;1;03;0313;031354
2025-07;2025;07;Porto;Póvoa de Varzim;ACC;1;13;1313;131314
2025-07;2025;07;Braga;Guimarães;ACC;1;03;0308;030801
2025-07;2025;07;Braga;Fafe;ACC;1;03;0307;030730
2025-07;2025;07;Évora;Évora;ACC;1;07;0705;070515
2025-07;2025;07;Coimbra;Miranda do Corvo;ACC;1;06;0609;060902
2025-07;2025;07;Lisboa;Lisboa;ACC;2;11;1106;110661
2025-07;2025;07;Porto;Santo Tirso;ACC;1;13;1314;131413
2025-07;2025;07;Aveiro;Santa Maria da Feira;ACC;1;01;0109;010916
2025-07;2025;07;Aveiro;Oliveira do Bairro;ACC;1;01;0114;011403
2025-07;2025;07;Lisboa;Lisboa;ACC;1;11;1106;110665
2025-07;2025;07;Évora;Évora;ACC;1;07;0705;070506
2025-07;2025;07;Castelo Branco;Proença-a-Nova;ACC;1;05;0508;050807
2025-07;2025;07;Viseu;Viseu;ACC;1;18;1823;182341
2025-06;2025;06;Bragança;Mirandela;ACC;1;04;0407;040720
2025-06;2025;06;Bragança;Miranda do douro;ACC;1;04;0406;040608
2025-06;2025;06;Setúbal;Moita;ACC;2;15;1506;150603
2024-06;2024;06;Porto;Porto;ACC;1;13;1312;131210
2024-06;2024;06;Braga;Guimarães;ACC;1;03;0308;030837
2024-06;2024;06;Lisboa;Lisboa;ACC;1;11;1106;110639
2024-06;2024;06;Braga;Braga;ACC;1;03;0303;030354
2024-06;2024;06;Portalegre;Portalegre;ACC;1;12;1214;121413
2024-06;2024;06;Lisboa;Loures;ACC;1;11;1107;110729
2024-06;2024;06;Setúbal;Setúbal;ACC;1;15;1512;151210
2024-06;2024;06;Coimbra;Coimbra;ACC;1;06;0603;060338
2024-06;2024;06;Braga;Barcelos;ACC;1;03;0302;030283
2025-06;2025;06;Aveiro;Albergaria-a-Velha;ACC;1;01;0102;010209
2025-06;2025;06;Santarém;Benavente;ACC;1;14;1405;140501
2025-06;2025;06;Porto;Porto;ACC;2;13;1312;131203
2025-06;2025;06;Santarém;Ourém;ACC;1;14;1421;142104
2025-06;2025;06;Porto;Porto;ACC;1;13;1312;131210
2025-06;2025;06;Porto;Porto;ACC;2;13;1312;131211
2025-06;2025;06;Viseu;Viseu;ACC;2;18;1823;182323
2025-06;2025;06;Lisboa;Torres Vedras;ACC;1;11;1113;111326
2025-06;2025;06;Coimbra;Tábua;ACC;2;06;0616;061614
2025-06;2025;06;Castelo Branco;Fundão;ACC;1;05;0504;050434
2025-06;2025;06;Lisboa;Odivelas;ACC;1;11;1116;111609
2025-06;2025;06;Portalegre;Portalegre;ACC;1;12;1214;121413
2025-06;2025;06;Santarém;Santarém;ACC;1;14;1416;141632
2025-06;2025;06;Lisboa;Loures;ACC;2;11;1107;110727
2025-06;2025;06;Braga;Guimarães;ACC;1;03;0308;030889
2025-06;2025;06;Coimbra;Coimbra;ACC;1;06;0603;060339
2023-05;2023;05;Lisboa;Lisboa;ACC;1;11;1106;110618
2024-05;2024;05;Lisboa;Sintra;ACC;1;11;1111;111102
2024-05;2024;05;Santarém;Alpiarça;ACC;1;14;1404;140401
2024-05;2024;05;Braga;Barcelos;ACC;1;03;0302;030208
2024-05;2024;05;Lisboa;Arruda dos Vinhos;ACC;2;11;1102;110202
2024-05;2024;05;Bragança;Mirandela;ACC;1;04;0407;040720
2024-05;2024;05;Braga;Barcelos;ACC;1;03;0302;030261
2024-05;2024;05;Setúbal;Santiago do Cacém;ACC;1;15;1509;150907
2024-05;2024;05;Braga;Vila Verde;ACC;1;03;0313;031354
2024-05;2024;05;Porto;Póvoa de Varzim;ACC;1;13;1313;131314
2024-06;2024;06;Setúbal;Seixal;ACC;5;15;1510;151005
2025-06;2025;06;Porto;Valongo;ACC;3;13;1315;131503
2024-05;2024;05;Lisboa;Alenquer;ACC;1;11;1101;110119
2025-06;2025;06;Braga;Celorico de Basto;ACC;1;03;0305;030523
2025-06;2025;06;Porto;Gondomar;ACC;2;13;1304;130413
2024-06;2024;06;Porto;Vila Nova de Gaia;ACC;1;13;1317;131725
2025-06;2025;06;Bragança;Bragança;ACC;1;04;0402;040252
2024-06;2024;06;Leiria;Leiria;ACC;1;10;1009;100933
2025-06;2025;06;Porto;Porto;ACC;2;13;1312;131218
2024-06;2024;06;Braga;Braga;ACC;1;03;0303;030374
2025-06;2025;06;Braga;Braga;ACC;1;03;0303;030377
2025-06;2025;06;Porto;Valongo;ACC;1;13;1315;131501
2025-06;2025;06;Porto;Gondomar;ACC;3;13;1304;130412
2025-06;2025;06;Porto;Vila do Conde;ACC;1;13;1316;131611
2025-06;2025;06;Faro;Loulé;ACC;1;08;0808;080809
2025-06;2025;06;Coimbra;Coimbra;ACC;1;06;0603;060333
2025-06;2025;06;Lisboa;Cascais;ACC;1;11;1105;110507
2025-06;2025;06;Évora;Estremoz;ACC;1;07;0704;070414
2025-06;2025;06;Leiria;Leiria;ACC;1;10;1009;100936
2024-05;2024;05;Braga;Vila Verde;ACC;1;03;0313;031363
2024-05;2024;05;Braga;Braga;ACC;1;03;0303;030374
2025-05;2025;05;Setúbal;Seixal;ACC;2;15;1510;151002
2025-05;2025;05;Aveiro;Santa Maria da Feira;ACC;1;01;0109;010902
2025-05;2025;05;Coimbra;Montemor-o-Velho;ACC;1;06;0610;061003
2025-05;2025;05;Braga;Fafe;ACC;1;03;0307;030708
2025-05;2025;05;Portalegre;Portalegre;ACC;1;12;1214;121404
2025-05;2025;05;Viseu;Tondela;ACC;1;18;1821;182108
2025-05;2025;05;Porto;Marco de Canaveses;ACC;2;13;1307;130736
2025-05;2025;05;Porto;Maia;ACC;3;13;1306;130609
2025-05;2025;05;Porto;Trofa;ACC;1;13;1318;131810
2025-05;2025;05;Braga;Celorico de Basto;ACC;1;03;0305;030523
2025-05;2025;05;Lisboa;Loures;ACC;1;11;1107;110731
2025-05;2025;05;Setúbal;Almada;ACC;3;15;1503;150314
2025-05;2025;05;Braga;Braga;ACC;1;03;0303;030370
2025-05;2025;05;Porto;Gondomar;ACC;2;13;1304;130413
2025-05;2025;05;Porto;Gondomar;ACC;1;13;1304;130415
2025-05;2025;05;Braga;Braga;ACC;1;03;0303;030377
2025-05;2025;05;Portalegre;Ponte de Sor;ACC;2;12;1213;121308
2025-05;2025;05;Aveiro;Oliveira de Azeméis;ACC;1;01;0113;011319
2025-05;2025;05;Lisboa;Cadaval;ACC;1;11;1104;110410
2024-03;2024;03;Castelo Branco;Fundão;ACC;1;05;0504;050434
2024-03;2024;03;Braga;Barcelos;ACC;1;03;0302;030208
2024-03;2024;03;Coimbra;Figueira da Foz;ACC;1;06;0605;060520
2024-03;2024;03;Porto;Paços de Ferreira;ACC;1;13;1309;130902
2024-03;2024;03;Porto;Maia;ACC;1;13;1306;130618
2024-03;2024;03;Braga;Braga;ACC;1;03;0303;030377
2024-03;2024;03;Porto;Vila Nova de Gaia;ACC;1;13;1317;131728
2024-03;2024;03;Lisboa;Odivelas;ACC;2;11;1116;111608
2025-03;2025;03;Viseu;Viseu;ACC;1;18;1823;182301
2025-03;2025;03;Santarém;Almeirim;ACC;1;14;1403;140301
2025-03;2025;03;Faro;Portimão;ACC;1;08;0811;081101
2025-03;2025;03;Lisboa;Arruda dos Vinhos;ACC;2;11;1102;110202
2025-03;2025;03;Faro;Aljezur;ACC;1;08;0803;080302
2024-05;2024;05;Aveiro;Águeda;ACC;1;01;0101;010124
2025-05;2025;05;Portalegre;Portalegre;ACC;1;12;1214;121413
2024-05;2024;05;Setúbal;Seixal;ACC;1;15;1510;151007
2025-05;2025;05;Setúbal;Setúbal;ACC;2;15;1512;151210
2024-05;2024;05;Leiria;Caldas da Rainha;ACC;2;10;1006;100619
2025-05;2025;05;Lisboa;Amadora;ACC;1;11;1115;111513
2025-05;2025;05;Porto;Maia;ACC;1;13;1306;130619
2025-05;2025;05;Porto;Vila do Conde;ACC;1;13;1316;131614
2025-05;2025;05;Lisboa;Lisboa;ACC;2;11;1106;110661
2025-05;2025;05;Coimbra;Penacova;ACC;1;06;0613;061307
2025-05;2025;05;Setúbal;Sesimbra;ACC;1;15;1511;151103
2025-05;2025;05;Santarém;Tomar;ACC;1;14;1418;141813
2025-05;2025;05;Guarda;Sabugal;ACC;1;09;0911;091134
2025-05;2025;05;Braga;Guimarães;ACC;1;03;0308;030889
2025-05;2025;05;Coimbra;Coimbra;ACC;1;06;0603;060339
2025-05;2025;05;Faro;Tavira;ACC;1;08;0814;081412
2025-03;2025;03;Lisboa;Loures;ACC;1;11;1107;110702
2025-03;2025;03;Porto;Maia;ACC;1;13;1306;130619
2025-03;2025;03;Porto;Póvoa de Varzim;ACC;1;13;1313;131308
2025-03;2025;03;Coimbra;Miranda do Corvo;ACC;1;06;0609;060902
2025-03;2025;03;Braga;Guimarães;ACC;1;03;0308;030832
2025-03;2025;03;Setúbal;Sesimbra;ACC;1;15;1511;151103
2025-03;2025;03;Viseu;Viseu;ACC;2;18;1823;182323
2025-03;2025;03;Lisboa;Torres Vedras;ACC;1;11;1113;111326
2025-03;2025;03;Viana do Castelo;Viana do Castelo;ACC;1;16;1609;160923
2025-03;2025;03;Porto;Amarante;ACC;1;13;1301;130135
2025-03;2025;03;Porto;Póvoa de Varzim;ACC;1;13;1313;131314
2025-03;2025;03;Braga;Barcelos;ACC;2;03;0302;030293
2025-03;2025;03;Braga;Braga;ACC;1;03;0303;030370
2025-03;2025;03;Leiria;Leiria;ACC;4;10;1009;100934
2025-03;2025;03;Castelo Branco;Proença-a-Nova;ACC;1;05;0508;050807
2025-03;2025;03;Braga;Braga;ACC;1;03;0303;030379
2025-03;2025;03;Braga;Guimarães;ACC;1;03;0308;030889
2025-03;2025;03;Leiria;Caldas da Rainha;ACC;2;10;1006;100619
2024-11;2024;11;Setúbal;Setúbal;ACC;2;15;1512;151210
2025-03;2025;03;Aveiro;Albergaria-a-Velha;ACC;1;01;0102;010204
2025-03;2025;03;Aveiro;Aveiro;ACC;2;01;0105;010505
2025-03;2025;03;Porto;Paços de Ferreira;ACC;1;13;1309;130917
2025-03;2025;03;Braga;Guimarães;ACC;1;03;0308;030820
2025-03;2025;03;Viseu;Tondela;ACC;1;18;1821;182108
2025-03;2025;03;Leiria;Peniche;ACC;1;10;1014;101407
2025-03;2025;03;Braga;Guimarães;ACC;1;03;0308;030858
2025-03;2025;03;Braga;Braga;ACC;1;03;0303;030354
2024-11;2024;11;Porto;Porto;ACC;1;13;1312;131216
2025-03;2025;03;Lisboa;Vila Franca de Xira;ACC;2;11;1114;111413
2025-03;2025;03;Coimbra;Coimbra;ACC;1;06;0603;060333
2025-03;2025;03;Braga;Guimarães;ACC;1;03;0308;030881
2025-03;2025;03;Santarém;Alcanena;ACC;1;14;1402;140212
2025-03;2025;03;Évora;Évora;ACC;1;07;0705;070525
2025-03;2025;03;Lisboa;Amadora;ACC;1;11;1115;111517
2025-03;2025;03;Castelo Branco;Vila de Rei;ACC;1;05;0510;051003
2025-03;2025;03;Porto;Vila do Conde;ACC;1;13;1316;131628
2023-10;2023;10;Castelo Branco;Fundão;ACC;1;05;0504;050434
2024-09;2024;09;Aveiro;Albergaria-a-Velha;ACC;1;01;0102;010204
2024-09;2024;09;Leiria;Leiria;ACC;1;10;1009;100907
2024-09;2024;09;Coimbra;Montemor-o-Velho;ACC;1;06;0610;061003
2024-09;2024;09;Leiria;Pombal;ACC;1;10;1015;101505
2024-09;2024;09;Porto;Paredes;ACC;1;13;1310;131025
2024-09;2024;09;Setúbal;Sesimbra;ACC;1;15;1511;151103
2024-09;2024;09;Braga;Vila Nova de Famalicão;ACC;2;03;0312;031233
2024-09;2024;09;Lisboa;Sintra;ACC;3;11;1111;111108
2024-09;2024;09;Faro;Silves;ACC;1;08;0813;081305
2024-09;2024;09;Braga;Guimarães;ACC;2;03;0308;030854
2024-09;2024;09;Lisboa;Vila Franca de Xira;ACC;1;11;1114;111413
2024-09;2024;09;Braga;Celorico de Basto;ACC;1;03;0305;030523
2024-09;2024;09;Braga;Vila Verde;ACC;1;03;0313;031363
2024-09;2024;09;Porto;Matosinhos;ACC;1;13;1308;130812
2024-09;2024;09;Lisboa;Cadaval;ACC;1;11;1104;110413
2024-09;2024;09;Viseu;Viseu;ACC;1;18;1823;182301
2024-09;2024;09;Leiria;Caldas da Rainha;ACC;1;10;1006;100602
2024-09;2024;09;Aveiro;Santa Maria da Feira;ACC;3;01;0109;010901
2024-09;2024;09;Aveiro;Santa Maria da Feira;ACC;1;01;0109;010902
2024-09;2024;09;Guarda;Guarda;ACC;1;09;0907;090706
2024-09;2024;09;Lisboa;Arruda dos Vinhos;ACC;3;11;1102;110202
2024-09;2024;09;Porto;Vila do Conde;ACC;2;13;1316;131602
2024-09;2024;09;Lisboa;Amadora;ACC;1;11;1115;111516
2024-09;2024;09;Coimbra;Coimbra;ACC;1;06;0603;060339
2024-09;2024;09;Braga;Vila Verde;ACC;1;03;0313;031342
2024-09;2024;09;Setúbal;Setúbal;ACC;2;15;1512;151210
2024-09;2024;09;Castelo Branco;Vila de Rei;ACC;1;05;0510;051003
2024-09;2024;09;Porto;Vila do Conde;ACC;1;13;1316;131628
2024-09;2024;09;Lisboa;Cadaval;ACC;1;11;1104;110410
